method,scope,image_index,sample_id,n_pairs,l_correct,j_correct,l_correct_j_wrong,l_wrong_j_correct,both_correct,both_wrong,l_tie,j_tie,l_correct_rate,j_correct_rate,l_correct_j_wrong_rate,l_wrong_j_correct_rate
A1,image,0,pcb1/Data/Images/Normal/0107.JPG,0,0,0,0,0,0,0,0,0,,,,
A1,image,1,pcb1/Data/Images/Normal/0484.JPG,0,0,0,0,0,0,0,0,0,,,,
A1,image,2,pcb1/Data/Images/Normal/0690.JPG,0,0,0,0,0,0,0,0,0,,,,
A1,image,3,pcb1/Data/Images/Normal/0303.JPG,0,0,0,0,0,0,0,0,0,,,,
A1,image,4,pcb1/Data/Images/Normal/0237.JPG,0,0,0,0,0,0,0,0,0,,,,
A1,image,5,pcb1/Data/Images/Normal/0394.JPG,0,0,0,0,0,0,0,0,0,,,,
A1,image,6,pcb1/Data/Images/Normal/0214.JPG,0,0,0,0,0,0,0,0,0,,,,
A1,image,7,pcb1/Data/Images/Normal/0989.JPG,0,0,0,0,0,0,0,0,0,,,,
A1,image,8,pcb1/Data/Images/Normal/0657.JPG,0,0,0,0,0,0,0,0,0,,,,
A1,image,9,pcb1/Data/Images/Normal/0377.JPG,0,0,0,0,0,0,0,0,0,,,,
A1,image,10,pcb1/Data/Images/Normal/0659.JPG,0,0,0,0,0,0,0,0,0,,,,
A1,image,11,pcb1/Data/Images/Normal/0514.JPG,0,0,0,0,0,0,0,0,0,,,,
A1,image,12,pcb1/Data/Images/Normal/0617.JPG,0,0,0,0,0,0,0,0,0,,,,
A1,image,13,pcb1/Data/Images/Normal/0725.JPG,0,0,0,0,0,0,0,0,0,,,,
A1,image,14,pcb1/Data/Images/Normal/0172.JPG,0,0,0,0,0,0,0,0,0,,,,
A1,image,15,pcb1/Data/Images/Normal/1000.JPG,0,0,0,0,0,0,0,0,0,,,,
A1,image,16,pcb1/Data/Images/Normal/0483.JPG,0,0,0,0,0,0,0,0,0,,,,
A1,image,17,pcb1/Data/Images/Normal/0654.JPG,0,0,0,0,0,0,0,0,0,,,,
A1,image,18,pcb1/Data/Images/Normal/0400.JPG,0,0,0,0,0,0,0,0,0,,,,
A1,image,19,pcb1/Data/Images/Normal/0469.JPG,0,0,0,0,0,0,0,0,0,,,,
A1,image,20,pcb1/Data/Images/Normal/0525.JPG,0,0,0,0,0,0,0,0,0,,,,
A1,image,21,pcb1/Data/Images/Normal/0170.JPG,0,0,0,0,0,0,0,0,0,,,,
A1,image,22,pcb1/Data/Images/Normal/0631.JPG,0,0,0,0,0,0,0,0,0,,,,
A1,image,23,pcb1/Data/Images/Normal/0685.JPG,0,0,0,0,0,0,0,0,0,,,,
A1,image,24,pcb1/Data/Images/Normal/0320.JPG,0,0,0,0,0,0,0,0,0,,,,
A1,image,25,pcb1/Data/Images/Normal/0869.JPG,0,0,0,0,0,0,0,0,0,,,,
A1,image,26,pcb1/Data/Images/Normal/0423.JPG,0,0,0,0,0,0,0,0,0,,,,
A1,image,27,pcb1/Data/Images/Normal/0417.JPG,0,0,0,0,0,0,0,0,0,,,,
A1,image,28,pcb1/Data/Images/Normal/0751.JPG,0,0,0,0,0,0,0,0,0,,,,
A1,image,29,pcb1/Data/Images/Normal/0764.JPG,0,0,0,0,0,0,0,0,0,,,,
A1,image,30,pcb1/Data/Images/Normal/0971.JPG,0,0,0,0,0,0,0,0,0,,,,
A1,image,31,pcb1/Data/Images/Normal/0730.JPG,0,0,0,0,0,0,0,0,0,,,,
A1,image,32,pcb1/Data/Images/Normal/0306.JPG,0,0,0,0,0,0,0,0,0,,,,
A1,image,33,pcb1/Data/Images/Normal/0011.JPG,0,0,0,0,0,0,0,0,0,,,,
A1,image,34,pcb1/Data/Images/Normal/0215.JPG,0,0,0,0,0,0,0,0,0,,,,
A1,image,35,pcb1/Data/Images/Normal/0159.JPG,0,0,0,0,0,0,0,0,0,,,,
A1,image,36,pcb1/Data/Images/Normal/0629.JPG,0,0,0,0,0,0,0,0,0,,,,
A1,image,37,pcb1/Data/Images/Normal/0694.JPG,0,0,0,0,0,0,0,0,0,,,,
A1,image,38,pcb1/Data/Images/Normal/0518.JPG,0,0,0,0,0,0,0,0,0,,,,
A1,image,39,pcb1/Data/Images/Normal/0940.JPG,0,0,0,0,0,0,0,0,0,,,,
A1,image,40,pcb1/Data/Images/Normal/0026.JPG,0,0,0,0,0,0,0,0,0,,,,
A1,image,41,pcb1/Data/Images/Normal/0844.JPG,0,0,0,0,0,0,0,0,0,,,,
A1,image,42,pcb1/Data/Images/Normal/0957.JPG,0,0,0,0,0,0,0,0,0,,,,
A1,image,43,pcb1/Data/Images/Normal/0900.JPG,0,0,0,0,0,0,0,0,0,,,,
A1,image,44,pcb1/Data/Images/Normal/0402.JPG,0,0,0,0,0,0,0,0,0,,,,
A1,image,45,pcb1/Data/Images/Normal/0621.JPG,0,0,0,0,0,0,0,0,0,,,,
A1,image,46,pcb1/Data/Images/Normal/0294.JPG,0,0,0,0,0,0,0,0,0,,,,
A1,image,47,pcb1/Data/Images/Normal/0016.JPG,0,0,0,0,0,0,0,0,0,,,,
A1,image,48,pcb1/Data/Images/Normal/0046.JPG,0,0,0,0,0,0,0,0,0,,,,
A1,image,49,pcb1/Data/Images/Normal/0705.JPG,0,0,0,0,0,0,0,0,0,,,,
A1,image,50,pcb1/Data/Images/Normal/0208.JPG,0,0,0,0,0,0,0,0,0,,,,
A1,image,51,pcb1/Data/Images/Normal/0674.JPG,0,0,0,0,0,0,0,0,0,,,,
A1,image,52,pcb1/Data/Images/Normal/0427.JPG,0,0,0,0,0,0,0,0,0,,,,
A1,image,53,pcb1/Data/Images/Normal/0552.JPG,0,0,0,0,0,0,0,0,0,,,,
A1,image,54,pcb1/Data/Images/Normal/0804.JPG,0,0,0,0,0,0,0,0,0,,,,
A1,image,55,pcb1/Data/Images/Normal/0333.JPG,0,0,0,0,0,0,0,0,0,,,,
A1,image,56,pcb1/Data/Images/Normal/0027.JPG,0,0,0,0,0,0,0,0,0,,,,
A1,image,57,pcb1/Data/Images/Normal/0100.JPG,0,0,0,0,0,0,0,0,0,,,,
A1,image,58,pcb1/Data/Images/Normal/0800.JPG,0,0,0,0,0,0,0,0,0,,,,
A1,image,59,pcb1/Data/Images/Normal/0923.JPG,0,0,0,0,0,0,0,0,0,,,,
A1,image,60,pcb1/Data/Images/Normal/0755.JPG,0,0,0,0,0,0,0,0,0,,,,
A1,image,61,pcb1/Data/Images/Normal/0013.JPG,0,0,0,0,0,0,0,0,0,,,,
A1,image,62,pcb1/Data/Images/Normal/0297.JPG,0,0,0,0,0,0,0,0,0,,,,
A1,image,63,pcb1/Data/Images/Normal/0768.JPG,0,0,0,0,0,0,0,0,0,,,,
A1,image,64,pcb1/Data/Images/Normal/0457.JPG,0,0,0,0,0,0,0,0,0,,,,
A1,image,65,pcb1/Data/Images/Normal/0520.JPG,0,0,0,0,0,0,0,0,0,,,,
A1,image,66,pcb1/Data/Images/Normal/0952.JPG,0,0,0,0,0,0,0,0,0,,,,
A1,image,67,pcb1/Data/Images/Normal/0871.JPG,0,0,0,0,0,0,0,0,0,,,,
A1,image,68,pcb1/Data/Images/Normal/0811.JPG,0,0,0,0,0,0,0,0,0,,,,
A1,image,69,pcb1/Data/Images/Normal/0174.JPG,0,0,0,0,0,0,0,0,0,,,,
A1,image,70,pcb1/Data/Images/Normal/0648.JPG,0,0,0,0,0,0,0,0,0,,,,
A1,image,71,pcb1/Data/Images/Normal/0261.JPG,0,0,0,0,0,0,0,0,0,,,,
A1,image,72,pcb1/Data/Images/Normal/0784.JPG,0,0,0,0,0,0,0,0,0,,,,
A1,image,73,pcb1/Data/Images/Normal/0935.JPG,0,0,0,0,0,0,0,0,0,,,,
A1,image,74,pcb1/Data/Images/Normal/0286.JPG,0,0,0,0,0,0,0,0,0,,,,
A1,image,75,pcb1/Data/Images/Normal/0779.JPG,0,0,0,0,0,0,0,0,0,,,,
A1,image,76,pcb1/Data/Images/Normal/0363.JPG,0,0,0,0,0,0,0,0,0,,,,
A1,image,77,pcb1/Data/Images/Normal/0619.JPG,0,0,0,0,0,0,0,0,0,,,,
A1,image,78,pcb1/Data/Images/Normal/0024.JPG,0,0,0,0,0,0,0,0,0,,,,
A1,image,79,pcb1/Data/Images/Normal/0735.JPG,0,0,0,0,0,0,0,0,0,,,,
A1,image,80,pcb1/Data/Images/Normal/0688.JPG,0,0,0,0,0,0,0,0,0,,,,
A1,image,81,pcb1/Data/Images/Normal/0796.JPG,0,0,0,0,0,0,0,0,0,,,,
A1,image,82,pcb1/Data/Images/Normal/0178.JPG,0,0,0,0,0,0,0,0,0,,,,
A1,image,83,pcb1/Data/Images/Normal/0797.JPG,0,0,0,0,0,0,0,0,0,,,,
A1,image,84,pcb1/Data/Images/Normal/0920.JPG,0,0,0,0,0,0,0,0,0,,,,
A1,image,85,pcb1/Data/Images/Normal/0479.JPG,0,0,0,0,0,0,0,0,0,,,,
A1,image,86,pcb1/Data/Images/Normal/0684.JPG,0,0,0,0,0,0,0,0,0,,,,
A1,image,87,pcb1/Data/Images/Normal/0739.JPG,0,0,0,0,0,0,0,0,0,,,,
A1,image,88,pcb1/Data/Images/Normal/0569.JPG,0,0,0,0,0,0,0,0,0,,,,
A1,image,89,pcb1/Data/Images/Normal/0196.JPG,0,0,0,0,0,0,0,0,0,,,,
A1,image,90,pcb1/Data/Images/Normal/0892.JPG,0,0,0,0,0,0,0,0,0,,,,
A1,image,91,pcb1/Data/Images/Normal/0964.JPG,0,0,0,0,0,0,0,0,0,,,,
A1,image,92,pcb1/Data/Images/Normal/0187.JPG,0,0,0,0,0,0,0,0,0,,,,
A1,image,93,pcb1/Data/Images/Normal/0488.JPG,0,0,0,0,0,0,0,0,0,,,,
A1,image,94,pcb1/Data/Images/Normal/0994.JPG,0,0,0,0,0,0,0,0,0,,,,
A1,image,95,pcb1/Data/Images/Normal/0545.JPG,0,0,0,0,0,0,0,0,0,,,,
A1,image,96,pcb1/Data/Images/Normal/0615.JPG,0,0,0,0,0,0,0,0,0,,,,
A1,image,97,pcb1/Data/Images/Normal/0974.JPG,0,0,0,0,0,0,0,0,0,,,,
A1,image,98,pcb1/Data/Images/Normal/0490.JPG,0,0,0,0,0,0,0,0,0,,,,
A1,image,99,pcb1/Data/Images/Normal/0168.JPG,0,0,0,0,0,0,0,0,0,,,,
A1,image,100,pcb1/Data/Images/Anomaly/000.JPG,384,345,347,5,7,340,32,0,0,0.8984375,0.9036458333333334,0.013020833333333334,0.018229166666666668
A1,image,101,pcb1/Data/Images/Anomaly/001.JPG,512,497,481,16,0,481,15,0,0,0.970703125,0.939453125,0.03125,0.0
A1,image,102,pcb1/Data/Images/Anomaly/002.JPG,640,621,612,10,1,611,18,0,0,0.9703125,0.95625,0.015625,0.0015625
A1,image,103,pcb1/Data/Images/Anomaly/003.JPG,512,498,499,6,7,492,7,0,0,0.97265625,0.974609375,0.01171875,0.013671875
A1,image,104,pcb1/Data/Images/Anomaly/004.JPG,576,522,510,17,5,505,49,0,0,0.90625,0.8854166666666666,0.029513888888888888,0.008680555555555556
A1,image,105,pcb1/Data/Images/Anomaly/005.JPG,640,635,627,8,0,627,5,0,0,0.9921875,0.9796875,0.0125,0.0
A1,image,106,pcb1/Data/Images/Anomaly/006.JPG,768,720,710,19,9,701,39,0,0,0.9375,0.9244791666666666,0.024739583333333332,0.01171875
A1,image,107,pcb1/Data/Images/Anomaly/007.JPG,896,835,837,5,7,830,54,0,0,0.9319196428571429,0.9341517857142857,0.005580357142857143,0.0078125
A1,image,108,pcb1/Data/Images/Anomaly/008.JPG,896,891,890,1,0,890,5,0,0,0.9944196428571429,0.9933035714285714,0.0011160714285714285,0.0
A1,image,109,pcb1/Data/Images/Anomaly/009.JPG,832,814,809,5,0,809,18,0,0,0.9783653846153846,0.9723557692307693,0.006009615384615385,0.0
A1,image,110,pcb1/Data/Images/Anomaly/010.JPG,1024,1015,1014,1,0,1014,9,0,0,0.9912109375,0.990234375,0.0009765625,0.0
A1,image,111,pcb1/Data/Images/Anomaly/011.JPG,832,789,790,3,4,786,39,0,0,0.9483173076923077,0.9495192307692307,0.003605769230769231,0.004807692307692308
A1,image,112,pcb1/Data/Images/Anomaly/012.JPG,960,959,956,3,0,956,1,0,0,0.9989583333333333,0.9958333333333333,0.003125,0.0
A1,image,113,pcb1/Data/Images/Anomaly/013.JPG,1216,1142,1120,33,11,1109,63,0,0,0.9391447368421053,0.9210526315789473,0.027138157894736843,0.009046052631578948
A1,image,114,pcb1/Data/Images/Anomaly/014.JPG,1216,1173,1179,6,12,1167,31,0,0,0.9646381578947368,0.9695723684210527,0.004934210526315789,0.009868421052631578
A1,image,115,pcb1/Data/Images/Anomaly/015.JPG,448,438,438,5,5,433,5,0,0,0.9776785714285714,0.9776785714285714,0.011160714285714286,0.011160714285714286
A1,image,116,pcb1/Data/Images/Anomaly/016.JPG,768,757,750,7,0,750,11,0,0,0.9856770833333334,0.9765625,0.009114583333333334,0.0
A1,image,117,pcb1/Data/Images/Anomaly/017.JPG,448,421,424,4,7,417,20,0,0,0.9397321428571429,0.9464285714285714,0.008928571428571428,0.015625
A1,image,118,pcb1/Data/Images/Anomaly/018.JPG,448,411,406,8,3,403,34,0,0,0.9174107142857143,0.90625,0.017857142857142856,0.006696428571428571
A1,image,119,pcb1/Data/Images/Anomaly/019.JPG,1024,897,911,11,25,886,102,0,0,0.8759765625,0.8896484375,0.0107421875,0.0244140625
A1,image,120,pcb1/Data/Images/Anomaly/020.JPG,1472,1321,1279,44,2,1277,149,0,0,0.8974184782608695,0.8688858695652174,0.029891304347826088,0.001358695652173913
A1,image,121,pcb1/Data/Images/Anomaly/021.JPG,512,498,490,8,0,490,14,0,0,0.97265625,0.95703125,0.015625,0.0
A1,image,122,pcb1/Data/Images/Anomaly/022.JPG,512,497,493,6,2,491,13,0,0,0.970703125,0.962890625,0.01171875,0.00390625
A1,image,123,pcb1/Data/Images/Anomaly/023.JPG,512,498,492,7,1,491,13,0,0,0.97265625,0.9609375,0.013671875,0.001953125
A1,image,124,pcb1/Data/Images/Anomaly/024.JPG,576,481,457,29,5,452,90,0,0,0.8350694444444444,0.7934027777777778,0.050347222222222224,0.008680555555555556
A1,image,125,pcb1/Data/Images/Anomaly/025.JPG,384,296,306,9,19,287,69,0,0,0.7708333333333334,0.796875,0.0234375,0.049479166666666664
A1,image,126,pcb1/Data/Images/Anomaly/026.JPG,448,377,369,14,6,363,65,0,0,0.8415178571428571,0.8236607142857143,0.03125,0.013392857142857142
A1,image,127,pcb1/Data/Images/Anomaly/027.JPG,1344,1191,1205,29,43,1162,110,0,0,0.8861607142857143,0.8965773809523809,0.021577380952380952,0.031994047619047616
A1,image,128,pcb1/Data/Images/Anomaly/028.JPG,384,379,377,2,0,377,5,0,0,0.9869791666666666,0.9817708333333334,0.005208333333333333,0.0
A1,image,129,pcb1/Data/Images/Anomaly/029.JPG,512,483,484,5,6,478,23,0,0,0.943359375,0.9453125,0.009765625,0.01171875
A1,image,130,pcb1/Data/Images/Anomaly/030.JPG,576,564,565,4,5,560,7,0,0,0.9791666666666666,0.9809027777777778,0.006944444444444444,0.008680555555555556
A1,image,131,pcb1/Data/Images/Anomaly/031.JPG,1280,1145,1125,28,8,1117,127,0,0,0.89453125,0.87890625,0.021875,0.00625
A1,image,132,pcb1/Data/Images/Anomaly/032.JPG,448,431,438,2,9,429,8,0,0,0.9620535714285714,0.9776785714285714,0.004464285714285714,0.020089285714285716
A1,image,133,pcb1/Data/Images/Anomaly/033.JPG,384,351,344,8,1,343,32,0,0,0.9140625,0.8958333333333334,0.020833333333333332,0.0026041666666666665
A1,image,134,pcb1/Data/Images/Anomaly/034.JPG,576,547,546,5,4,542,25,0,0,0.9496527777777778,0.9479166666666666,0.008680555555555556,0.006944444444444444
A1,image,135,pcb1/Data/Images/Anomaly/035.JPG,384,372,371,5,4,367,8,0,0,0.96875,0.9661458333333334,0.013020833333333334,0.010416666666666666
A1,image,136,pcb1/Data/Images/Anomaly/036.JPG,512,479,473,14,8,465,25,0,0,0.935546875,0.923828125,0.02734375,0.015625
A1,image,137,pcb1/Data/Images/Anomaly/037.JPG,832,737,743,16,22,721,73,0,0,0.8858173076923077,0.8930288461538461,0.019230769230769232,0.026442307692307692
A1,image,138,pcb1/Data/Images/Anomaly/038.JPG,576,569,564,5,0,564,7,0,0,0.9878472222222222,0.9791666666666666,0.008680555555555556,0.0
A1,image,139,pcb1/Data/Images/Anomaly/039.JPG,960,941,932,10,1,931,18,0,0,0.9802083333333333,0.9708333333333333,0.010416666666666666,0.0010416666666666667
A1,image,140,pcb1/Data/Images/Anomaly/040.JPG,4096,3926,3926,26,26,3900,144,0,0,0.95849609375,0.95849609375,0.00634765625,0.00634765625
A1,image,141,pcb1/Data/Images/Anomaly/041.JPG,4096,3915,3917,31,33,3884,148,0,0,0.955810546875,0.956298828125,0.007568359375,0.008056640625
A1,image,142,pcb1/Data/Images/Anomaly/042.JPG,1728,1249,1247,46,44,1203,435,0,0,0.7228009259259259,0.7216435185185185,0.02662037037037037,0.02546296296296296
A1,image,143,pcb1/Data/Images/Anomaly/043.JPG,4096,3990,4029,2,41,3988,65,0,0,0.97412109375,0.983642578125,0.00048828125,0.010009765625
A1,image,144,pcb1/Data/Images/Anomaly/044.JPG,4096,4037,4027,21,11,4016,48,0,0,0.985595703125,0.983154296875,0.005126953125,0.002685546875
A1,image,145,pcb1/Data/Images/Anomaly/045.JPG,4096,4004,4021,15,32,3989,60,0,0,0.9775390625,0.981689453125,0.003662109375,0.0078125
A1,image,146,pcb1/Data/Images/Anomaly/046.JPG,4096,3936,3961,9,34,3927,126,0,0,0.9609375,0.967041015625,0.002197265625,0.00830078125
A1,image,147,pcb1/Data/Images/Anomaly/047.JPG,640,547,550,12,15,535,78,0,0,0.8546875,0.859375,0.01875,0.0234375
A1,image,148,pcb1/Data/Images/Anomaly/048.JPG,320,288,283,8,3,280,29,0,0,0.9,0.884375,0.025,0.009375
A1,image,149,pcb1/Data/Images/Anomaly/049.JPG,1920,1193,1178,87,72,1106,655,0,0,0.6213541666666667,0.6135416666666667,0.0453125,0.0375
A1,image,150,pcb1/Data/Images/Anomaly/050.JPG,4096,3964,3979,18,33,3946,99,0,0,0.9677734375,0.971435546875,0.00439453125,0.008056640625
A1,image,151,pcb1/Data/Images/Anomaly/051.JPG,832,685,679,18,12,667,135,0,0,0.8233173076923077,0.8161057692307693,0.021634615384615384,0.014423076923076924
A1,image,152,pcb1/Data/Images/Anomaly/052.JPG,640,546,548,11,13,535,81,0,0,0.853125,0.85625,0.0171875,0.0203125
A1,image,153,pcb1/Data/Images/Anomaly/053.JPG,2560,2093,2086,69,62,2024,405,0,0,0.817578125,0.81484375,0.026953125,0.02421875
A1,image,154,pcb1/Data/Images/Anomaly/054.JPG,4096,3999,4001,26,28,3973,69,0,0,0.976318359375,0.976806640625,0.00634765625,0.0068359375
A1,image,155,pcb1/Data/Images/Anomaly/055.JPG,4096,3951,3946,40,35,3911,110,0,0,0.964599609375,0.96337890625,0.009765625,0.008544921875
A1,image,156,pcb1/Data/Images/Anomaly/056.JPG,2368,1888,1880,79,71,1809,409,0,0,0.7972972972972973,0.793918918918919,0.033361486486486486,0.029983108108108107
A1,image,157,pcb1/Data/Images/Anomaly/057.JPG,896,753,759,15,21,738,122,0,0,0.8404017857142857,0.8470982142857143,0.016741071428571428,0.0234375
A1,image,158,pcb1/Data/Images/Anomaly/058.JPG,640,555,550,20,15,535,70,0,0,0.8671875,0.859375,0.03125,0.0234375
A1,image,159,pcb1/Data/Images/Anomaly/059.JPG,4096,3960,3950,25,15,3935,121,0,0,0.966796875,0.96435546875,0.006103515625,0.003662109375
A1,image,160,pcb1/Data/Images/Anomaly/060.JPG,256,201,200,2,1,199,54,0,0,0.78515625,0.78125,0.0078125,0.00390625
A1,image,161,pcb1/Data/Images/Anomaly/061.JPG,384,325,316,16,7,309,52,0,0,0.8463541666666666,0.8229166666666666,0.041666666666666664,0.018229166666666668
A1,image,162,pcb1/Data/Images/Anomaly/062.JPG,448,397,398,13,14,384,37,0,0,0.8861607142857143,0.8883928571428571,0.029017857142857144,0.03125
A1,image,163,pcb1/Data/Images/Anomaly/063.JPG,704,676,669,13,6,663,22,0,0,0.9602272727272727,0.9502840909090909,0.018465909090909092,0.008522727272727272
A1,image,164,pcb1/Data/Images/Anomaly/064.JPG,704,574,621,9,56,565,74,0,0,0.8153409090909091,0.8821022727272727,0.01278409090909091,0.07954545454545454
A1,image,165,pcb1/Data/Images/Anomaly/065.JPG,384,379,375,4,0,375,5,0,0,0.9869791666666666,0.9765625,0.010416666666666666,0.0
A1,image,166,pcb1/Data/Images/Anomaly/066.JPG,704,628,613,23,8,605,68,0,0,0.8920454545454546,0.8707386363636364,0.032670454545454544,0.011363636363636364
A1,image,167,pcb1/Data/Images/Anomaly/067.JPG,384,301,301,12,12,289,71,0,0,0.7838541666666666,0.7838541666666666,0.03125,0.03125
A1,image,168,pcb1/Data/Images/Anomaly/068.JPG,640,618,616,4,2,614,20,0,0,0.965625,0.9625,0.00625,0.003125
A1,image,169,pcb1/Data/Images/Anomaly/069.JPG,1344,1287,1266,26,5,1261,52,0,0,0.9575892857142857,0.9419642857142857,0.019345238095238096,0.003720238095238095
A1,image,170,pcb1/Data/Images/Anomaly/070.JPG,512,512,511,1,0,511,0,0,0,1.0,0.998046875,0.001953125,0.0
A1,image,171,pcb1/Data/Images/Anomaly/071.JPG,1408,1283,1291,18,26,1265,99,0,0,0.9112215909090909,0.9169034090909091,0.01278409090909091,0.018465909090909092
A1,image,172,pcb1/Data/Images/Anomaly/072.JPG,384,363,358,9,4,354,17,0,0,0.9453125,0.9322916666666666,0.0234375,0.010416666666666666
A1,image,173,pcb1/Data/Images/Anomaly/073.JPG,960,948,939,10,1,938,11,0,0,0.9875,0.978125,0.010416666666666666,0.0010416666666666667
A1,image,174,pcb1/Data/Images/Anomaly/074.JPG,896,872,867,6,1,866,23,0,0,0.9732142857142857,0.9676339285714286,0.006696428571428571,0.0011160714285714285
A1,image,175,pcb1/Data/Images/Anomaly/075.JPG,512,484,480,5,1,479,27,0,0,0.9453125,0.9375,0.009765625,0.001953125
A1,image,176,pcb1/Data/Images/Anomaly/076.JPG,512,457,456,8,7,449,48,0,0,0.892578125,0.890625,0.015625,0.013671875
A1,image,177,pcb1/Data/Images/Anomaly/077.JPG,1088,1013,1019,12,18,1001,57,0,0,0.9310661764705882,0.9365808823529411,0.011029411764705883,0.016544117647058824
A1,image,178,pcb1/Data/Images/Anomaly/078.JPG,448,409,397,17,5,392,34,0,0,0.9129464285714286,0.8861607142857143,0.03794642857142857,0.011160714285714286
A1,image,179,pcb1/Data/Images/Anomaly/079.JPG,448,379,377,9,7,370,62,0,0,0.8459821428571429,0.8415178571428571,0.020089285714285716,0.015625
A1,image,180,pcb1/Data/Images/Anomaly/080.JPG,704,676,667,12,3,664,25,0,0,0.9602272727272727,0.9474431818181818,0.017045454545454544,0.004261363636363636
A1,image,181,pcb1/Data/Images/Anomaly/081.JPG,768,754,746,8,0,746,14,0,0,0.9817708333333334,0.9713541666666666,0.010416666666666666,0.0
A1,image,182,pcb1/Data/Images/Anomaly/082.JPG,640,531,500,36,5,495,104,0,0,0.8296875,0.78125,0.05625,0.0078125
A1,image,183,pcb1/Data/Images/Anomaly/083.JPG,448,374,352,26,4,348,70,0,0,0.8348214285714286,0.7857142857142857,0.05803571428571429,0.008928571428571428
A1,image,184,pcb1/Data/Images/Anomaly/084.JPG,1024,875,880,17,22,858,127,0,0,0.8544921875,0.859375,0.0166015625,0.021484375
A1,image,185,pcb1/Data/Images/Anomaly/085.JPG,704,635,648,7,20,628,49,0,0,0.9019886363636364,0.9204545454545454,0.009943181818181818,0.028409090909090908
A1,image,186,pcb1/Data/Images/Anomaly/086.JPG,1152,951,968,32,49,919,152,0,0,0.8255208333333334,0.8402777777777778,0.027777777777777776,0.042534722222222224
A1,image,187,pcb1/Data/Images/Anomaly/087.JPG,832,785,787,3,5,782,42,0,0,0.9435096153846154,0.9459134615384616,0.003605769230769231,0.006009615384615385
A1,image,188,pcb1/Data/Images/Anomaly/088.JPG,960,874,882,6,14,868,72,0,0,0.9104166666666667,0.91875,0.00625,0.014583333333333334
A1,image,189,pcb1/Data/Images/Anomaly/089.JPG,1280,1206,1197,15,6,1191,68,0,0,0.9421875,0.93515625,0.01171875,0.0046875
A1,image,190,pcb1/Data/Images/Anomaly/090.JPG,704,641,636,12,7,629,56,0,0,0.9105113636363636,0.9034090909090909,0.017045454545454544,0.009943181818181818
A1,image,191,pcb1/Data/Images/Anomaly/091.JPG,1280,1131,1124,29,22,1102,127,0,0,0.88359375,0.878125,0.02265625,0.0171875
A1,image,192,pcb1/Data/Images/Anomaly/092.JPG,1920,1532,1555,50,73,1482,315,0,0,0.7979166666666667,0.8098958333333334,0.026041666666666668,0.03802083333333333
A1,image,193,pcb1/Data/Images/Anomaly/093.JPG,1280,1156,1170,19,33,1137,91,0,0,0.903125,0.9140625,0.01484375,0.02578125
A1,image,194,pcb1/Data/Images/Anomaly/094.JPG,1344,1225,1231,23,29,1202,90,0,0,0.9114583333333334,0.9159226190476191,0.01711309523809524,0.021577380952380952
A1,image,195,pcb1/Data/Images/Anomaly/095.JPG,640,491,507,10,26,481,123,0,0,0.7671875,0.7921875,0.015625,0.040625
A1,image,196,pcb1/Data/Images/Anomaly/096.JPG,448,440,434,6,0,434,8,0,0,0.9821428571428571,0.96875,0.013392857142857142,0.0
A1,image,197,pcb1/Data/Images/Anomaly/097.JPG,1408,1346,1348,10,12,1336,50,0,0,0.9559659090909091,0.9573863636363636,0.007102272727272727,0.008522727272727272
A1,image,198,pcb1/Data/Images/Anomaly/098.JPG,704,690,690,3,3,687,11,0,0,0.9801136363636364,0.9801136363636364,0.004261363636363636,0.004261363636363636
A1,image,199,pcb1/Data/Images/Anomaly/099.JPG,768,619,613,18,12,601,137,0,0,0.8059895833333334,0.7981770833333334,0.0234375,0.015625
A1,aggregate,-1,__ALL__,113856,105054,104885,1560,1391,103494,7411,0,0,0.9226918212478921,0.921207490163013,0.01370151770657673,0.012217186621697584
TRI,image,0,pcb1/Data/Images/Normal/0107.JPG,0,0,0,0,0,0,0,0,0,,,,
TRI,image,1,pcb1/Data/Images/Normal/0484.JPG,0,0,0,0,0,0,0,0,0,,,,
TRI,image,2,pcb1/Data/Images/Normal/0690.JPG,0,0,0,0,0,0,0,0,0,,,,
TRI,image,3,pcb1/Data/Images/Normal/0303.JPG,0,0,0,0,0,0,0,0,0,,,,
TRI,image,4,pcb1/Data/Images/Normal/0237.JPG,0,0,0,0,0,0,0,0,0,,,,
TRI,image,5,pcb1/Data/Images/Normal/0394.JPG,0,0,0,0,0,0,0,0,0,,,,
TRI,image,6,pcb1/Data/Images/Normal/0214.JPG,0,0,0,0,0,0,0,0,0,,,,
TRI,image,7,pcb1/Data/Images/Normal/0989.JPG,0,0,0,0,0,0,0,0,0,,,,
TRI,image,8,pcb1/Data/Images/Normal/0657.JPG,0,0,0,0,0,0,0,0,0,,,,
TRI,image,9,pcb1/Data/Images/Normal/0377.JPG,0,0,0,0,0,0,0,0,0,,,,
TRI,image,10,pcb1/Data/Images/Normal/0659.JPG,0,0,0,0,0,0,0,0,0,,,,
TRI,image,11,pcb1/Data/Images/Normal/0514.JPG,0,0,0,0,0,0,0,0,0,,,,
TRI,image,12,pcb1/Data/Images/Normal/0617.JPG,0,0,0,0,0,0,0,0,0,,,,
TRI,image,13,pcb1/Data/Images/Normal/0725.JPG,0,0,0,0,0,0,0,0,0,,,,
TRI,image,14,pcb1/Data/Images/Normal/0172.JPG,0,0,0,0,0,0,0,0,0,,,,
TRI,image,15,pcb1/Data/Images/Normal/1000.JPG,0,0,0,0,0,0,0,0,0,,,,
TRI,image,16,pcb1/Data/Images/Normal/0483.JPG,0,0,0,0,0,0,0,0,0,,,,
TRI,image,17,pcb1/Data/Images/Normal/0654.JPG,0,0,0,0,0,0,0,0,0,,,,
TRI,image,18,pcb1/Data/Images/Normal/0400.JPG,0,0,0,0,0,0,0,0,0,,,,
TRI,image,19,pcb1/Data/Images/Normal/0469.JPG,0,0,0,0,0,0,0,0,0,,,,
TRI,image,20,pcb1/Data/Images/Normal/0525.JPG,0,0,0,0,0,0,0,0,0,,,,
TRI,image,21,pcb1/Data/Images/Normal/0170.JPG,0,0,0,0,0,0,0,0,0,,,,
TRI,image,22,pcb1/Data/Images/Normal/0631.JPG,0,0,0,0,0,0,0,0,0,,,,
TRI,image,23,pcb1/Data/Images/Normal/0685.JPG,0,0,0,0,0,0,0,0,0,,,,
TRI,image,24,pcb1/Data/Images/Normal/0320.JPG,0,0,0,0,0,0,0,0,0,,,,
TRI,image,25,pcb1/Data/Images/Normal/0869.JPG,0,0,0,0,0,0,0,0,0,,,,
TRI,image,26,pcb1/Data/Images/Normal/0423.JPG,0,0,0,0,0,0,0,0,0,,,,
TRI,image,27,pcb1/Data/Images/Normal/0417.JPG,0,0,0,0,0,0,0,0,0,,,,
TRI,image,28,pcb1/Data/Images/Normal/0751.JPG,0,0,0,0,0,0,0,0,0,,,,
TRI,image,29,pcb1/Data/Images/Normal/0764.JPG,0,0,0,0,0,0,0,0,0,,,,
TRI,image,30,pcb1/Data/Images/Normal/0971.JPG,0,0,0,0,0,0,0,0,0,,,,
TRI,image,31,pcb1/Data/Images/Normal/0730.JPG,0,0,0,0,0,0,0,0,0,,,,
TRI,image,32,pcb1/Data/Images/Normal/0306.JPG,0,0,0,0,0,0,0,0,0,,,,
TRI,image,33,pcb1/Data/Images/Normal/0011.JPG,0,0,0,0,0,0,0,0,0,,,,
TRI,image,34,pcb1/Data/Images/Normal/0215.JPG,0,0,0,0,0,0,0,0,0,,,,
TRI,image,35,pcb1/Data/Images/Normal/0159.JPG,0,0,0,0,0,0,0,0,0,,,,
TRI,image,36,pcb1/Data/Images/Normal/0629.JPG,0,0,0,0,0,0,0,0,0,,,,
TRI,image,37,pcb1/Data/Images/Normal/0694.JPG,0,0,0,0,0,0,0,0,0,,,,
TRI,image,38,pcb1/Data/Images/Normal/0518.JPG,0,0,0,0,0,0,0,0,0,,,,
TRI,image,39,pcb1/Data/Images/Normal/0940.JPG,0,0,0,0,0,0,0,0,0,,,,
TRI,image,40,pcb1/Data/Images/Normal/0026.JPG,0,0,0,0,0,0,0,0,0,,,,
TRI,image,41,pcb1/Data/Images/Normal/0844.JPG,0,0,0,0,0,0,0,0,0,,,,
TRI,image,42,pcb1/Data/Images/Normal/0957.JPG,0,0,0,0,0,0,0,0,0,,,,
TRI,image,43,pcb1/Data/Images/Normal/0900.JPG,0,0,0,0,0,0,0,0,0,,,,
TRI,image,44,pcb1/Data/Images/Normal/0402.JPG,0,0,0,0,0,0,0,0,0,,,,
TRI,image,45,pcb1/Data/Images/Normal/0621.JPG,0,0,0,0,0,0,0,0,0,,,,
TRI,image,46,pcb1/Data/Images/Normal/0294.JPG,0,0,0,0,0,0,0,0,0,,,,
TRI,image,47,pcb1/Data/Images/Normal/0016.JPG,0,0,0,0,0,0,0,0,0,,,,
TRI,image,48,pcb1/Data/Images/Normal/0046.JPG,0,0,0,0,0,0,0,0,0,,,,
TRI,image,49,pcb1/Data/Images/Normal/0705.JPG,0,0,0,0,0,0,0,0,0,,,,
TRI,image,50,pcb1/Data/Images/Normal/0208.JPG,0,0,0,0,0,0,0,0,0,,,,
TRI,image,51,pcb1/Data/Images/Normal/0674.JPG,0,0,0,0,0,0,0,0,0,,,,
TRI,image,52,pcb1/Data/Images/Normal/0427.JPG,0,0,0,0,0,0,0,0,0,,,,
TRI,image,53,pcb1/Data/Images/Normal/0552.JPG,0,0,0,0,0,0,0,0,0,,,,
TRI,image,54,pcb1/Data/Images/Normal/0804.JPG,0,0,0,0,0,0,0,0,0,,,,
TRI,image,55,pcb1/Data/Images/Normal/0333.JPG,0,0,0,0,0,0,0,0,0,,,,
TRI,image,56,pcb1/Data/Images/Normal/0027.JPG,0,0,0,0,0,0,0,0,0,,,,
TRI,image,57,pcb1/Data/Images/Normal/0100.JPG,0,0,0,0,0,0,0,0,0,,,,
TRI,image,58,pcb1/Data/Images/Normal/0800.JPG,0,0,0,0,0,0,0,0,0,,,,
TRI,image,59,pcb1/Data/Images/Normal/0923.JPG,0,0,0,0,0,0,0,0,0,,,,
TRI,image,60,pcb1/Data/Images/Normal/0755.JPG,0,0,0,0,0,0,0,0,0,,,,
TRI,image,61,pcb1/Data/Images/Normal/0013.JPG,0,0,0,0,0,0,0,0,0,,,,
TRI,image,62,pcb1/Data/Images/Normal/0297.JPG,0,0,0,0,0,0,0,0,0,,,,
TRI,image,63,pcb1/Data/Images/Normal/0768.JPG,0,0,0,0,0,0,0,0,0,,,,
TRI,image,64,pcb1/Data/Images/Normal/0457.JPG,0,0,0,0,0,0,0,0,0,,,,
TRI,image,65,pcb1/Data/Images/Normal/0520.JPG,0,0,0,0,0,0,0,0,0,,,,
TRI,image,66,pcb1/Data/Images/Normal/0952.JPG,0,0,0,0,0,0,0,0,0,,,,
TRI,image,67,pcb1/Data/Images/Normal/0871.JPG,0,0,0,0,0,0,0,0,0,,,,
TRI,image,68,pcb1/Data/Images/Normal/0811.JPG,0,0,0,0,0,0,0,0,0,,,,
TRI,image,69,pcb1/Data/Images/Normal/0174.JPG,0,0,0,0,0,0,0,0,0,,,,
TRI,image,70,pcb1/Data/Images/Normal/0648.JPG,0,0,0,0,0,0,0,0,0,,,,
TRI,image,71,pcb1/Data/Images/Normal/0261.JPG,0,0,0,0,0,0,0,0,0,,,,
TRI,image,72,pcb1/Data/Images/Normal/0784.JPG,0,0,0,0,0,0,0,0,0,,,,
TRI,image,73,pcb1/Data/Images/Normal/0935.JPG,0,0,0,0,0,0,0,0,0,,,,
TRI,image,74,pcb1/Data/Images/Normal/0286.JPG,0,0,0,0,0,0,0,0,0,,,,
TRI,image,75,pcb1/Data/Images/Normal/0779.JPG,0,0,0,0,0,0,0,0,0,,,,
TRI,image,76,pcb1/Data/Images/Normal/0363.JPG,0,0,0,0,0,0,0,0,0,,,,
TRI,image,77,pcb1/Data/Images/Normal/0619.JPG,0,0,0,0,0,0,0,0,0,,,,
TRI,image,78,pcb1/Data/Images/Normal/0024.JPG,0,0,0,0,0,0,0,0,0,,,,
TRI,image,79,pcb1/Data/Images/Normal/0735.JPG,0,0,0,0,0,0,0,0,0,,,,
TRI,image,80,pcb1/Data/Images/Normal/0688.JPG,0,0,0,0,0,0,0,0,0,,,,
TRI,image,81,pcb1/Data/Images/Normal/0796.JPG,0,0,0,0,0,0,0,0,0,,,,
TRI,image,82,pcb1/Data/Images/Normal/0178.JPG,0,0,0,0,0,0,0,0,0,,,,
TRI,image,83,pcb1/Data/Images/Normal/0797.JPG,0,0,0,0,0,0,0,0,0,,,,
TRI,image,84,pcb1/Data/Images/Normal/0920.JPG,0,0,0,0,0,0,0,0,0,,,,
TRI,image,85,pcb1/Data/Images/Normal/0479.JPG,0,0,0,0,0,0,0,0,0,,,,
TRI,image,86,pcb1/Data/Images/Normal/0684.JPG,0,0,0,0,0,0,0,0,0,,,,
TRI,image,87,pcb1/Data/Images/Normal/0739.JPG,0,0,0,0,0,0,0,0,0,,,,
TRI,image,88,pcb1/Data/Images/Normal/0569.JPG,0,0,0,0,0,0,0,0,0,,,,
TRI,image,89,pcb1/Data/Images/Normal/0196.JPG,0,0,0,0,0,0,0,0,0,,,,
TRI,image,90,pcb1/Data/Images/Normal/0892.JPG,0,0,0,0,0,0,0,0,0,,,,
TRI,image,91,pcb1/Data/Images/Normal/0964.JPG,0,0,0,0,0,0,0,0,0,,,,
TRI,image,92,pcb1/Data/Images/Normal/0187.JPG,0,0,0,0,0,0,0,0,0,,,,
TRI,image,93,pcb1/Data/Images/Normal/0488.JPG,0,0,0,0,0,0,0,0,0,,,,
TRI,image,94,pcb1/Data/Images/Normal/0994.JPG,0,0,0,0,0,0,0,0,0,,,,
TRI,image,95,pcb1/Data/Images/Normal/0545.JPG,0,0,0,0,0,0,0,0,0,,,,
TRI,image,96,pcb1/Data/Images/Normal/0615.JPG,0,0,0,0,0,0,0,0,0,,,,
TRI,image,97,pcb1/Data/Images/Normal/0974.JPG,0,0,0,0,0,0,0,0,0,,,,
TRI,image,98,pcb1/Data/Images/Normal/0490.JPG,0,0,0,0,0,0,0,0,0,,,,
TRI,image,99,pcb1/Data/Images/Normal/0168.JPG,0,0,0,0,0,0,0,0,0,,,,
TRI,image,100,pcb1/Data/Images/Anomaly/000.JPG,384,351,356,0,5,351,28,0,0,0.9140625,0.9270833333333334,0.0,0.013020833333333334
TRI,image,101,pcb1/Data/Images/Anomaly/001.JPG,512,501,494,8,1,493,10,0,0,0.978515625,0.96484375,0.015625,0.001953125
TRI,image,102,pcb1/Data/Images/Anomaly/002.JPG,640,628,629,1,2,627,10,0,0,0.98125,0.9828125,0.0015625,0.003125
TRI,image,103,pcb1/Data/Images/Anomaly/003.JPG,512,505,502,6,3,499,4,0,0,0.986328125,0.98046875,0.01171875,0.005859375
TRI,image,104,pcb1/Data/Images/Anomaly/004.JPG,576,523,530,4,11,519,42,0,0,0.9079861111111112,0.9201388888888888,0.006944444444444444,0.019097222222222224
TRI,image,105,pcb1/Data/Images/Anomaly/005.JPG,640,640,637,3,0,637,0,0,0,1.0,0.9953125,0.0046875,0.0
TRI,image,106,pcb1/Data/Images/Anomaly/006.JPG,768,738,739,7,8,731,22,0,0,0.9609375,0.9622395833333334,0.009114583333333334,0.010416666666666666
TRI,image,107,pcb1/Data/Images/Anomaly/007.JPG,896,854,848,10,4,844,38,0,0,0.953125,0.9464285714285714,0.011160714285714286,0.004464285714285714
TRI,image,108,pcb1/Data/Images/Anomaly/008.JPG,896,894,884,10,0,884,2,0,0,0.9977678571428571,0.9866071428571429,0.011160714285714286,0.0
TRI,image,109,pcb1/Data/Images/Anomaly/009.JPG,832,818,812,6,0,812,14,0,0,0.9831730769230769,0.9759615384615384,0.007211538461538462,0.0
TRI,image,110,pcb1/Data/Images/Anomaly/010.JPG,1024,1014,1010,4,0,1010,10,0,0,0.990234375,0.986328125,0.00390625,0.0
TRI,image,111,pcb1/Data/Images/Anomaly/011.JPG,832,792,791,5,4,787,36,0,0,0.9519230769230769,0.9507211538461539,0.006009615384615385,0.004807692307692308
TRI,image,112,pcb1/Data/Images/Anomaly/012.JPG,960,954,947,7,0,947,6,0,0,0.99375,0.9864583333333333,0.007291666666666667,0.0
TRI,image,113,pcb1/Data/Images/Anomaly/013.JPG,1216,1160,1169,11,20,1149,36,0,0,0.9539473684210527,0.9613486842105263,0.009046052631578948,0.01644736842105263
TRI,image,114,pcb1/Data/Images/Anomaly/014.JPG,1216,1174,1164,12,2,1162,40,0,0,0.9654605263157895,0.9572368421052632,0.009868421052631578,0.001644736842105263
TRI,image,115,pcb1/Data/Images/Anomaly/015.JPG,448,442,442,2,2,440,4,0,0,0.9866071428571429,0.9866071428571429,0.004464285714285714,0.004464285714285714
TRI,image,116,pcb1/Data/Images/Anomaly/016.JPG,768,765,755,10,0,755,3,0,0,0.99609375,0.9830729166666666,0.013020833333333334,0.0
TRI,image,117,pcb1/Data/Images/Anomaly/017.JPG,448,418,421,3,6,415,24,0,0,0.9330357142857143,0.9397321428571429,0.006696428571428571,0.013392857142857142
TRI,image,118,pcb1/Data/Images/Anomaly/018.JPG,448,429,432,4,7,425,12,0,0,0.9575892857142857,0.9642857142857143,0.008928571428571428,0.015625
TRI,image,119,pcb1/Data/Images/Anomaly/019.JPG,1024,921,915,14,8,907,95,0,0,0.8994140625,0.8935546875,0.013671875,0.0078125
TRI,image,120,pcb1/Data/Images/Anomaly/020.JPG,1472,1362,1332,39,9,1323,101,0,0,0.9252717391304348,0.904891304347826,0.026494565217391304,0.006114130434782609
TRI,image,121,pcb1/Data/Images/Anomaly/021.JPG,512,504,498,7,1,497,7,0,0,0.984375,0.97265625,0.013671875,0.001953125
TRI,image,122,pcb1/Data/Images/Anomaly/022.JPG,512,508,505,3,0,505,4,0,0,0.9921875,0.986328125,0.005859375,0.0
TRI,image,123,pcb1/Data/Images/Anomaly/023.JPG,512,512,510,2,0,510,0,0,0,1.0,0.99609375,0.00390625,0.0
TRI,image,124,pcb1/Data/Images/Anomaly/024.JPG,576,495,477,22,4,473,77,0,0,0.859375,0.828125,0.03819444444444445,0.006944444444444444
TRI,image,125,pcb1/Data/Images/Anomaly/025.JPG,384,317,317,10,10,307,57,0,0,0.8255208333333334,0.8255208333333334,0.026041666666666668,0.026041666666666668
TRI,image,126,pcb1/Data/Images/Anomaly/026.JPG,448,397,389,11,3,386,48,0,0,0.8861607142857143,0.8683035714285714,0.024553571428571428,0.006696428571428571
TRI,image,127,pcb1/Data/Images/Anomaly/027.JPG,1344,1200,1210,30,40,1170,104,0,0,0.8928571428571429,0.9002976190476191,0.022321428571428572,0.02976190476190476
TRI,image,128,pcb1/Data/Images/Anomaly/028.JPG,384,384,384,0,0,384,0,0,0,1.0,1.0,0.0,0.0
TRI,image,129,pcb1/Data/Images/Anomaly/029.JPG,512,486,493,3,10,483,16,0,0,0.94921875,0.962890625,0.005859375,0.01953125
TRI,image,130,pcb1/Data/Images/Anomaly/030.JPG,576,570,570,3,3,567,3,0,0,0.9895833333333334,0.9895833333333334,0.005208333333333333,0.005208333333333333
TRI,image,131,pcb1/Data/Images/Anomaly/031.JPG,1280,1220,1211,20,11,1200,49,0,0,0.953125,0.94609375,0.015625,0.00859375
TRI,image,132,pcb1/Data/Images/Anomaly/032.JPG,448,436,440,0,4,436,8,0,0,0.9732142857142857,0.9821428571428571,0.0,0.008928571428571428
TRI,image,133,pcb1/Data/Images/Anomaly/033.JPG,384,365,366,3,4,362,15,0,0,0.9505208333333334,0.953125,0.0078125,0.010416666666666666
TRI,image,134,pcb1/Data/Images/Anomaly/034.JPG,576,549,552,3,6,546,21,0,0,0.953125,0.9583333333333334,0.005208333333333333,0.010416666666666666
TRI,image,135,pcb1/Data/Images/Anomaly/035.JPG,384,382,376,8,2,374,0,0,0,0.9947916666666666,0.9791666666666666,0.020833333333333332,0.005208333333333333
TRI,image,136,pcb1/Data/Images/Anomaly/036.JPG,512,493,489,7,3,486,16,0,0,0.962890625,0.955078125,0.013671875,0.005859375
TRI,image,137,pcb1/Data/Images/Anomaly/037.JPG,832,764,771,6,13,758,55,0,0,0.9182692307692307,0.9266826923076923,0.007211538461538462,0.015625
TRI,image,138,pcb1/Data/Images/Anomaly/038.JPG,576,571,571,0,0,571,5,0,0,0.9913194444444444,0.9913194444444444,0.0,0.0
TRI,image,139,pcb1/Data/Images/Anomaly/039.JPG,960,946,944,4,2,942,12,0,0,0.9854166666666667,0.9833333333333333,0.004166666666666667,0.0020833333333333333
TRI,image,140,pcb1/Data/Images/Anomaly/040.JPG,4096,3917,3927,25,35,3892,144,0,0,0.956298828125,0.958740234375,0.006103515625,0.008544921875
TRI,image,141,pcb1/Data/Images/Anomaly/041.JPG,4096,3950,3935,25,10,3925,136,0,0,0.96435546875,0.960693359375,0.006103515625,0.00244140625
TRI,image,142,pcb1/Data/Images/Anomaly/042.JPG,1728,1294,1314,36,56,1258,378,0,0,0.7488425925925926,0.7604166666666666,0.020833333333333332,0.032407407407407406
TRI,image,143,pcb1/Data/Images/Anomaly/043.JPG,4096,3994,4000,12,18,3982,84,0,0,0.97509765625,0.9765625,0.0029296875,0.00439453125
TRI,image,144,pcb1/Data/Images/Anomaly/044.JPG,4096,4030,4022,20,12,4010,54,0,0,0.98388671875,0.98193359375,0.0048828125,0.0029296875
TRI,image,145,pcb1/Data/Images/Anomaly/045.JPG,4096,4032,4040,12,20,4020,44,0,0,0.984375,0.986328125,0.0029296875,0.0048828125
TRI,image,146,pcb1/Data/Images/Anomaly/046.JPG,4096,3986,3991,13,18,3973,92,0,0,0.97314453125,0.974365234375,0.003173828125,0.00439453125
TRI,image,147,pcb1/Data/Images/Anomaly/047.JPG,640,577,572,14,9,563,54,0,0,0.9015625,0.89375,0.021875,0.0140625
TRI,image,148,pcb1/Data/Images/Anomaly/048.JPG,320,293,291,8,6,285,21,0,0,0.915625,0.909375,0.025,0.01875
TRI,image,149,pcb1/Data/Images/Anomaly/049.JPG,1920,1171,1146,94,69,1077,680,0,0,0.6098958333333333,0.596875,0.04895833333333333,0.0359375
TRI,image,150,pcb1/Data/Images/Anomaly/050.JPG,4096,4006,4001,18,13,3988,77,0,0,0.97802734375,0.976806640625,0.00439453125,0.003173828125
TRI,image,151,pcb1/Data/Images/Anomaly/051.JPG,832,722,705,22,5,700,105,0,0,0.8677884615384616,0.8473557692307693,0.026442307692307692,0.006009615384615385
TRI,image,152,pcb1/Data/Images/Anomaly/052.JPG,640,566,580,3,17,563,57,0,0,0.884375,0.90625,0.0046875,0.0265625
TRI,image,153,pcb1/Data/Images/Anomaly/053.JPG,2560,2054,2033,76,55,1978,451,0,0,0.80234375,0.794140625,0.0296875,0.021484375
TRI,image,154,pcb1/Data/Images/Anomaly/054.JPG,4096,3997,3988,18,9,3979,90,0,0,0.975830078125,0.9736328125,0.00439453125,0.002197265625
TRI,image,155,pcb1/Data/Images/Anomaly/055.JPG,4096,3929,3914,43,28,3886,139,0,0,0.959228515625,0.95556640625,0.010498046875,0.0068359375
TRI,image,156,pcb1/Data/Images/Anomaly/056.JPG,2368,1871,1812,89,30,1782,467,0,0,0.7901182432432432,0.7652027027027027,0.03758445945945946,0.01266891891891892
TRI,image,157,pcb1/Data/Images/Anomaly/057.JPG,896,781,773,19,11,762,104,0,0,0.8716517857142857,0.8627232142857143,0.021205357142857144,0.012276785714285714
TRI,image,158,pcb1/Data/Images/Anomaly/058.JPG,640,574,582,11,19,563,47,0,0,0.896875,0.909375,0.0171875,0.0296875
TRI,image,159,pcb1/Data/Images/Anomaly/059.JPG,4096,3983,3964,27,8,3956,105,0,0,0.972412109375,0.9677734375,0.006591796875,0.001953125
TRI,image,160,pcb1/Data/Images/Anomaly/060.JPG,256,209,206,5,2,204,45,0,0,0.81640625,0.8046875,0.01953125,0.0078125
TRI,image,161,pcb1/Data/Images/Anomaly/061.JPG,384,326,318,12,4,314,54,0,0,0.8489583333333334,0.828125,0.03125,0.010416666666666666
TRI,image,162,pcb1/Data/Images/Anomaly/062.JPG,448,390,409,11,30,379,28,0,0,0.8705357142857143,0.9129464285714286,0.024553571428571428,0.06696428571428571
TRI,image,163,pcb1/Data/Images/Anomaly/063.JPG,704,666,656,12,2,654,36,0,0,0.9460227272727273,0.9318181818181818,0.017045454545454544,0.002840909090909091
TRI,image,164,pcb1/Data/Images/Anomaly/064.JPG,704,585,630,4,49,581,70,0,0,0.8309659090909091,0.8948863636363636,0.005681818181818182,0.06960227272727272
TRI,image,165,pcb1/Data/Images/Anomaly/065.JPG,384,383,379,4,0,379,1,0,0,0.9973958333333334,0.9869791666666666,0.010416666666666666,0.0
TRI,image,166,pcb1/Data/Images/Anomaly/066.JPG,704,641,636,13,8,628,55,0,0,0.9105113636363636,0.9034090909090909,0.018465909090909092,0.011363636363636364
TRI,image,167,pcb1/Data/Images/Anomaly/067.JPG,384,299,293,14,8,285,77,0,0,0.7786458333333334,0.7630208333333334,0.036458333333333336,0.020833333333333332
TRI,image,168,pcb1/Data/Images/Anomaly/068.JPG,640,637,632,5,0,632,3,0,0,0.9953125,0.9875,0.0078125,0.0
TRI,image,169,pcb1/Data/Images/Anomaly/069.JPG,1344,1259,1237,27,5,1232,80,0,0,0.9367559523809523,0.9203869047619048,0.020089285714285716,0.003720238095238095
TRI,image,170,pcb1/Data/Images/Anomaly/070.JPG,512,512,512,0,0,512,0,0,0,1.0,1.0,0.0,0.0
TRI,image,171,pcb1/Data/Images/Anomaly/071.JPG,1408,1270,1276,17,23,1253,115,0,0,0.9019886363636364,0.90625,0.012073863636363636,0.016335227272727272
TRI,image,172,pcb1/Data/Images/Anomaly/072.JPG,384,371,366,5,0,366,13,0,0,0.9661458333333334,0.953125,0.013020833333333334,0.0
TRI,image,173,pcb1/Data/Images/Anomaly/073.JPG,960,949,939,10,0,939,11,0,0,0.9885416666666667,0.978125,0.010416666666666666,0.0
TRI,image,174,pcb1/Data/Images/Anomaly/074.JPG,896,885,885,1,1,884,10,0,0,0.9877232142857143,0.9877232142857143,0.0011160714285714285,0.0011160714285714285
TRI,image,175,pcb1/Data/Images/Anomaly/075.JPG,512,490,490,5,5,485,17,0,0,0.95703125,0.95703125,0.009765625,0.009765625
TRI,image,176,pcb1/Data/Images/Anomaly/076.JPG,512,479,483,5,9,474,24,0,0,0.935546875,0.943359375,0.009765625,0.017578125
TRI,image,177,pcb1/Data/Images/Anomaly/077.JPG,1088,1006,1007,16,17,990,65,0,0,0.9246323529411765,0.9255514705882353,0.014705882352941176,0.015625
TRI,image,178,pcb1/Data/Images/Anomaly/078.JPG,448,401,396,11,6,390,41,0,0,0.8950892857142857,0.8839285714285714,0.024553571428571428,0.013392857142857142
TRI,image,179,pcb1/Data/Images/Anomaly/079.JPG,448,380,378,9,7,371,61,0,0,0.8482142857142857,0.84375,0.020089285714285716,0.015625
TRI,image,180,pcb1/Data/Images/Anomaly/080.JPG,704,696,694,2,0,694,8,0,0,0.9886363636363636,0.9857954545454546,0.002840909090909091,0.0
TRI,image,181,pcb1/Data/Images/Anomaly/081.JPG,768,753,744,10,1,743,14,0,0,0.98046875,0.96875,0.013020833333333334,0.0013020833333333333
TRI,image,182,pcb1/Data/Images/Anomaly/082.JPG,640,513,519,16,22,497,105,0,0,0.8015625,0.8109375,0.025,0.034375
TRI,image,183,pcb1/Data/Images/Anomaly/083.JPG,448,374,359,19,4,355,70,0,0,0.8348214285714286,0.8013392857142857,0.04241071428571429,0.008928571428571428
TRI,image,184,pcb1/Data/Images/Anomaly/084.JPG,1024,872,868,27,23,845,129,0,0,0.8515625,0.84765625,0.0263671875,0.0224609375
TRI,image,185,pcb1/Data/Images/Anomaly/085.JPG,704,635,650,6,21,629,48,0,0,0.9019886363636364,0.9232954545454546,0.008522727272727272,0.029829545454545456
TRI,image,186,pcb1/Data/Images/Anomaly/086.JPG,1152,934,930,43,39,891,179,0,0,0.8107638888888888,0.8072916666666666,0.03732638888888889,0.033854166666666664
TRI,image,187,pcb1/Data/Images/Anomaly/087.JPG,832,774,766,13,5,761,53,0,0,0.9302884615384616,0.9206730769230769,0.015625,0.006009615384615385
TRI,image,188,pcb1/Data/Images/Anomaly/088.JPG,960,883,892,2,11,881,66,0,0,0.9197916666666667,0.9291666666666667,0.0020833333333333333,0.011458333333333333
TRI,image,189,pcb1/Data/Images/Anomaly/089.JPG,1280,1203,1185,23,5,1180,72,0,0,0.93984375,0.92578125,0.01796875,0.00390625
TRI,image,190,pcb1/Data/Images/Anomaly/090.JPG,704,649,652,5,8,644,47,0,0,0.921875,0.9261363636363636,0.007102272727272727,0.011363636363636364
TRI,image,191,pcb1/Data/Images/Anomaly/091.JPG,1280,1098,1086,29,17,1069,165,0,0,0.8578125,0.8484375,0.02265625,0.01328125
TRI,image,192,pcb1/Data/Images/Anomaly/092.JPG,1920,1538,1543,44,49,1494,333,0,0,0.8010416666666667,0.8036458333333333,0.022916666666666665,0.025520833333333333
TRI,image,193,pcb1/Data/Images/Anomaly/093.JPG,1280,1150,1169,9,28,1141,102,0,0,0.8984375,0.91328125,0.00703125,0.021875
TRI,image,194,pcb1/Data/Images/Anomaly/094.JPG,1344,1195,1197,21,23,1174,126,0,0,0.8891369047619048,0.890625,0.015625,0.01711309523809524
TRI,image,195,pcb1/Data/Images/Anomaly/095.JPG,640,484,482,21,19,463,137,0,0,0.75625,0.753125,0.0328125,0.0296875
TRI,image,196,pcb1/Data/Images/Anomaly/096.JPG,448,431,427,8,4,423,13,0,0,0.9620535714285714,0.953125,0.017857142857142856,0.008928571428571428
TRI,image,197,pcb1/Data/Images/Anomaly/097.JPG,1408,1332,1336,9,13,1323,63,0,0,0.9460227272727273,0.9488636363636364,0.006392045454545455,0.009232954545454546
TRI,image,198,pcb1/Data/Images/Anomaly/098.JPG,704,697,692,7,2,690,5,0,0,0.9900568181818182,0.9829545454545454,0.009943181818181818,0.002840909090909091
TRI,image,199,pcb1/Data/Images/Anomaly/099.JPG,768,609,600,20,11,589,148,0,0,0.79296875,0.78125,0.026041666666666668,0.014322916666666666
TRI,aggregate,-1,__ALL__,113856,105667,105391,1413,1137,104254,7052,0,0,0.9280758150646431,0.9256517003934794,0.012410413153456997,0.009986298482293423
BAL,image,0,pcb1/Data/Images/Normal/0107.JPG,0,0,0,0,0,0,0,0,0,,,,
BAL,image,1,pcb1/Data/Images/Normal/0484.JPG,0,0,0,0,0,0,0,0,0,,,,
BAL,image,2,pcb1/Data/Images/Normal/0690.JPG,0,0,0,0,0,0,0,0,0,,,,
BAL,image,3,pcb1/Data/Images/Normal/0303.JPG,0,0,0,0,0,0,0,0,0,,,,
BAL,image,4,pcb1/Data/Images/Normal/0237.JPG,0,0,0,0,0,0,0,0,0,,,,
BAL,image,5,pcb1/Data/Images/Normal/0394.JPG,0,0,0,0,0,0,0,0,0,,,,
BAL,image,6,pcb1/Data/Images/Normal/0214.JPG,0,0,0,0,0,0,0,0,0,,,,
BAL,image,7,pcb1/Data/Images/Normal/0989.JPG,0,0,0,0,0,0,0,0,0,,,,
BAL,image,8,pcb1/Data/Images/Normal/0657.JPG,0,0,0,0,0,0,0,0,0,,,,
BAL,image,9,pcb1/Data/Images/Normal/0377.JPG,0,0,0,0,0,0,0,0,0,,,,
BAL,image,10,pcb1/Data/Images/Normal/0659.JPG,0,0,0,0,0,0,0,0,0,,,,
BAL,image,11,pcb1/Data/Images/Normal/0514.JPG,0,0,0,0,0,0,0,0,0,,,,
BAL,image,12,pcb1/Data/Images/Normal/0617.JPG,0,0,0,0,0,0,0,0,0,,,,
BAL,image,13,pcb1/Data/Images/Normal/0725.JPG,0,0,0,0,0,0,0,0,0,,,,
BAL,image,14,pcb1/Data/Images/Normal/0172.JPG,0,0,0,0,0,0,0,0,0,,,,
BAL,image,15,pcb1/Data/Images/Normal/1000.JPG,0,0,0,0,0,0,0,0,0,,,,
BAL,image,16,pcb1/Data/Images/Normal/0483.JPG,0,0,0,0,0,0,0,0,0,,,,
BAL,image,17,pcb1/Data/Images/Normal/0654.JPG,0,0,0,0,0,0,0,0,0,,,,
BAL,image,18,pcb1/Data/Images/Normal/0400.JPG,0,0,0,0,0,0,0,0,0,,,,
BAL,image,19,pcb1/Data/Images/Normal/0469.JPG,0,0,0,0,0,0,0,0,0,,,,
BAL,image,20,pcb1/Data/Images/Normal/0525.JPG,0,0,0,0,0,0,0,0,0,,,,
BAL,image,21,pcb1/Data/Images/Normal/0170.JPG,0,0,0,0,0,0,0,0,0,,,,
BAL,image,22,pcb1/Data/Images/Normal/0631.JPG,0,0,0,0,0,0,0,0,0,,,,
BAL,image,23,pcb1/Data/Images/Normal/0685.JPG,0,0,0,0,0,0,0,0,0,,,,
BAL,image,24,pcb1/Data/Images/Normal/0320.JPG,0,0,0,0,0,0,0,0,0,,,,
BAL,image,25,pcb1/Data/Images/Normal/0869.JPG,0,0,0,0,0,0,0,0,0,,,,
BAL,image,26,pcb1/Data/Images/Normal/0423.JPG,0,0,0,0,0,0,0,0,0,,,,
BAL,image,27,pcb1/Data/Images/Normal/0417.JPG,0,0,0,0,0,0,0,0,0,,,,
BAL,image,28,pcb1/Data/Images/Normal/0751.JPG,0,0,0,0,0,0,0,0,0,,,,
BAL,image,29,pcb1/Data/Images/Normal/0764.JPG,0,0,0,0,0,0,0,0,0,,,,
BAL,image,30,pcb1/Data/Images/Normal/0971.JPG,0,0,0,0,0,0,0,0,0,,,,
BAL,image,31,pcb1/Data/Images/Normal/0730.JPG,0,0,0,0,0,0,0,0,0,,,,
BAL,image,32,pcb1/Data/Images/Normal/0306.JPG,0,0,0,0,0,0,0,0,0,,,,
BAL,image,33,pcb1/Data/Images/Normal/0011.JPG,0,0,0,0,0,0,0,0,0,,,,
BAL,image,34,pcb1/Data/Images/Normal/0215.JPG,0,0,0,0,0,0,0,0,0,,,,
BAL,image,35,pcb1/Data/Images/Normal/0159.JPG,0,0,0,0,0,0,0,0,0,,,,
BAL,image,36,pcb1/Data/Images/Normal/0629.JPG,0,0,0,0,0,0,0,0,0,,,,
BAL,image,37,pcb1/Data/Images/Normal/0694.JPG,0,0,0,0,0,0,0,0,0,,,,
BAL,image,38,pcb1/Data/Images/Normal/0518.JPG,0,0,0,0,0,0,0,0,0,,,,
BAL,image,39,pcb1/Data/Images/Normal/0940.JPG,0,0,0,0,0,0,0,0,0,,,,
BAL,image,40,pcb1/Data/Images/Normal/0026.JPG,0,0,0,0,0,0,0,0,0,,,,
BAL,image,41,pcb1/Data/Images/Normal/0844.JPG,0,0,0,0,0,0,0,0,0,,,,
BAL,image,42,pcb1/Data/Images/Normal/0957.JPG,0,0,0,0,0,0,0,0,0,,,,
BAL,image,43,pcb1/Data/Images/Normal/0900.JPG,0,0,0,0,0,0,0,0,0,,,,
BAL,image,44,pcb1/Data/Images/Normal/0402.JPG,0,0,0,0,0,0,0,0,0,,,,
BAL,image,45,pcb1/Data/Images/Normal/0621.JPG,0,0,0,0,0,0,0,0,0,,,,
BAL,image,46,pcb1/Data/Images/Normal/0294.JPG,0,0,0,0,0,0,0,0,0,,,,
BAL,image,47,pcb1/Data/Images/Normal/0016.JPG,0,0,0,0,0,0,0,0,0,,,,
BAL,image,48,pcb1/Data/Images/Normal/0046.JPG,0,0,0,0,0,0,0,0,0,,,,
BAL,image,49,pcb1/Data/Images/Normal/0705.JPG,0,0,0,0,0,0,0,0,0,,,,
BAL,image,50,pcb1/Data/Images/Normal/0208.JPG,0,0,0,0,0,0,0,0,0,,,,
BAL,image,51,pcb1/Data/Images/Normal/0674.JPG,0,0,0,0,0,0,0,0,0,,,,
BAL,image,52,pcb1/Data/Images/Normal/0427.JPG,0,0,0,0,0,0,0,0,0,,,,
BAL,image,53,pcb1/Data/Images/Normal/0552.JPG,0,0,0,0,0,0,0,0,0,,,,
BAL,image,54,pcb1/Data/Images/Normal/0804.JPG,0,0,0,0,0,0,0,0,0,,,,
BAL,image,55,pcb1/Data/Images/Normal/0333.JPG,0,0,0,0,0,0,0,0,0,,,,
BAL,image,56,pcb1/Data/Images/Normal/0027.JPG,0,0,0,0,0,0,0,0,0,,,,
BAL,image,57,pcb1/Data/Images/Normal/0100.JPG,0,0,0,0,0,0,0,0,0,,,,
BAL,image,58,pcb1/Data/Images/Normal/0800.JPG,0,0,0,0,0,0,0,0,0,,,,
BAL,image,59,pcb1/Data/Images/Normal/0923.JPG,0,0,0,0,0,0,0,0,0,,,,
BAL,image,60,pcb1/Data/Images/Normal/0755.JPG,0,0,0,0,0,0,0,0,0,,,,
BAL,image,61,pcb1/Data/Images/Normal/0013.JPG,0,0,0,0,0,0,0,0,0,,,,
BAL,image,62,pcb1/Data/Images/Normal/0297.JPG,0,0,0,0,0,0,0,0,0,,,,
BAL,image,63,pcb1/Data/Images/Normal/0768.JPG,0,0,0,0,0,0,0,0,0,,,,
BAL,image,64,pcb1/Data/Images/Normal/0457.JPG,0,0,0,0,0,0,0,0,0,,,,
BAL,image,65,pcb1/Data/Images/Normal/0520.JPG,0,0,0,0,0,0,0,0,0,,,,
BAL,image,66,pcb1/Data/Images/Normal/0952.JPG,0,0,0,0,0,0,0,0,0,,,,
BAL,image,67,pcb1/Data/Images/Normal/0871.JPG,0,0,0,0,0,0,0,0,0,,,,
BAL,image,68,pcb1/Data/Images/Normal/0811.JPG,0,0,0,0,0,0,0,0,0,,,,
BAL,image,69,pcb1/Data/Images/Normal/0174.JPG,0,0,0,0,0,0,0,0,0,,,,
BAL,image,70,pcb1/Data/Images/Normal/0648.JPG,0,0,0,0,0,0,0,0,0,,,,
BAL,image,71,pcb1/Data/Images/Normal/0261.JPG,0,0,0,0,0,0,0,0,0,,,,
BAL,image,72,pcb1/Data/Images/Normal/0784.JPG,0,0,0,0,0,0,0,0,0,,,,
BAL,image,73,pcb1/Data/Images/Normal/0935.JPG,0,0,0,0,0,0,0,0,0,,,,
BAL,image,74,pcb1/Data/Images/Normal/0286.JPG,0,0,0,0,0,0,0,0,0,,,,
BAL,image,75,pcb1/Data/Images/Normal/0779.JPG,0,0,0,0,0,0,0,0,0,,,,
BAL,image,76,pcb1/Data/Images/Normal/0363.JPG,0,0,0,0,0,0,0,0,0,,,,
BAL,image,77,pcb1/Data/Images/Normal/0619.JPG,0,0,0,0,0,0,0,0,0,,,,
BAL,image,78,pcb1/Data/Images/Normal/0024.JPG,0,0,0,0,0,0,0,0,0,,,,
BAL,image,79,pcb1/Data/Images/Normal/0735.JPG,0,0,0,0,0,0,0,0,0,,,,
BAL,image,80,pcb1/Data/Images/Normal/0688.JPG,0,0,0,0,0,0,0,0,0,,,,
BAL,image,81,pcb1/Data/Images/Normal/0796.JPG,0,0,0,0,0,0,0,0,0,,,,
BAL,image,82,pcb1/Data/Images/Normal/0178.JPG,0,0,0,0,0,0,0,0,0,,,,
BAL,image,83,pcb1/Data/Images/Normal/0797.JPG,0,0,0,0,0,0,0,0,0,,,,
BAL,image,84,pcb1/Data/Images/Normal/0920.JPG,0,0,0,0,0,0,0,0,0,,,,
BAL,image,85,pcb1/Data/Images/Normal/0479.JPG,0,0,0,0,0,0,0,0,0,,,,
BAL,image,86,pcb1/Data/Images/Normal/0684.JPG,0,0,0,0,0,0,0,0,0,,,,
BAL,image,87,pcb1/Data/Images/Normal/0739.JPG,0,0,0,0,0,0,0,0,0,,,,
BAL,image,88,pcb1/Data/Images/Normal/0569.JPG,0,0,0,0,0,0,0,0,0,,,,
BAL,image,89,pcb1/Data/Images/Normal/0196.JPG,0,0,0,0,0,0,0,0,0,,,,
BAL,image,90,pcb1/Data/Images/Normal/0892.JPG,0,0,0,0,0,0,0,0,0,,,,
BAL,image,91,pcb1/Data/Images/Normal/0964.JPG,0,0,0,0,0,0,0,0,0,,,,
BAL,image,92,pcb1/Data/Images/Normal/0187.JPG,0,0,0,0,0,0,0,0,0,,,,
BAL,image,93,pcb1/Data/Images/Normal/0488.JPG,0,0,0,0,0,0,0,0,0,,,,
BAL,image,94,pcb1/Data/Images/Normal/0994.JPG,0,0,0,0,0,0,0,0,0,,,,
BAL,image,95,pcb1/Data/Images/Normal/0545.JPG,0,0,0,0,0,0,0,0,0,,,,
BAL,image,96,pcb1/Data/Images/Normal/0615.JPG,0,0,0,0,0,0,0,0,0,,,,
BAL,image,97,pcb1/Data/Images/Normal/0974.JPG,0,0,0,0,0,0,0,0,0,,,,
BAL,image,98,pcb1/Data/Images/Normal/0490.JPG,0,0,0,0,0,0,0,0,0,,,,
BAL,image,99,pcb1/Data/Images/Normal/0168.JPG,0,0,0,0,0,0,0,0,0,,,,
BAL,image,100,pcb1/Data/Images/Anomaly/000.JPG,384,351,358,1,8,350,25,0,0,0.9140625,0.9322916666666666,0.0026041666666666665,0.020833333333333332
BAL,image,101,pcb1/Data/Images/Anomaly/001.JPG,512,503,493,10,0,493,9,0,0,0.982421875,0.962890625,0.01953125,0.0
BAL,image,102,pcb1/Data/Images/Anomaly/002.JPG,640,630,630,1,1,629,9,0,0,0.984375,0.984375,0.0015625,0.0015625
BAL,image,103,pcb1/Data/Images/Anomaly/003.JPG,512,504,499,8,3,496,5,0,0,0.984375,0.974609375,0.015625,0.005859375
BAL,image,104,pcb1/Data/Images/Anomaly/004.JPG,576,525,527,8,10,517,41,0,0,0.9114583333333334,0.9149305555555556,0.013888888888888888,0.017361111111111112
BAL,image,105,pcb1/Data/Images/Anomaly/005.JPG,640,638,630,8,0,630,2,0,0,0.996875,0.984375,0.0125,0.0
BAL,image,106,pcb1/Data/Images/Anomaly/006.JPG,768,732,728,13,9,719,27,0,0,0.953125,0.9479166666666666,0.016927083333333332,0.01171875
BAL,image,107,pcb1/Data/Images/Anomaly/007.JPG,896,854,848,8,2,846,40,0,0,0.953125,0.9464285714285714,0.008928571428571428,0.002232142857142857
BAL,image,108,pcb1/Data/Images/Anomaly/008.JPG,896,892,884,8,0,884,4,0,0,0.9955357142857143,0.9866071428571429,0.008928571428571428,0.0
BAL,image,109,pcb1/Data/Images/Anomaly/009.JPG,832,822,814,8,0,814,10,0,0,0.9879807692307693,0.9783653846153846,0.009615384615384616,0.0
BAL,image,110,pcb1/Data/Images/Anomaly/010.JPG,1024,1018,1012,6,0,1012,6,0,0,0.994140625,0.98828125,0.005859375,0.0
BAL,image,111,pcb1/Data/Images/Anomaly/011.JPG,832,795,787,11,3,784,34,0,0,0.9555288461538461,0.9459134615384616,0.013221153846153846,0.003605769230769231
BAL,image,112,pcb1/Data/Images/Anomaly/012.JPG,960,960,948,12,0,948,0,0,0,1.0,0.9875,0.0125,0.0
BAL,image,113,pcb1/Data/Images/Anomaly/013.JPG,1216,1166,1156,24,14,1142,36,0,0,0.9588815789473685,0.9506578947368421,0.019736842105263157,0.011513157894736841
BAL,image,114,pcb1/Data/Images/Anomaly/014.JPG,1216,1181,1181,11,11,1170,24,0,0,0.9712171052631579,0.9712171052631579,0.009046052631578948,0.009046052631578948
BAL,image,115,pcb1/Data/Images/Anomaly/015.JPG,448,445,442,4,1,441,2,0,0,0.9933035714285714,0.9866071428571429,0.008928571428571428,0.002232142857142857
BAL,image,116,pcb1/Data/Images/Anomaly/016.JPG,768,765,757,8,0,757,3,0,0,0.99609375,0.9856770833333334,0.010416666666666666,0.0
BAL,image,117,pcb1/Data/Images/Anomaly/017.JPG,448,422,434,1,13,421,13,0,0,0.9419642857142857,0.96875,0.002232142857142857,0.029017857142857144
BAL,image,118,pcb1/Data/Images/Anomaly/018.JPG,448,423,429,6,12,417,13,0,0,0.9441964285714286,0.9575892857142857,0.013392857142857142,0.026785714285714284
BAL,image,119,pcb1/Data/Images/Anomaly/019.JPG,1024,940,940,16,16,924,68,0,0,0.91796875,0.91796875,0.015625,0.015625
BAL,image,120,pcb1/Data/Images/Anomaly/020.JPG,1472,1365,1324,51,10,1314,97,0,0,0.9273097826086957,0.8994565217391305,0.034646739130434784,0.006793478260869565
BAL,image,121,pcb1/Data/Images/Anomaly/021.JPG,512,503,493,10,0,493,9,0,0,0.982421875,0.962890625,0.01953125,0.0
BAL,image,122,pcb1/Data/Images/Anomaly/022.JPG,512,509,503,6,0,503,3,0,0,0.994140625,0.982421875,0.01171875,0.0
BAL,image,123,pcb1/Data/Images/Anomaly/023.JPG,512,510,507,3,0,507,2,0,0,0.99609375,0.990234375,0.005859375,0.0
BAL,image,124,pcb1/Data/Images/Anomaly/024.JPG,576,499,473,30,4,469,73,0,0,0.8663194444444444,0.8211805555555556,0.052083333333333336,0.006944444444444444
BAL,image,125,pcb1/Data/Images/Anomaly/025.JPG,384,324,315,24,15,300,45,0,0,0.84375,0.8203125,0.0625,0.0390625
BAL,image,126,pcb1/Data/Images/Anomaly/026.JPG,448,404,397,9,2,395,42,0,0,0.9017857142857143,0.8861607142857143,0.020089285714285716,0.004464285714285714
BAL,image,127,pcb1/Data/Images/Anomaly/027.JPG,1344,1230,1248,22,40,1208,74,0,0,0.9151785714285714,0.9285714285714286,0.01636904761904762,0.02976190476190476
BAL,image,128,pcb1/Data/Images/Anomaly/028.JPG,384,384,384,0,0,384,0,0,0,1.0,1.0,0.0,0.0
BAL,image,129,pcb1/Data/Images/Anomaly/029.JPG,512,498,499,5,6,493,8,0,0,0.97265625,0.974609375,0.009765625,0.01171875
BAL,image,130,pcb1/Data/Images/Anomaly/030.JPG,576,570,569,5,4,565,2,0,0,0.9895833333333334,0.9878472222222222,0.008680555555555556,0.006944444444444444
BAL,image,131,pcb1/Data/Images/Anomaly/031.JPG,1280,1228,1215,20,7,1208,45,0,0,0.959375,0.94921875,0.015625,0.00546875
BAL,image,132,pcb1/Data/Images/Anomaly/032.JPG,448,436,440,1,5,435,7,0,0,0.9732142857142857,0.9821428571428571,0.002232142857142857,0.011160714285714286
BAL,image,133,pcb1/Data/Images/Anomaly/033.JPG,384,365,365,5,5,360,14,0,0,0.9505208333333334,0.9505208333333334,0.013020833333333334,0.013020833333333334
BAL,image,134,pcb1/Data/Images/Anomaly/034.JPG,576,555,559,3,7,552,14,0,0,0.9635416666666666,0.9704861111111112,0.005208333333333333,0.012152777777777778
BAL,image,135,pcb1/Data/Images/Anomaly/035.JPG,384,382,374,9,1,373,1,0,0,0.9947916666666666,0.9739583333333334,0.0234375,0.0026041666666666665
BAL,image,136,pcb1/Data/Images/Anomaly/036.JPG,512,493,480,16,3,477,16,0,0,0.962890625,0.9375,0.03125,0.005859375
BAL,image,137,pcb1/Data/Images/Anomaly/037.JPG,832,762,767,14,19,748,51,0,0,0.9158653846153846,0.921875,0.016826923076923076,0.02283653846153846
BAL,image,138,pcb1/Data/Images/Anomaly/038.JPG,576,574,570,4,0,570,2,0,0,0.9965277777777778,0.9895833333333334,0.006944444444444444,0.0
BAL,image,139,pcb1/Data/Images/Anomaly/039.JPG,960,951,948,5,2,946,7,0,0,0.990625,0.9875,0.005208333333333333,0.0020833333333333333
BAL,image,140,pcb1/Data/Images/Anomaly/040.JPG,4096,3950,3948,32,30,3918,116,0,0,0.96435546875,0.9638671875,0.0078125,0.00732421875
BAL,image,141,pcb1/Data/Images/Anomaly/041.JPG,4096,3970,3952,31,13,3939,113,0,0,0.96923828125,0.96484375,0.007568359375,0.003173828125
BAL,image,142,pcb1/Data/Images/Anomaly/042.JPG,1728,1336,1345,51,60,1285,332,0,0,0.7731481481481481,0.7783564814814815,0.029513888888888888,0.034722222222222224
BAL,image,143,pcb1/Data/Images/Anomaly/043.JPG,4096,4028,4043,5,20,4023,48,0,0,0.9833984375,0.987060546875,0.001220703125,0.0048828125
BAL,image,144,pcb1/Data/Images/Anomaly/044.JPG,4096,4039,4027,23,11,4016,46,0,0,0.986083984375,0.983154296875,0.005615234375,0.002685546875
BAL,image,145,pcb1/Data/Images/Anomaly/045.JPG,4096,4049,4058,7,16,4042,31,0,0,0.988525390625,0.99072265625,0.001708984375,0.00390625
BAL,image,146,pcb1/Data/Images/Anomaly/046.JPG,4096,3996,4010,10,24,3986,76,0,0,0.9755859375,0.97900390625,0.00244140625,0.005859375
BAL,image,147,pcb1/Data/Images/Anomaly/047.JPG,640,578,568,25,15,553,47,0,0,0.903125,0.8875,0.0390625,0.0234375
BAL,image,148,pcb1/Data/Images/Anomaly/048.JPG,320,294,292,9,7,285,19,0,0,0.91875,0.9125,0.028125,0.021875
BAL,image,149,pcb1/Data/Images/Anomaly/049.JPG,1920,1217,1178,108,69,1109,634,0,0,0.6338541666666667,0.6135416666666667,0.05625,0.0359375
BAL,image,150,pcb1/Data/Images/Anomaly/050.JPG,4096,4003,3999,23,19,3980,74,0,0,0.977294921875,0.976318359375,0.005615234375,0.004638671875
BAL,image,151,pcb1/Data/Images/Anomaly/051.JPG,832,714,689,35,10,679,108,0,0,0.8581730769230769,0.828125,0.042067307692307696,0.01201923076923077
BAL,image,152,pcb1/Data/Images/Anomaly/052.JPG,640,572,584,7,19,565,49,0,0,0.89375,0.9125,0.0109375,0.0296875
BAL,image,153,pcb1/Data/Images/Anomaly/053.JPG,2560,2133,2104,88,59,2045,368,0,0,0.833203125,0.821875,0.034375,0.023046875
BAL,image,154,pcb1/Data/Images/Anomaly/054.JPG,4096,4013,4002,22,11,3991,72,0,0,0.979736328125,0.97705078125,0.00537109375,0.002685546875
BAL,image,155,pcb1/Data/Images/Anomaly/055.JPG,4096,3960,3952,41,33,3919,103,0,0,0.966796875,0.96484375,0.010009765625,0.008056640625
BAL,image,156,pcb1/Data/Images/Anomaly/056.JPG,2368,1917,1843,119,45,1798,406,0,0,0.809543918918919,0.778293918918919,0.05025337837837838,0.01900337837837838
BAL,image,157,pcb1/Data/Images/Anomaly/057.JPG,896,777,771,21,15,756,104,0,0,0.8671875,0.8604910714285714,0.0234375,0.016741071428571428
BAL,image,158,pcb1/Data/Images/Anomaly/058.JPG,640,580,584,15,19,565,41,0,0,0.90625,0.9125,0.0234375,0.0296875
BAL,image,159,pcb1/Data/Images/Anomaly/059.JPG,4096,4015,3987,36,8,3979,73,0,0,0.980224609375,0.973388671875,0.0087890625,0.001953125
BAL,image,160,pcb1/Data/Images/Anomaly/060.JPG,256,209,214,4,9,205,38,0,0,0.81640625,0.8359375,0.015625,0.03515625
BAL,image,161,pcb1/Data/Images/Anomaly/061.JPG,384,329,319,13,3,316,52,0,0,0.8567708333333334,0.8307291666666666,0.033854166666666664,0.0078125
BAL,image,162,pcb1/Data/Images/Anomaly/062.JPG,448,388,405,11,28,377,32,0,0,0.8660714285714286,0.9040178571428571,0.024553571428571428,0.0625
BAL,image,163,pcb1/Data/Images/Anomaly/063.JPG,704,677,670,14,7,663,20,0,0,0.9616477272727273,0.9517045454545454,0.019886363636363636,0.009943181818181818
BAL,image,164,pcb1/Data/Images/Anomaly/064.JPG,704,598,637,10,49,588,57,0,0,0.8494318181818182,0.9048295454545454,0.014204545454545454,0.06960227272727272
BAL,image,165,pcb1/Data/Images/Anomaly/065.JPG,384,383,379,4,0,379,1,0,0,0.9973958333333334,0.9869791666666666,0.010416666666666666,0.0
BAL,image,166,pcb1/Data/Images/Anomaly/066.JPG,704,641,621,25,5,616,58,0,0,0.9105113636363636,0.8821022727272727,0.03551136363636364,0.007102272727272727
BAL,image,167,pcb1/Data/Images/Anomaly/067.JPG,384,310,314,10,14,300,60,0,0,0.8072916666666666,0.8177083333333334,0.026041666666666668,0.036458333333333336
BAL,image,168,pcb1/Data/Images/Anomaly/068.JPG,640,638,632,6,0,632,2,0,0,0.996875,0.9875,0.009375,0.0
BAL,image,169,pcb1/Data/Images/Anomaly/069.JPG,1344,1291,1259,38,6,1253,47,0,0,0.9605654761904762,0.9367559523809523,0.028273809523809524,0.004464285714285714
BAL,image,170,pcb1/Data/Images/Anomaly/070.JPG,512,512,512,0,0,512,0,0,0,1.0,1.0,0.0,0.0
BAL,image,171,pcb1/Data/Images/Anomaly/071.JPG,1408,1301,1301,23,23,1278,84,0,0,0.9240056818181818,0.9240056818181818,0.016335227272727272,0.016335227272727272
BAL,image,172,pcb1/Data/Images/Anomaly/072.JPG,384,373,364,9,0,364,11,0,0,0.9713541666666666,0.9479166666666666,0.0234375,0.0
BAL,image,173,pcb1/Data/Images/Anomaly/073.JPG,960,949,929,20,0,929,11,0,0,0.9885416666666667,0.9677083333333333,0.020833333333333332,0.0
BAL,image,174,pcb1/Data/Images/Anomaly/074.JPG,896,884,881,4,1,880,11,0,0,0.9866071428571429,0.9832589285714286,0.004464285714285714,0.0011160714285714285
BAL,image,175,pcb1/Data/Images/Anomaly/075.JPG,512,492,487,6,1,486,19,0,0,0.9609375,0.951171875,0.01171875,0.001953125
BAL,image,176,pcb1/Data/Images/Anomaly/076.JPG,512,485,487,9,11,476,16,0,0,0.947265625,0.951171875,0.017578125,0.021484375
BAL,image,177,pcb1/Data/Images/Anomaly/077.JPG,1088,1017,1014,18,15,999,56,0,0,0.9347426470588235,0.9319852941176471,0.016544117647058824,0.013786764705882353
BAL,image,178,pcb1/Data/Images/Anomaly/078.JPG,448,408,403,13,8,395,32,0,0,0.9107142857142857,0.8995535714285714,0.029017857142857144,0.017857142857142856
BAL,image,179,pcb1/Data/Images/Anomaly/079.JPG,448,389,387,7,5,382,54,0,0,0.8683035714285714,0.8638392857142857,0.015625,0.011160714285714286
BAL,image,180,pcb1/Data/Images/Anomaly/080.JPG,704,697,697,0,0,697,7,0,0,0.9900568181818182,0.9900568181818182,0.0,0.0
BAL,image,181,pcb1/Data/Images/Anomaly/081.JPG,768,756,744,13,1,743,11,0,0,0.984375,0.96875,0.016927083333333332,0.0013020833333333333
BAL,image,182,pcb1/Data/Images/Anomaly/082.JPG,640,550,527,36,13,514,77,0,0,0.859375,0.8234375,0.05625,0.0203125
BAL,image,183,pcb1/Data/Images/Anomaly/083.JPG,448,379,357,24,2,355,67,0,0,0.8459821428571429,0.796875,0.05357142857142857,0.004464285714285714
BAL,image,184,pcb1/Data/Images/Anomaly/084.JPG,1024,897,900,24,27,873,100,0,0,0.8759765625,0.87890625,0.0234375,0.0263671875
BAL,image,185,pcb1/Data/Images/Anomaly/085.JPG,704,659,672,3,16,656,29,0,0,0.9360795454545454,0.9545454545454546,0.004261363636363636,0.022727272727272728
BAL,image,186,pcb1/Data/Images/Anomaly/086.JPG,1152,1003,993,45,35,958,114,0,0,0.8706597222222222,0.8619791666666666,0.0390625,0.030381944444444444
BAL,image,187,pcb1/Data/Images/Anomaly/087.JPG,832,796,788,9,1,787,35,0,0,0.9567307692307693,0.9471153846153846,0.010817307692307692,0.001201923076923077
BAL,image,188,pcb1/Data/Images/Anomaly/088.JPG,960,888,899,4,15,884,57,0,0,0.925,0.9364583333333333,0.004166666666666667,0.015625
BAL,image,189,pcb1/Data/Images/Anomaly/089.JPG,1280,1216,1195,24,3,1192,61,0,0,0.95,0.93359375,0.01875,0.00234375
BAL,image,190,pcb1/Data/Images/Anomaly/090.JPG,704,668,663,9,4,659,32,0,0,0.9488636363636364,0.9417613636363636,0.01278409090909091,0.005681818181818182
BAL,image,191,pcb1/Data/Images/Anomaly/091.JPG,1280,1144,1141,23,20,1121,116,0,0,0.89375,0.89140625,0.01796875,0.015625
BAL,image,192,pcb1/Data/Images/Anomaly/092.JPG,1920,1598,1616,42,60,1556,262,0,0,0.8322916666666667,0.8416666666666667,0.021875,0.03125
BAL,image,193,pcb1/Data/Images/Anomaly/093.JPG,1280,1177,1193,12,28,1165,75,0,0,0.91953125,0.93203125,0.009375,0.021875
BAL,image,194,pcb1/Data/Images/Anomaly/094.JPG,1344,1234,1237,19,22,1215,88,0,0,0.9181547619047619,0.9203869047619048,0.014136904761904762,0.01636904761904762
BAL,image,195,pcb1/Data/Images/Anomaly/095.JPG,640,498,505,20,27,478,115,0,0,0.778125,0.7890625,0.03125,0.0421875
BAL,image,196,pcb1/Data/Images/Anomaly/096.JPG,448,437,433,7,3,430,8,0,0,0.9754464285714286,0.9665178571428571,0.015625,0.006696428571428571
BAL,image,197,pcb1/Data/Images/Anomaly/097.JPG,1408,1345,1343,14,12,1331,51,0,0,0.9552556818181818,0.9538352272727273,0.009943181818181818,0.008522727272727272
BAL,image,198,pcb1/Data/Images/Anomaly/098.JPG,704,699,695,4,0,695,5,0,0,0.9928977272727273,0.9872159090909091,0.005681818181818182,0.0
BAL,image,199,pcb1/Data/Images/Anomaly/099.JPG,768,635,630,19,14,616,119,0,0,0.8268229166666666,0.8203125,0.024739583333333332,0.018229166666666668
BAL,aggregate,-1,__ALL__,113856,106799,106306,1717,1224,105082,5833,0,0,0.938018198426082,0.933688167509837,0.015080452501405283,0.010750421585160203
DUP,image,0,pcb1/Data/Images/Normal/0107.JPG,0,0,0,0,0,0,0,0,0,,,,
DUP,image,1,pcb1/Data/Images/Normal/0484.JPG,0,0,0,0,0,0,0,0,0,,,,
DUP,image,2,pcb1/Data/Images/Normal/0690.JPG,0,0,0,0,0,0,0,0,0,,,,
DUP,image,3,pcb1/Data/Images/Normal/0303.JPG,0,0,0,0,0,0,0,0,0,,,,
DUP,image,4,pcb1/Data/Images/Normal/0237.JPG,0,0,0,0,0,0,0,0,0,,,,
DUP,image,5,pcb1/Data/Images/Normal/0394.JPG,0,0,0,0,0,0,0,0,0,,,,
DUP,image,6,pcb1/Data/Images/Normal/0214.JPG,0,0,0,0,0,0,0,0,0,,,,
DUP,image,7,pcb1/Data/Images/Normal/0989.JPG,0,0,0,0,0,0,0,0,0,,,,
DUP,image,8,pcb1/Data/Images/Normal/0657.JPG,0,0,0,0,0,0,0,0,0,,,,
DUP,image,9,pcb1/Data/Images/Normal/0377.JPG,0,0,0,0,0,0,0,0,0,,,,
DUP,image,10,pcb1/Data/Images/Normal/0659.JPG,0,0,0,0,0,0,0,0,0,,,,
DUP,image,11,pcb1/Data/Images/Normal/0514.JPG,0,0,0,0,0,0,0,0,0,,,,
DUP,image,12,pcb1/Data/Images/Normal/0617.JPG,0,0,0,0,0,0,0,0,0,,,,
DUP,image,13,pcb1/Data/Images/Normal/0725.JPG,0,0,0,0,0,0,0,0,0,,,,
DUP,image,14,pcb1/Data/Images/Normal/0172.JPG,0,0,0,0,0,0,0,0,0,,,,
DUP,image,15,pcb1/Data/Images/Normal/1000.JPG,0,0,0,0,0,0,0,0,0,,,,
DUP,image,16,pcb1/Data/Images/Normal/0483.JPG,0,0,0,0,0,0,0,0,0,,,,
DUP,image,17,pcb1/Data/Images/Normal/0654.JPG,0,0,0,0,0,0,0,0,0,,,,
DUP,image,18,pcb1/Data/Images/Normal/0400.JPG,0,0,0,0,0,0,0,0,0,,,,
DUP,image,19,pcb1/Data/Images/Normal/0469.JPG,0,0,0,0,0,0,0,0,0,,,,
DUP,image,20,pcb1/Data/Images/Normal/0525.JPG,0,0,0,0,0,0,0,0,0,,,,
DUP,image,21,pcb1/Data/Images/Normal/0170.JPG,0,0,0,0,0,0,0,0,0,,,,
DUP,image,22,pcb1/Data/Images/Normal/0631.JPG,0,0,0,0,0,0,0,0,0,,,,
DUP,image,23,pcb1/Data/Images/Normal/0685.JPG,0,0,0,0,0,0,0,0,0,,,,
DUP,image,24,pcb1/Data/Images/Normal/0320.JPG,0,0,0,0,0,0,0,0,0,,,,
DUP,image,25,pcb1/Data/Images/Normal/0869.JPG,0,0,0,0,0,0,0,0,0,,,,
DUP,image,26,pcb1/Data/Images/Normal/0423.JPG,0,0,0,0,0,0,0,0,0,,,,
DUP,image,27,pcb1/Data/Images/Normal/0417.JPG,0,0,0,0,0,0,0,0,0,,,,
DUP,image,28,pcb1/Data/Images/Normal/0751.JPG,0,0,0,0,0,0,0,0,0,,,,
DUP,image,29,pcb1/Data/Images/Normal/0764.JPG,0,0,0,0,0,0,0,0,0,,,,
DUP,image,30,pcb1/Data/Images/Normal/0971.JPG,0,0,0,0,0,0,0,0,0,,,,
DUP,image,31,pcb1/Data/Images/Normal/0730.JPG,0,0,0,0,0,0,0,0,0,,,,
DUP,image,32,pcb1/Data/Images/Normal/0306.JPG,0,0,0,0,0,0,0,0,0,,,,
DUP,image,33,pcb1/Data/Images/Normal/0011.JPG,0,0,0,0,0,0,0,0,0,,,,
DUP,image,34,pcb1/Data/Images/Normal/0215.JPG,0,0,0,0,0,0,0,0,0,,,,
DUP,image,35,pcb1/Data/Images/Normal/0159.JPG,0,0,0,0,0,0,0,0,0,,,,
DUP,image,36,pcb1/Data/Images/Normal/0629.JPG,0,0,0,0,0,0,0,0,0,,,,
DUP,image,37,pcb1/Data/Images/Normal/0694.JPG,0,0,0,0,0,0,0,0,0,,,,
DUP,image,38,pcb1/Data/Images/Normal/0518.JPG,0,0,0,0,0,0,0,0,0,,,,
DUP,image,39,pcb1/Data/Images/Normal/0940.JPG,0,0,0,0,0,0,0,0,0,,,,
DUP,image,40,pcb1/Data/Images/Normal/0026.JPG,0,0,0,0,0,0,0,0,0,,,,
DUP,image,41,pcb1/Data/Images/Normal/0844.JPG,0,0,0,0,0,0,0,0,0,,,,
DUP,image,42,pcb1/Data/Images/Normal/0957.JPG,0,0,0,0,0,0,0,0,0,,,,
DUP,image,43,pcb1/Data/Images/Normal/0900.JPG,0,0,0,0,0,0,0,0,0,,,,
DUP,image,44,pcb1/Data/Images/Normal/0402.JPG,0,0,0,0,0,0,0,0,0,,,,
DUP,image,45,pcb1/Data/Images/Normal/0621.JPG,0,0,0,0,0,0,0,0,0,,,,
DUP,image,46,pcb1/Data/Images/Normal/0294.JPG,0,0,0,0,0,0,0,0,0,,,,
DUP,image,47,pcb1/Data/Images/Normal/0016.JPG,0,0,0,0,0,0,0,0,0,,,,
DUP,image,48,pcb1/Data/Images/Normal/0046.JPG,0,0,0,0,0,0,0,0,0,,,,
DUP,image,49,pcb1/Data/Images/Normal/0705.JPG,0,0,0,0,0,0,0,0,0,,,,
DUP,image,50,pcb1/Data/Images/Normal/0208.JPG,0,0,0,0,0,0,0,0,0,,,,
DUP,image,51,pcb1/Data/Images/Normal/0674.JPG,0,0,0,0,0,0,0,0,0,,,,
DUP,image,52,pcb1/Data/Images/Normal/0427.JPG,0,0,0,0,0,0,0,0,0,,,,
DUP,image,53,pcb1/Data/Images/Normal/0552.JPG,0,0,0,0,0,0,0,0,0,,,,
DUP,image,54,pcb1/Data/Images/Normal/0804.JPG,0,0,0,0,0,0,0,0,0,,,,
DUP,image,55,pcb1/Data/Images/Normal/0333.JPG,0,0,0,0,0,0,0,0,0,,,,
DUP,image,56,pcb1/Data/Images/Normal/0027.JPG,0,0,0,0,0,0,0,0,0,,,,
DUP,image,57,pcb1/Data/Images/Normal/0100.JPG,0,0,0,0,0,0,0,0,0,,,,
DUP,image,58,pcb1/Data/Images/Normal/0800.JPG,0,0,0,0,0,0,0,0,0,,,,
DUP,image,59,pcb1/Data/Images/Normal/0923.JPG,0,0,0,0,0,0,0,0,0,,,,
DUP,image,60,pcb1/Data/Images/Normal/0755.JPG,0,0,0,0,0,0,0,0,0,,,,
DUP,image,61,pcb1/Data/Images/Normal/0013.JPG,0,0,0,0,0,0,0,0,0,,,,
DUP,image,62,pcb1/Data/Images/Normal/0297.JPG,0,0,0,0,0,0,0,0,0,,,,
DUP,image,63,pcb1/Data/Images/Normal/0768.JPG,0,0,0,0,0,0,0,0,0,,,,
DUP,image,64,pcb1/Data/Images/Normal/0457.JPG,0,0,0,0,0,0,0,0,0,,,,
DUP,image,65,pcb1/Data/Images/Normal/0520.JPG,0,0,0,0,0,0,0,0,0,,,,
DUP,image,66,pcb1/Data/Images/Normal/0952.JPG,0,0,0,0,0,0,0,0,0,,,,
DUP,image,67,pcb1/Data/Images/Normal/0871.JPG,0,0,0,0,0,0,0,0,0,,,,
DUP,image,68,pcb1/Data/Images/Normal/0811.JPG,0,0,0,0,0,0,0,0,0,,,,
DUP,image,69,pcb1/Data/Images/Normal/0174.JPG,0,0,0,0,0,0,0,0,0,,,,
DUP,image,70,pcb1/Data/Images/Normal/0648.JPG,0,0,0,0,0,0,0,0,0,,,,
DUP,image,71,pcb1/Data/Images/Normal/0261.JPG,0,0,0,0,0,0,0,0,0,,,,
DUP,image,72,pcb1/Data/Images/Normal/0784.JPG,0,0,0,0,0,0,0,0,0,,,,
DUP,image,73,pcb1/Data/Images/Normal/0935.JPG,0,0,0,0,0,0,0,0,0,,,,
DUP,image,74,pcb1/Data/Images/Normal/0286.JPG,0,0,0,0,0,0,0,0,0,,,,
DUP,image,75,pcb1/Data/Images/Normal/0779.JPG,0,0,0,0,0,0,0,0,0,,,,
DUP,image,76,pcb1/Data/Images/Normal/0363.JPG,0,0,0,0,0,0,0,0,0,,,,
DUP,image,77,pcb1/Data/Images/Normal/0619.JPG,0,0,0,0,0,0,0,0,0,,,,
DUP,image,78,pcb1/Data/Images/Normal/0024.JPG,0,0,0,0,0,0,0,0,0,,,,
DUP,image,79,pcb1/Data/Images/Normal/0735.JPG,0,0,0,0,0,0,0,0,0,,,,
DUP,image,80,pcb1/Data/Images/Normal/0688.JPG,0,0,0,0,0,0,0,0,0,,,,
DUP,image,81,pcb1/Data/Images/Normal/0796.JPG,0,0,0,0,0,0,0,0,0,,,,
DUP,image,82,pcb1/Data/Images/Normal/0178.JPG,0,0,0,0,0,0,0,0,0,,,,
DUP,image,83,pcb1/Data/Images/Normal/0797.JPG,0,0,0,0,0,0,0,0,0,,,,
DUP,image,84,pcb1/Data/Images/Normal/0920.JPG,0,0,0,0,0,0,0,0,0,,,,
DUP,image,85,pcb1/Data/Images/Normal/0479.JPG,0,0,0,0,0,0,0,0,0,,,,
DUP,image,86,pcb1/Data/Images/Normal/0684.JPG,0,0,0,0,0,0,0,0,0,,,,
DUP,image,87,pcb1/Data/Images/Normal/0739.JPG,0,0,0,0,0,0,0,0,0,,,,
DUP,image,88,pcb1/Data/Images/Normal/0569.JPG,0,0,0,0,0,0,0,0,0,,,,
DUP,image,89,pcb1/Data/Images/Normal/0196.JPG,0,0,0,0,0,0,0,0,0,,,,
DUP,image,90,pcb1/Data/Images/Normal/0892.JPG,0,0,0,0,0,0,0,0,0,,,,
DUP,image,91,pcb1/Data/Images/Normal/0964.JPG,0,0,0,0,0,0,0,0,0,,,,
DUP,image,92,pcb1/Data/Images/Normal/0187.JPG,0,0,0,0,0,0,0,0,0,,,,
DUP,image,93,pcb1/Data/Images/Normal/0488.JPG,0,0,0,0,0,0,0,0,0,,,,
DUP,image,94,pcb1/Data/Images/Normal/0994.JPG,0,0,0,0,0,0,0,0,0,,,,
DUP,image,95,pcb1/Data/Images/Normal/0545.JPG,0,0,0,0,0,0,0,0,0,,,,
DUP,image,96,pcb1/Data/Images/Normal/0615.JPG,0,0,0,0,0,0,0,0,0,,,,
DUP,image,97,pcb1/Data/Images/Normal/0974.JPG,0,0,0,0,0,0,0,0,0,,,,
DUP,image,98,pcb1/Data/Images/Normal/0490.JPG,0,0,0,0,0,0,0,0,0,,,,
DUP,image,99,pcb1/Data/Images/Normal/0168.JPG,0,0,0,0,0,0,0,0,0,,,,
DUP,image,100,pcb1/Data/Images/Anomaly/000.JPG,384,341,344,3,6,338,37,0,0,0.8880208333333334,0.8958333333333334,0.0078125,0.015625
DUP,image,101,pcb1/Data/Images/Anomaly/001.JPG,512,493,481,13,1,480,18,0,0,0.962890625,0.939453125,0.025390625,0.001953125
DUP,image,102,pcb1/Data/Images/Anomaly/002.JPG,640,619,616,3,0,616,21,0,0,0.9671875,0.9625,0.0046875,0.0
DUP,image,103,pcb1/Data/Images/Anomaly/003.JPG,512,496,499,3,6,493,10,0,0,0.96875,0.974609375,0.005859375,0.01171875
DUP,image,104,pcb1/Data/Images/Anomaly/004.JPG,576,522,518,7,3,515,51,0,0,0.90625,0.8993055555555556,0.012152777777777778,0.005208333333333333
DUP,image,105,pcb1/Data/Images/Anomaly/005.JPG,640,637,634,3,0,634,3,0,0,0.9953125,0.990625,0.0046875,0.0
DUP,image,106,pcb1/Data/Images/Anomaly/006.JPG,768,725,724,5,4,720,39,0,0,0.9440104166666666,0.9427083333333334,0.006510416666666667,0.005208333333333333
DUP,image,107,pcb1/Data/Images/Anomaly/007.JPG,896,828,828,6,6,822,62,0,0,0.9241071428571429,0.9241071428571429,0.006696428571428571,0.006696428571428571
DUP,image,108,pcb1/Data/Images/Anomaly/008.JPG,896,891,891,0,0,891,5,0,0,0.9944196428571429,0.9944196428571429,0.0,0.0
DUP,image,109,pcb1/Data/Images/Anomaly/009.JPG,832,812,810,3,1,809,19,0,0,0.9759615384615384,0.9735576923076923,0.003605769230769231,0.001201923076923077
DUP,image,110,pcb1/Data/Images/Anomaly/010.JPG,1024,1013,1012,1,0,1012,11,0,0,0.9892578125,0.98828125,0.0009765625,0.0
DUP,image,111,pcb1/Data/Images/Anomaly/011.JPG,832,789,788,3,2,786,41,0,0,0.9483173076923077,0.9471153846153846,0.003605769230769231,0.002403846153846154
DUP,image,112,pcb1/Data/Images/Anomaly/012.JPG,960,957,953,4,0,953,3,0,0,0.996875,0.9927083333333333,0.004166666666666667,0.0
DUP,image,113,pcb1/Data/Images/Anomaly/013.JPG,1216,1134,1115,22,3,1112,79,0,0,0.9325657894736842,0.9169407894736842,0.018092105263157895,0.0024671052631578946
DUP,image,114,pcb1/Data/Images/Anomaly/014.JPG,1216,1162,1169,6,13,1156,41,0,0,0.9555921052631579,0.9613486842105263,0.004934210526315789,0.01069078947368421
DUP,image,115,pcb1/Data/Images/Anomaly/015.JPG,448,436,438,3,5,433,7,0,0,0.9732142857142857,0.9776785714285714,0.006696428571428571,0.011160714285714286
DUP,image,116,pcb1/Data/Images/Anomaly/016.JPG,768,752,746,6,0,746,16,0,0,0.9791666666666666,0.9713541666666666,0.0078125,0.0
DUP,image,117,pcb1/Data/Images/Anomaly/017.JPG,448,415,418,4,7,411,26,0,0,0.9263392857142857,0.9330357142857143,0.008928571428571428,0.015625
DUP,image,118,pcb1/Data/Images/Anomaly/018.JPG,448,408,405,5,2,403,38,0,0,0.9107142857142857,0.9040178571428571,0.011160714285714286,0.004464285714285714
DUP,image,119,pcb1/Data/Images/Anomaly/019.JPG,1024,863,868,8,13,855,148,0,0,0.8427734375,0.84765625,0.0078125,0.0126953125
DUP,image,120,pcb1/Data/Images/Anomaly/020.JPG,1472,1315,1275,48,8,1267,149,0,0,0.8933423913043478,0.8661684782608695,0.03260869565217391,0.005434782608695652
DUP,image,121,pcb1/Data/Images/Anomaly/021.JPG,512,495,491,5,1,490,16,0,0,0.966796875,0.958984375,0.009765625,0.001953125
DUP,image,122,pcb1/Data/Images/Anomaly/022.JPG,512,496,492,4,0,492,16,0,0,0.96875,0.9609375,0.0078125,0.0
DUP,image,123,pcb1/Data/Images/Anomaly/023.JPG,512,495,494,3,2,492,15,0,0,0.966796875,0.96484375,0.005859375,0.00390625
DUP,image,124,pcb1/Data/Images/Anomaly/024.JPG,576,470,445,27,2,443,104,0,0,0.8159722222222222,0.7725694444444444,0.046875,0.003472222222222222
DUP,image,125,pcb1/Data/Images/Anomaly/025.JPG,384,286,299,3,16,283,82,0,0,0.7447916666666666,0.7786458333333334,0.0078125,0.041666666666666664
DUP,image,126,pcb1/Data/Images/Anomaly/026.JPG,448,373,362,13,2,360,73,0,0,0.8325892857142857,0.8080357142857143,0.029017857142857144,0.004464285714285714
DUP,image,127,pcb1/Data/Images/Anomaly/027.JPG,1344,1152,1154,27,29,1125,163,0,0,0.8571428571428571,0.8586309523809523,0.020089285714285716,0.021577380952380952
DUP,image,128,pcb1/Data/Images/Anomaly/028.JPG,384,379,377,2,0,377,5,0,0,0.9869791666666666,0.9817708333333334,0.005208333333333333,0.0
DUP,image,129,pcb1/Data/Images/Anomaly/029.JPG,512,475,480,2,7,473,30,0,0,0.927734375,0.9375,0.00390625,0.013671875
DUP,image,130,pcb1/Data/Images/Anomaly/030.JPG,576,563,567,2,6,561,7,0,0,0.9774305555555556,0.984375,0.003472222222222222,0.010416666666666666
DUP,image,131,pcb1/Data/Images/Anomaly/031.JPG,1280,1131,1117,21,7,1110,142,0,0,0.88359375,0.87265625,0.01640625,0.00546875
DUP,image,132,pcb1/Data/Images/Anomaly/032.JPG,448,431,438,1,8,430,9,0,0,0.9620535714285714,0.9776785714285714,0.002232142857142857,0.017857142857142856
DUP,image,133,pcb1/Data/Images/Anomaly/033.JPG,384,352,346,7,1,345,31,0,0,0.9166666666666666,0.9010416666666666,0.018229166666666668,0.0026041666666666665
DUP,image,134,pcb1/Data/Images/Anomaly/034.JPG,576,534,536,0,2,534,40,0,0,0.9270833333333334,0.9305555555555556,0.0,0.003472222222222222
DUP,image,135,pcb1/Data/Images/Anomaly/035.JPG,384,365,366,4,5,361,14,0,0,0.9505208333333334,0.953125,0.010416666666666666,0.013020833333333334
DUP,image,136,pcb1/Data/Images/Anomaly/036.JPG,512,477,475,9,7,468,28,0,0,0.931640625,0.927734375,0.017578125,0.013671875
DUP,image,137,pcb1/Data/Images/Anomaly/037.JPG,832,733,744,11,22,722,77,0,0,0.8810096153846154,0.8942307692307693,0.013221153846153846,0.026442307692307692
DUP,image,138,pcb1/Data/Images/Anomaly/038.JPG,576,569,566,3,0,566,7,0,0,0.9878472222222222,0.9826388888888888,0.005208333333333333,0.0
DUP,image,139,pcb1/Data/Images/Anomaly/039.JPG,960,932,929,6,3,926,25,0,0,0.9708333333333333,0.9677083333333333,0.00625,0.003125
DUP,image,140,pcb1/Data/Images/Anomaly/040.JPG,4096,3900,3905,21,26,3879,170,0,0,0.9521484375,0.953369140625,0.005126953125,0.00634765625
DUP,image,141,pcb1/Data/Images/Anomaly/041.JPG,4096,3877,3886,23,32,3854,187,0,0,0.946533203125,0.94873046875,0.005615234375,0.0078125
DUP,image,142,pcb1/Data/Images/Anomaly/042.JPG,1728,1218,1227,26,35,1192,475,0,0,0.7048611111111112,0.7100694444444444,0.015046296296296295,0.02025462962962963
DUP,image,143,pcb1/Data/Images/Anomaly/043.JPG,4096,3949,3978,1,30,3948,117,0,0,0.964111328125,0.97119140625,0.000244140625,0.00732421875
DUP,image,144,pcb1/Data/Images/Anomaly/044.JPG,4096,4004,4011,12,19,3992,73,0,0,0.9775390625,0.979248046875,0.0029296875,0.004638671875
DUP,image,145,pcb1/Data/Images/Anomaly/045.JPG,4096,3962,3974,17,29,3945,105,0,0,0.96728515625,0.97021484375,0.004150390625,0.007080078125
DUP,image,146,pcb1/Data/Images/Anomaly/046.JPG,4096,3909,3936,6,33,3903,154,0,0,0.954345703125,0.9609375,0.00146484375,0.008056640625
DUP,image,147,pcb1/Data/Images/Anomaly/047.JPG,640,543,539,18,14,525,83,0,0,0.8484375,0.8421875,0.028125,0.021875
DUP,image,148,pcb1/Data/Images/Anomaly/048.JPG,320,288,286,5,3,283,29,0,0,0.9,0.89375,0.015625,0.009375
DUP,image,149,pcb1/Data/Images/Anomaly/049.JPG,1920,1147,1150,60,63,1087,710,0,0,0.5973958333333333,0.5989583333333334,0.03125,0.0328125
DUP,image,150,pcb1/Data/Images/Anomaly/050.JPG,4096,3958,3971,12,25,3946,113,0,0,0.96630859375,0.969482421875,0.0029296875,0.006103515625
DUP,image,151,pcb1/Data/Images/Anomaly/051.JPG,832,694,698,8,12,686,126,0,0,0.8341346153846154,0.8389423076923077,0.009615384615384616,0.014423076923076924
DUP,image,152,pcb1/Data/Images/Anomaly/052.JPG,640,543,545,12,14,531,83,0,0,0.8484375,0.8515625,0.01875,0.021875
DUP,image,153,pcb1/Data/Images/Anomaly/053.JPG,2560,2016,2024,52,60,1964,484,0,0,0.7875,0.790625,0.0203125,0.0234375
DUP,image,154,pcb1/Data/Images/Anomaly/054.JPG,4096,3971,3983,14,26,3957,99,0,0,0.969482421875,0.972412109375,0.00341796875,0.00634765625
DUP,image,155,pcb1/Data/Images/Anomaly/055.JPG,4096,3916,3914,29,27,3887,153,0,0,0.9560546875,0.95556640625,0.007080078125,0.006591796875
DUP,image,156,pcb1/Data/Images/Anomaly/056.JPG,2368,1848,1853,50,55,1798,465,0,0,0.7804054054054054,0.7825168918918919,0.021114864864864864,0.02322635135135135
DUP,image,157,pcb1/Data/Images/Anomaly/057.JPG,896,753,753,14,14,739,129,0,0,0.8404017857142857,0.8404017857142857,0.015625,0.015625
DUP,image,158,pcb1/Data/Images/Anomaly/058.JPG,640,546,543,15,12,531,82,0,0,0.853125,0.8484375,0.0234375,0.01875
DUP,image,159,pcb1/Data/Images/Anomaly/059.JPG,4096,3938,3933,13,8,3925,150,0,0,0.96142578125,0.960205078125,0.003173828125,0.001953125
DUP,image,160,pcb1/Data/Images/Anomaly/060.JPG,256,195,197,1,3,194,58,0,0,0.76171875,0.76953125,0.00390625,0.01171875
DUP,image,161,pcb1/Data/Images/Anomaly/061.JPG,384,319,306,17,4,302,61,0,0,0.8307291666666666,0.796875,0.044270833333333336,0.010416666666666666
DUP,image,162,pcb1/Data/Images/Anomaly/062.JPG,448,397,400,8,11,389,40,0,0,0.8861607142857143,0.8928571428571429,0.017857142857142856,0.024553571428571428
DUP,image,163,pcb1/Data/Images/Anomaly/063.JPG,704,662,661,9,8,653,34,0,0,0.9403409090909091,0.9389204545454546,0.01278409090909091,0.011363636363636364
DUP,image,164,pcb1/Data/Images/Anomaly/064.JPG,704,563,613,5,55,558,86,0,0,0.7997159090909091,0.8707386363636364,0.007102272727272727,0.078125
DUP,image,165,pcb1/Data/Images/Anomaly/065.JPG,384,377,375,2,0,375,7,0,0,0.9817708333333334,0.9765625,0.005208333333333333,0.0
DUP,image,166,pcb1/Data/Images/Anomaly/066.JPG,704,621,612,17,8,604,75,0,0,0.8821022727272727,0.8693181818181818,0.024147727272727272,0.011363636363636364
DUP,image,167,pcb1/Data/Images/Anomaly/067.JPG,384,285,292,6,13,279,86,0,0,0.7421875,0.7604166666666666,0.015625,0.033854166666666664
DUP,image,168,pcb1/Data/Images/Anomaly/068.JPG,640,617,618,2,3,615,20,0,0,0.9640625,0.965625,0.003125,0.0046875
DUP,image,169,pcb1/Data/Images/Anomaly/069.JPG,1344,1262,1246,17,1,1245,81,0,0,0.9389880952380952,0.9270833333333334,0.012648809523809524,0.000744047619047619
DUP,image,170,pcb1/Data/Images/Anomaly/070.JPG,512,511,510,1,0,510,1,0,0,0.998046875,0.99609375,0.001953125,0.0
DUP,image,171,pcb1/Data/Images/Anomaly/071.JPG,1408,1246,1264,7,25,1239,137,0,0,0.8849431818181818,0.8977272727272727,0.004971590909090909,0.01775568181818182
DUP,image,172,pcb1/Data/Images/Anomaly/072.JPG,384,360,353,9,2,351,22,0,0,0.9375,0.9192708333333334,0.0234375,0.005208333333333333
DUP,image,173,pcb1/Data/Images/Anomaly/073.JPG,960,951,946,5,0,946,9,0,0,0.990625,0.9854166666666667,0.005208333333333333,0.0
DUP,image,174,pcb1/Data/Images/Anomaly/074.JPG,896,867,870,3,6,864,23,0,0,0.9676339285714286,0.9709821428571429,0.0033482142857142855,0.006696428571428571
DUP,image,175,pcb1/Data/Images/Anomaly/075.JPG,512,482,481,4,3,478,27,0,0,0.94140625,0.939453125,0.0078125,0.005859375
DUP,image,176,pcb1/Data/Images/Anomaly/076.JPG,512,441,439,7,5,434,66,0,0,0.861328125,0.857421875,0.013671875,0.009765625
DUP,image,177,pcb1/Data/Images/Anomaly/077.JPG,1088,994,1008,10,24,984,70,0,0,0.9136029411764706,0.9264705882352942,0.009191176470588236,0.022058823529411766
DUP,image,178,pcb1/Data/Images/Anomaly/078.JPG,448,399,395,7,3,392,46,0,0,0.890625,0.8816964285714286,0.015625,0.006696428571428571
DUP,image,179,pcb1/Data/Images/Anomaly/079.JPG,448,376,368,8,0,368,72,0,0,0.8392857142857143,0.8214285714285714,0.017857142857142856,0.0
DUP,image,180,pcb1/Data/Images/Anomaly/080.JPG,704,674,671,5,2,669,28,0,0,0.9573863636363636,0.953125,0.007102272727272727,0.002840909090909091
DUP,image,181,pcb1/Data/Images/Anomaly/081.JPG,768,757,752,5,0,752,11,0,0,0.9856770833333334,0.9791666666666666,0.006510416666666667,0.0
DUP,image,182,pcb1/Data/Images/Anomaly/082.JPG,640,499,490,18,9,481,132,0,0,0.7796875,0.765625,0.028125,0.0140625
DUP,image,183,pcb1/Data/Images/Anomaly/083.JPG,448,357,351,17,11,340,80,0,0,0.796875,0.7834821428571429,0.03794642857142857,0.024553571428571428
DUP,image,184,pcb1/Data/Images/Anomaly/084.JPG,1024,836,851,14,29,822,159,0,0,0.81640625,0.8310546875,0.013671875,0.0283203125
DUP,image,185,pcb1/Data/Images/Anomaly/085.JPG,704,606,606,10,10,596,88,0,0,0.8607954545454546,0.8607954545454546,0.014204545454545454,0.014204545454545454
DUP,image,186,pcb1/Data/Images/Anomaly/086.JPG,1152,868,896,25,53,843,231,0,0,0.7534722222222222,0.7777777777777778,0.021701388888888888,0.04600694444444445
DUP,image,187,pcb1/Data/Images/Anomaly/087.JPG,832,763,766,2,5,761,64,0,0,0.9170673076923077,0.9206730769230769,0.002403846153846154,0.006009615384615385
DUP,image,188,pcb1/Data/Images/Anomaly/088.JPG,960,865,870,6,11,859,84,0,0,0.9010416666666666,0.90625,0.00625,0.011458333333333333
DUP,image,189,pcb1/Data/Images/Anomaly/089.JPG,1280,1192,1191,10,9,1182,79,0,0,0.93125,0.93046875,0.0078125,0.00703125
DUP,image,190,pcb1/Data/Images/Anomaly/090.JPG,704,616,613,10,7,606,81,0,0,0.875,0.8707386363636364,0.014204545454545454,0.009943181818181818
DUP,image,191,pcb1/Data/Images/Anomaly/091.JPG,1280,1088,1083,24,19,1064,173,0,0,0.85,0.84609375,0.01875,0.01484375
DUP,image,192,pcb1/Data/Images/Anomaly/092.JPG,1920,1449,1471,38,60,1411,411,0,0,0.7546875,0.7661458333333333,0.019791666666666666,0.03125
DUP,image,193,pcb1/Data/Images/Anomaly/093.JPG,1280,1123,1125,21,23,1102,134,0,0,0.87734375,0.87890625,0.01640625,0.01796875
DUP,image,194,pcb1/Data/Images/Anomaly/094.JPG,1344,1179,1182,14,17,1165,148,0,0,0.8772321428571429,0.8794642857142857,0.010416666666666666,0.012648809523809524
DUP,image,195,pcb1/Data/Images/Anomaly/095.JPG,640,471,486,12,27,459,142,0,0,0.7359375,0.759375,0.01875,0.0421875
DUP,image,196,pcb1/Data/Images/Anomaly/096.JPG,448,435,434,3,2,432,11,0,0,0.9709821428571429,0.96875,0.006696428571428571,0.004464285714285714
DUP,image,197,pcb1/Data/Images/Anomaly/097.JPG,1408,1319,1330,5,16,1314,73,0,0,0.9367897727272727,0.9446022727272727,0.0035511363636363635,0.011363636363636364
DUP,image,198,pcb1/Data/Images/Anomaly/098.JPG,704,685,689,0,4,685,15,0,0,0.9730113636363636,0.9786931818181818,0.0,0.005681818181818182
DUP,image,199,pcb1/Data/Images/Anomaly/099.JPG,768,573,565,20,12,553,183,0,0,0.74609375,0.7356770833333334,0.026041666666666668,0.015625
DUP,aggregate,-1,__ALL__,113856,103576,103695,1118,1237,102458,9043,0,0,0.9097105115233277,0.9107556913996627,0.009819421023046655,0.010864600899381675
