dataset,revision,seed,shot,category,method,stride,pixel_ap,pixel_auroc
mpdd,study,0,4,bracket_brown,D,1,0.07377135309177585,0.952657225554986
mpdd,study,0,4,bracket_brown,A1_J,1,0.03423983579761841,0.9058210674391125
mpdd,study,0,4,bracket_brown,A1_L,1,0.037382499786100205,0.9137675890840019
mpdd,study,0,4,bracket_brown,DUP_J,1,0.03669463175221604,0.898131566024569
mpdd,study,0,4,bracket_brown,DUP_L,1,0.0390412777224721,0.9034444873466513
mpdd,study,0,4,bracket_brown,TRI_D_J,1,0.05316876600279675,0.9318986560726378
mpdd,study,0,4,bracket_brown,TRI_D_L,1,0.0572623661187328,0.9414567331058135
mpdd,study,0,4,bracket_brown,BAL_D_J,1,0.04669100540506363,0.9315326893503129
mpdd,study,0,4,bracket_brown,BAL_D_L,1,0.051522833609604385,0.9423337103097944
