reference_seed,shot,category,method,pixel_stride,pixel_auroc,pixel_ap,pixel_aupro,image_auroc,image_ap,image_f1_max
1,2,bracket_black,B,8,0.9413515278841895,0.08668887317216388,0.826377974588377,0.44348404255319146,0.6457814353915088,0.7460317460317459
1,2,bracket_black,C,8,0.9541112559057222,0.026543369581949833,0.8472001484823932,0.46077127659574474,0.5846802252355792,0.7479674796747967
1,2,bracket_black,S,8,0.926560824567397,0.07904911650517195,0.7913342659854878,0.45079787234042556,0.6518481258743737,0.7460317460317459
1,2,bracket_black,A1_J,8,0.9535093521542335,0.09204469509478497,0.8492973020702228,0.5219414893617021,0.6690694910861238,0.7460317460317459
1,2,bracket_black,TRI_J,8,0.9448522918415627,0.10529857804262399,0.8311395159240049,0.4900265957446808,0.6777848633027196,0.7460317460317459
1,2,bracket_black,BAL_J,8,0.9508379628790257,0.09942429577063819,0.8375255444106334,0.5219414893617021,0.6920175233429523,0.7460317460317459
1,2,bracket_black,DUP_J,8,0.9488892281840617,0.09987594865761647,0.8439036753462197,0.4893617021276596,0.6726087784350853,0.7460317460317459
1,2,bracket_black,DUP_BAL_J,8,0.9535093521542335,0.09204469509478497,0.8492973020702228,0.5219414893617021,0.6690694910861238,0.7460317460317459
1,2,bracket_black,DUP_EXPECTED_J,8,0.9488892281840617,0.09987594865761647,0.8439036753462197,0.4893617021276596,0.6726087784350853,0.7460317460317459
1,2,bracket_black,A1_L,8,0.9575627128502853,0.09527283964653263,0.8584708579085308,0.5272606382978724,0.6808768302555619,0.7460317460317459
1,2,bracket_black,DUP_L,8,0.9521345616135475,0.10476838538193753,0.8522495626086698,0.4986702127659574,0.6784646324947834,0.7460317460317459
1,2,bracket_black,DUP_BAL_L,8,0.9575627128502853,0.09527283964653263,0.8584708579085308,0.5272606382978724,0.6808768302555619,0.7460317460317459
1,2,bracket_black,TRI_L,8,0.9507583365944374,0.11022331929231242,0.8467039910913143,0.5146276595744681,0.6891193378722981,0.7460317460317459
1,2,bracket_black,BAL_L,8,0.9558699434296033,0.10462682282024367,0.8558423487334101,0.538563829787234,0.6975254679792937,0.7460317460317459
1,2,bracket_black,A1_lambda_0.25,8,0.9569000941628985,0.09485619981222476,0.862189320232421,0.5252659574468085,0.6785095817763122,0.7460317460317459
1,2,bracket_black,A1_lambda_0.50,8,0.9559685574552237,0.09420370430071462,0.8585183130915711,0.5252659574468086,0.6772961460777679,0.7460317460317459
1,2,bracket_black,A1_lambda_0.75,8,0.9548211784289484,0.0929914716978926,0.854131308582659,0.5246010638297872,0.6753892669930893,0.7460317460317459
1,2,bracket_black,TRI_lambda_0.25,8,0.9496618603321185,0.11096020704671164,0.8457224051594103,0.5126329787234043,0.68989513814556,0.7460317460317459
1,2,bracket_black,TRI_lambda_0.50,8,0.9482879864995379,0.108837510754657,0.8361038346055593,0.5033244680851064,0.6841214757759628,0.7460317460317459
1,2,bracket_black,TRI_lambda_0.75,8,0.9466698099569032,0.10707775352618434,0.8338159183435001,0.49734042553191493,0.6818420742766365,0.7460317460317459
1,2,bracket_black,BAL_lambda_0.25,8,0.9550840954063621,0.10487739567521423,0.8558959657415751,0.5352393617021277,0.6963780146786218,0.7460317460317459
1,2,bracket_black,BAL_lambda_0.50,8,0.9539504075853996,0.10547958096772284,0.8488813980463698,0.5299202127659575,0.6966810365981535,0.7460317460317459
1,2,bracket_black,BAL_lambda_0.75,8,0.9525304012662252,0.10293454635479214,0.8471280501160383,0.528590425531915,0.6962529794823528,0.7460317460317459
1,2,bracket_brown,B,8,0.8748120893828069,0.03280809937120431,0.7216089372082826,0.4487179487179487,0.6716084853679897,0.8225806451612903
1,2,bracket_brown,C,8,0.9189493351318225,0.029236531903620452,0.7672614733370414,0.5852187028657617,0.7469741393868329,0.8095238095238095
1,2,bracket_brown,S,8,0.9196428473037672,0.03993975225493507,0.7855060939423519,0.46681749622926094,0.6435978253672177,0.8064516129032259
1,2,bracket_brown,A1_J,8,0.8916535326322839,0.03131348261232321,0.7503582666663191,0.5490196078431373,0.7267021810819793,0.8225806451612903
1,2,bracket_brown,TRI_J,8,0.9038040858990614,0.0356942959522899,0.7711153932845813,0.5233785822021116,0.7107385034623038,0.8160000000000001
1,2,bracket_brown,BAL_J,8,0.9066318131210211,0.03418898397363814,0.7770319541519821,0.5429864253393666,0.7312088618356275,0.8160000000000001
1,2,bracket_brown,DUP_J,8,0.883684538131494,0.0320525896286772,0.7331170112612571,0.5082956259426847,0.7144690574002323,0.8225806451612903
1,2,bracket_brown,DUP_BAL_J,8,0.8916535326322839,0.03131348261232321,0.7503582666663191,0.5490196078431373,0.7267021810819793,0.8225806451612903
1,2,bracket_brown,DUP_EXPECTED_J,8,0.883684538131494,0.0320525896286772,0.7331170112612571,0.5082956259426847,0.7144690574002323,0.8225806451612903
1,2,bracket_brown,A1_L,8,0.9026625090597183,0.03421426835338933,0.764038713964895,0.5331825037707391,0.7288528194503024,0.8225806451612903
1,2,bracket_brown,DUP_L,8,0.8922543852254772,0.034256210269059104,0.7512480193977037,0.49245852187028655,0.7030257819497869,0.8225806451612903
1,2,bracket_brown,DUP_BAL_L,8,0.9026625090597183,0.03421426835338933,0.764038713964895,0.5331825037707391,0.7288528194503024,0.8225806451612903
1,2,bracket_brown,TRI_L,8,0.9136395128706292,0.03806697240653015,0.7832907457314765,0.5384615384615384,0.7261475305315686,0.8067226890756304
1,2,bracket_brown,BAL_L,8,0.9186716137779916,0.0366544004681932,0.7949341212088314,0.5633484162895926,0.7476016189815419,0.8135593220338982
1,2,bracket_brown,A1_lambda_0.25,8,0.9005223341767127,0.03372652093078451,0.7653246989730482,0.5437405731523378,0.7376853641508357,0.8225806451612903
1,2,bracket_brown,A1_lambda_0.50,8,0.8979329201998458,0.033011801056332085,0.7633477223537092,0.5475113122171946,0.7393737569609166,0.8225806451612903
1,2,bracket_brown,A1_lambda_0.75,8,0.8949668718507903,0.0318454651940401,0.7592624677644889,0.5535444947209653,0.7352165866259913,0.8225806451612903
1,2,bracket_brown,TRI_lambda_0.25,8,0.9116343989373636,0.037254834843183406,0.7846114964863344,0.5392156862745098,0.7263943293587559,0.8064516129032259
1,2,bracket_brown,TRI_lambda_0.50,8,0.9093136502661175,0.036678453477929036,0.7821769629048019,0.5324283559577677,0.7237596267297985,0.8095238095238095
1,2,bracket_brown,TRI_lambda_0.75,8,0.9066914705535576,0.03623838594878438,0.7676191376198993,0.5301659125188537,0.7188634400910173,0.8130081300813009
1,2,bracket_brown,BAL_lambda_0.25,8,0.9162446958106008,0.035960401468938426,0.7892915347782784,0.5595776772247362,0.7438630381203414,0.8135593220338982
1,2,bracket_brown,BAL_lambda_0.50,8,0.9133934190502214,0.035520511577276204,0.7901474780680303,0.5580693815987933,0.7434675202868571,0.8067226890756304
1,2,bracket_brown,BAL_lambda_0.75,8,0.9101830575858167,0.03498862546422505,0.7783058688099868,0.5437405731523379,0.7331454842047416,0.8064516129032259
1,2,bracket_white,B,8,0.9911986985833037,0.03378584496525213,0.9673206583033924,0.7377777777777779,0.7797227246589291,0.7073170731707317
1,2,bracket_white,C,8,0.9812711806890096,0.021746982330234508,0.9325669535881643,0.7155555555555555,0.6475108419416292,0.7792207792207793
1,2,bracket_white,S,8,0.9935511435176846,0.03301934507866051,0.9735769058584217,0.6844444444444444,0.6597968429616021,0.7088607594936709
1,2,bracket_white,A1_J,8,0.9932983320251833,0.0438835154305927,0.9741587909362207,0.7944444444444445,0.8317536405052649,0.7636363636363636
1,2,bracket_white,TRI_J,8,0.9940788952347939,0.036554169020649174,0.9772876245411641,0.76,0.8051159510302497,0.7222222222222222
1,2,bracket_white,BAL_J,8,0.9944990938964136,0.04053356186278479,0.9786067257525486,0.7677777777777778,0.7673266257316618,0.7500000000000001
1,2,bracket_white,DUP_J,8,0.9924516298676567,0.03749373815324152,0.9719406723702342,0.7677777777777778,0.8190686900758906,0.7228915662650602
1,2,bracket_white,DUP_BAL_J,8,0.9932983320251833,0.0438835154305927,0.9741587909362207,0.7944444444444445,0.8317536405052649,0.7636363636363636
1,2,bracket_white,DUP_EXPECTED_J,8,0.9924516298676567,0.03749373815324152,0.9719406723702342,0.7677777777777778,0.8190686900758906,0.7228915662650602
1,2,bracket_white,A1_L,8,0.9937336746515126,0.045514862031565004,0.9756974820865902,0.7822222222222223,0.8256480089653038,0.7341772151898733
1,2,bracket_white,DUP_L,8,0.9929736948714871,0.04406268554592667,0.9739758360888474,0.768888888888889,0.8114318142583299,0.725
1,2,bracket_white,DUP_BAL_L,8,0.9937336746515126,0.045514862031565004,0.9756974820865902,0.7822222222222223,0.8256480089653038,0.7341772151898733
1,2,bracket_white,TRI_L,8,0.994949827735856,0.04805084319835867,0.9795158756498974,0.7911111111111112,0.8391234956171288,0.7368421052631577
1,2,bracket_white,BAL_L,8,0.9951654283436422,0.04938658120179757,0.98012465554372,0.7811111111111112,0.8032111831272415,0.7333333333333333
1,2,bracket_white,A1_lambda_0.25,8,0.9937528982148789,0.04628146566942392,0.975470923093197,0.7855555555555556,0.8253283522490954,0.7341772151898733
1,2,bracket_white,A1_lambda_0.50,8,0.9936993689355376,0.04648079343408638,0.975349516258425,0.8011111111111111,0.8380759232221566,0.7407407407407408
1,2,bracket_white,A1_lambda_0.75,8,0.993557448351972,0.04664012666009845,0.9748617715440697,0.8022222222222223,0.8372268881011997,0.7636363636363636
1,2,bracket_white,TRI_lambda_0.25,8,0.9948077835280889,0.04732313400324336,0.9786260619179232,0.7899999999999999,0.8378270598458841,0.725
1,2,bracket_white,TRI_lambda_0.50,8,0.9946140644040059,0.043612812999958,0.9791462052577191,0.7844444444444445,0.8316638117828785,0.7222222222222222
1,2,bracket_white,TRI_lambda_0.75,8,0.9943783130513407,0.03951420876821397,0.9781121350697999,0.7711111111111111,0.8186301288333808,0.7222222222222222
1,2,bracket_white,BAL_lambda_0.25,8,0.9951488627006128,0.048468543102567534,0.9800158807809976,0.7855555555555556,0.8053756640016231,0.7333333333333333
1,2,bracket_white,BAL_lambda_0.50,8,0.9950262274925142,0.04614044477546279,0.979969182291093,0.7833333333333333,0.7960881829028474,0.7457627118644068
1,2,bracket_white,BAL_lambda_0.75,8,0.9948153246043934,0.04422145827101141,0.9795281657757737,0.7777777777777778,0.7877317085770924,0.7397260273972602
1,2,connector,B,8,0.9761518124294614,0.3950540228193559,0.9186060403399648,0.8095238095238095,0.5677020874225842,0.7368421052631579
1,2,connector,C,8,0.9696778389653639,0.16749062846191815,0.8936052474716908,0.8238095238095238,0.7049832060170406,0.7058823529411764
1,2,connector,S,8,0.9780791212338348,0.2744904250848581,0.9209419515459273,0.8047619047619048,0.6424601140296629,0.6857142857142857
1,2,connector,A1_J,8,0.9787622591382662,0.42481056343232126,0.9233355145472617,0.8523809523809524,0.6847029050854792,0.7222222222222223
1,2,connector,TRI_J,8,0.9786364913682389,0.38324016469250366,0.9220394062762638,0.8404761904761905,0.6772853080626191,0.6875000000000001
1,2,connector,BAL_J,8,0.9792911467120862,0.3772781790102816,0.923714052744416,0.8452380952380953,0.6750188019871981,0.7096774193548386
1,2,connector,DUP_J,8,0.9779720779334748,0.42147974182630826,0.9206504726993615,0.8261904761904761,0.6419707949055775,0.717948717948718
1,2,connector,DUP_BAL_J,8,0.9787622591382662,0.42481056343232126,0.9233355145472617,0.8523809523809524,0.6847029050854792,0.7222222222222223
1,2,connector,DUP_EXPECTED_J,8,0.9779720779334748,0.42147974182630826,0.9206504726993615,0.8261904761904761,0.6419707949055775,0.717948717948718
1,2,connector,A1_L,8,0.9825726314833595,0.4500404476403358,0.9349354054427063,0.8619047619047618,0.7218246110646548,0.7567567567567568
1,2,connector,DUP_L,8,0.9804007265437624,0.4343607633684496,0.9285100713074365,0.8333333333333334,0.6672376708867391,0.7368421052631579
1,2,connector,DUP_BAL_L,8,0.9825726314833595,0.4500404476403358,0.9349354054427063,0.8619047619047618,0.7218246110646548,0.7567567567567568
1,2,connector,TRI_L,8,0.9827541672676047,0.41414793517429327,0.9374959680694607,0.8833333333333333,0.7667714933263314,0.7567567567567568
1,2,connector,BAL_L,8,0.9840877921036346,0.41550876116281626,0.9415625423485552,0.8904761904761904,0.7807480416408987,0.75
1,2,connector,A1_lambda_0.25,8,0.9820687066895291,0.44742288953950077,0.9328309098136571,0.8571428571428571,0.702723474106375,0.7567567567567568
1,2,connector,A1_lambda_0.50,8,0.9812686290826594,0.4425391816272236,0.9333317107209352,0.8595238095238095,0.712793966071277,0.7222222222222223
1,2,connector,A1_lambda_0.75,8,0.9801619585547267,0.4347409685705521,0.9293007309207737,0.8547619047619047,0.708512428895003,0.7222222222222223
1,2,connector,TRI_lambda_0.25,8,0.9821493564047796,0.41178211065522147,0.9333747389226105,0.8809523809523809,0.7670332643546929,0.7368421052631579
1,2,connector,TRI_lambda_0.50,8,0.9812653286921831,0.4071545902086521,0.9329639505525663,0.8666666666666667,0.7197883663955092,0.7333333333333334
1,2,connector,TRI_lambda_0.75,8,0.9800941097759475,0.39856239003296645,0.928313302034196,0.8523809523809525,0.6873392857362532,0.7096774193548386
1,2,connector,BAL_lambda_0.25,8,0.9834703424622515,0.4127931120235046,0.9383415215658334,0.8857142857142857,0.76848852320902,0.7586206896551724
1,2,connector,BAL_lambda_0.50,8,0.9824638426007535,0.40629887943564347,0.9350786008993669,0.8761904761904762,0.733342409470229,0.7586206896551724
1,2,connector,BAL_lambda_0.75,8,0.9810731191017443,0.3955102160863381,0.9302117331370652,0.8666666666666667,0.708044733044733,0.7586206896551724
1,2,metal_plate,B,8,0.9534589088291197,0.7909846048745672,0.9012513098699054,0.9956663055254605,0.9984148917167269,0.9861111111111112
1,2,metal_plate,C,8,0.9889622039768033,0.9325919120115782,0.962854858802525,1.0,1.0,1.0
1,2,metal_plate,S,8,0.9703243367382892,0.8587261640286306,0.932977436329462,1.0,1.0,1.0
1,2,metal_plate,A1_J,8,0.9776560041939694,0.8688472805185181,0.9408735370721295,1.0,1.0,1.0
1,2,metal_plate,TRI_J,8,0.976183211686032,0.870457769587028,0.9437823682311403,1.0,1.0,1.0
1,2,metal_plate,BAL_J,8,0.9816357739981248,0.8922639417146693,0.9529639651160515,1.0,1.0,1.0
1,2,metal_plate,DUP_J,8,0.9707651086698887,0.8413996468084897,0.9283218741049132,0.9983748645720477,0.9994048012645513,0.993006993006993
1,2,metal_plate,DUP_BAL_J,8,0.9776560041939694,0.8688472805185181,0.9408735370721295,1.0,1.0,1.0
1,2,metal_plate,DUP_EXPECTED_J,8,0.9707651086698887,0.8413996468084897,0.9283218741049132,0.9983748645720477,0.9994048012645513,0.993006993006993
1,2,metal_plate,A1_L,8,0.9791569031644394,0.8693776796116249,0.9452071293472987,1.0,1.0,1.0
1,2,metal_plate,DUP_L,8,0.971364094259412,0.8406961152262995,0.9290306465542995,1.0,1.0,1.0
1,2,metal_plate,DUP_BAL_L,8,0.9791569031644394,0.8693776796116249,0.9452071293472987,1.0,1.0,1.0
1,2,metal_plate,TRI_L,8,0.9789493508835756,0.8758174394774112,0.9466878063115902,1.0,1.0,1.0
1,2,metal_plate,BAL_L,8,0.9843410613015888,0.8971919319187943,0.9571635989105087,1.0,1.0,1.0
1,2,metal_plate,A1_lambda_0.25,8,0.9789583882555521,0.8699070997772254,0.9454708323769083,1.0,1.0,1.0
1,2,metal_plate,A1_lambda_0.50,8,0.978629228849021,0.8699832615884482,0.9420407524884429,1.0,1.0,1.0
1,2,metal_plate,A1_lambda_0.75,8,0.9781893665934961,0.8696250998567013,0.9416458809788341,1.0,1.0,1.0
1,2,metal_plate,TRI_lambda_0.25,8,0.9784003671608169,0.8749680913973521,0.946453908934249,1.0,1.0,1.0
1,2,metal_plate,TRI_lambda_0.50,8,0.9777454189200603,0.8737822543430344,0.9460613672983119,1.0,1.0,1.0
1,2,metal_plate,TRI_lambda_0.75,8,0.9770009558644452,0.8722704040175726,0.9453071663259531,1.0,1.0,1.0
1,2,metal_plate,BAL_lambda_0.25,8,0.9838263294293885,0.8965383662479791,0.9576069840338004,1.0,1.0,1.0
1,2,metal_plate,BAL_lambda_0.50,8,0.983192289202637,0.8954808107572158,0.9545104074422621,1.0,1.0,1.0
1,2,metal_plate,BAL_lambda_0.75,8,0.9824570161958993,0.8940531232568539,0.9541420482667762,1.0,1.0,1.0
1,2,tubes,B,8,0.9851297218027082,0.703349293311438,0.9404424125904624,0.9556159420289856,0.9827321083566108,0.9333333333333332
1,2,tubes,C,8,0.9748163579161168,0.4764248833566954,0.9125730563527293,0.8940217391304347,0.9498426873775733,0.8905109489051095
1,2,tubes,S,8,0.9723468454632631,0.5670590223643432,0.8895853444998033,0.9420289855072463,0.975871359980549,0.9147286821705427
1,2,tubes,A1_J,8,0.987871432695141,0.732773252580102,0.9505180720725952,0.9664855072463768,0.9868603575147542,0.9465648854961832
1,2,tubes,TRI_J,8,0.9837009444391976,0.6842097721998874,0.9337747594922455,0.9719202898550725,0.9882114694528717,0.9393939393939393
1,2,tubes,BAL_J,8,0.9846268620702409,0.6958912800818278,0.9366940255047972,0.9755434782608696,0.9899978969961362,0.9481481481481481
1,2,tubes,DUP_J,8,0.987270527244081,0.7229075743257606,0.9468754281171681,0.9556159420289855,0.9832451258222636,0.9393939393939393
1,2,tubes,DUP_BAL_J,8,0.987871432695141,0.732773252580102,0.9505180720725952,0.9664855072463768,0.9868603575147542,0.9465648854961832
1,2,tubes,DUP_EXPECTED_J,8,0.987270527244081,0.7229075743257606,0.9468754281171681,0.9556159420289855,0.9832451258222636,0.9393939393939393
1,2,tubes,A1_L,8,0.9893982342276519,0.7396068739599047,0.9562020442150967,0.9655797101449275,0.9870669596745186,0.9545454545454545
1,2,tubes,DUP_L,8,0.9880532644593591,0.7260506067374781,0.9522317320884938,0.9601449275362319,0.9848228627831334,0.9465648854961832
1,2,tubes,DUP_BAL_L,8,0.9893982342276519,0.7396068739599047,0.9562020442150967,0.9655797101449275,0.9870669596745186,0.9545454545454545
1,2,tubes,TRI_L,8,0.9867349065902451,0.6985479049850377,0.9445715953623537,0.9759963768115942,0.9906080474535874,0.9565217391304348
1,2,tubes,BAL_L,8,0.9881920296715472,0.7131444090528536,0.9488886816801736,0.9764492753623188,0.9909891072480207,0.9640287769784173
1,2,tubes,A1_lambda_0.25,8,0.9891265018749653,0.7388545146759502,0.955260513983927,0.9655797101449276,0.9868051036231182,0.9465648854961832
1,2,tubes,A1_lambda_0.50,8,0.9887817792066101,0.7373668350886288,0.9544598636586026,0.9660326086956521,0.9868647190122638,0.9465648854961832
1,2,tubes,A1_lambda_0.75,8,0.9883642835656155,0.7353946011106367,0.9530590031965722,0.9660326086956522,0.9868212204695513,0.9465648854961832
1,2,tubes,TRI_lambda_0.25,8,0.9861100176745445,0.6959367731795862,0.9414463678693562,0.9728260869565218,0.9893006048357919,0.9496402877697843
1,2,tubes,TRI_lambda_0.50,8,0.9853914003471098,0.692629169813494,0.9379893036344399,0.9728260869565217,0.9891026107946959,0.9473684210526315
1,2,tubes,TRI_lambda_0.75,8,0.9845870451967045,0.688685775607486,0.9341796678548272,0.9723731884057971,0.9886695683419826,0.9402985074626865
1,2,tubes,BAL_lambda_0.25,8,0.9874792344282046,0.7100160833475335,0.9462103789558927,0.9759963768115942,0.9906853566474526,0.9565217391304348
1,2,tubes,BAL_lambda_0.50,8,0.9866416036290302,0.7060768676299659,0.9435761443691402,0.975090579710145,0.990114200381898,0.9503546099290779
1,2,tubes,BAL_lambda_0.75,8,0.9856874664992349,0.7014353469629453,0.9403493586498864,0.9750905797101449,0.9899699433637056,0.9481481481481481
1,4,bracket_black,B,8,0.9507238072558057,0.07292756948548591,0.8530251292236464,0.5452127659574468,0.6609442317239178,0.7540983606557378
1,4,bracket_black,C,8,0.9602620702107417,0.029348752153411026,0.8704937345408323,0.5525265957446808,0.6350364614076016,0.773109243697479
1,4,bracket_black,S,8,0.9366970613122221,0.08848037813882292,0.8260125893411784,0.46609042553191493,0.6585376061425836,0.7460317460317459
1,4,bracket_black,A1_J,8,0.9627968275380744,0.10532529816121065,0.8735357637368655,0.6223404255319149,0.7379091656495027,0.7580645161290321
1,4,bracket_black,TRI_J,8,0.9557221072715529,0.10812815662362948,0.8536236213357689,0.5492021276595744,0.7093356115086394,0.7460317460317459
1,4,bracket_black,BAL_J,8,0.9600257377683807,0.11576739335387534,0.8659199463311648,0.5784574468085106,0.7228027465936446,0.7460317460317459
1,4,bracket_black,DUP_J,8,0.9589261973243396,0.10661666049755937,0.866383185244151,0.5837765957446809,0.7144772480089435,0.7460317460317459
1,4,bracket_black,DUP_BAL_J,8,0.9627968275380744,0.10532529816121065,0.8735357637368655,0.6223404255319149,0.7379091656495027,0.7580645161290321
1,4,bracket_black,DUP_EXPECTED_J,8,0.9589261973243396,0.10661666049755937,0.866383185244151,0.5837765957446809,0.7144772480089435,0.7460317460317459
1,4,bracket_black,A1_L,8,0.9653537895728459,0.1053823255970967,0.8813487729468932,0.6176861702127661,0.7348982228327157,0.7479674796747967
1,4,bracket_black,DUP_L,8,0.9604628377738335,0.10371319537473649,0.8691357939368325,0.5851063829787234,0.7158749363182331,0.7540983606557378
1,4,bracket_black,DUP_BAL_L,8,0.9653537895728459,0.1053823255970967,0.8813487729468932,0.6176861702127661,0.7348982228327157,0.7479674796747967
1,4,bracket_black,TRI_L,8,0.9601277045690157,0.11075402437639591,0.8726033518559367,0.5884308510638298,0.7360629382937874,0.7500000000000001
1,4,bracket_black,BAL_L,8,0.9645069974366804,0.11375368766228068,0.880411574460492,0.608377659574468,0.7462926971342849,0.7500000000000001
1,4,bracket_black,A1_lambda_0.25,8,0.9650701532946455,0.10630315050919065,0.881938145496908,0.6216755319148937,0.7344431711487789,0.7479674796747967
1,4,bracket_black,A1_lambda_0.50,8,0.964527589416897,0.1071052189612086,0.8813489920955156,0.6210106382978723,0.7366670547294368,0.7479674796747967
1,4,bracket_black,A1_lambda_0.75,8,0.9637617052590594,0.10707872788000342,0.880846372931903,0.6223404255319149,0.7366921712352336,0.7580645161290321
1,4,bracket_black,TRI_lambda_0.25,8,0.9593550299807688,0.11075636031814168,0.8711618824466373,0.5844414893617021,0.7331694762593498,0.7500000000000001
1,4,bracket_black,TRI_lambda_0.50,8,0.9583537640408275,0.10997466200863984,0.8685685786938555,0.5771276595744681,0.7276741146711806,0.7460317460317459
1,4,bracket_black,TRI_lambda_0.75,8,0.9571345677249349,0.10878986050644776,0.857794419137083,0.5631648936170213,0.7181970038298303,0.7460317460317459
1,4,bracket_black,BAL_lambda_0.25,8,0.9637667556416762,0.11447076823877084,0.8796965747541038,0.6090425531914894,0.7467886635772282,0.7500000000000001
1,4,bracket_black,BAL_lambda_0.50,8,0.9627431831378401,0.11513594657867257,0.878476319275937,0.6043882978723405,0.7390530669304476,0.7540983606557378
1,4,bracket_black,BAL_lambda_0.75,8,0.9614892452823655,0.1165490522815846,0.8688437182385023,0.5950797872340425,0.7307905753623085,0.7540983606557378
1,4,bracket_brown,B,8,0.9080758981947811,0.06314485524545829,0.8002882027029247,0.5437405731523379,0.685458275764484,0.8160000000000001
1,4,bracket_brown,C,8,0.9284988540819771,0.031328364270238926,0.8245223746990997,0.6825037707390649,0.78168411049847,0.8166666666666667
1,4,bracket_brown,S,8,0.9407938179533207,0.0641296407306562,0.8657859532803229,0.6206636500754147,0.7380063801990121,0.8095238095238095
1,4,bracket_brown,A1_J,8,0.9197181917183405,0.052191814514845544,0.8313929407886492,0.6372549019607843,0.7328197928056125,0.8292682926829268
1,4,bracket_brown,TRI_J,8,0.9260923970639323,0.055909205775354465,0.84685896545926,0.6304675716440422,0.72369892761967,0.8135593220338982
1,4,bracket_brown,BAL_J,8,0.927220340261012,0.050491121092582365,0.8449985361982412,0.6681749622926094,0.7393484060573293,0.8196721311475409
1,4,bracket_brown,DUP_J,8,0.9146210378802446,0.05753578381347044,0.8154178937085467,0.6018099547511312,0.7151227428794962,0.8225806451612903
1,4,bracket_brown,DUP_BAL_J,8,0.9197181917183405,0.052191814514845544,0.8313929407886492,0.6372549019607843,0.7328197928056125,0.8292682926829268
1,4,bracket_brown,DUP_EXPECTED_J,8,0.9146210378802446,0.05753578381347044,0.8154178937085467,0.6018099547511312,0.7151227428794962,0.8225806451612903
1,4,bracket_brown,A1_L,8,0.9309598380429301,0.05793776590224582,0.8460040293864582,0.6176470588235294,0.7239836810171089,0.8196721311475409
1,4,bracket_brown,DUP_L,8,0.9229810058139791,0.06151684812221987,0.8253804718745196,0.5897435897435898,0.7118700653350603,0.8196721311475409
1,4,bracket_brown,DUP_BAL_L,8,0.9309598380429301,0.05793776590224582,0.8460040293864582,0.6176470588235294,0.7239836810171089,0.8196721311475409
1,4,bracket_brown,TRI_L,8,0.9394977258661453,0.06401070854388088,0.8709986203999188,0.6410256410256411,0.7424879344782167,0.8275862068965518
1,4,bracket_brown,BAL_L,8,0.9423032438448204,0.05834720479058901,0.8707138934292904,0.6621417797888386,0.7502683355058908,0.8245614035087719
1,4,bracket_brown,A1_lambda_0.25,8,0.9289411705419327,0.05679334228024886,0.8400175868652294,0.6184012066365008,0.7271990428158582,0.8196721311475409
1,4,bracket_brown,A1_lambda_0.50,8,0.9263546506874203,0.05548528854069304,0.8411927805618445,0.6274509803921569,0.7297403085833803,0.8225806451612903
1,4,bracket_brown,A1_lambda_0.75,8,0.9232555775695694,0.053931004133802245,0.8327160631849954,0.6342383107088989,0.7331307823793451,0.8225806451612903
1,4,bracket_brown,TRI_lambda_0.25,8,0.9368897155325957,0.06216113165127604,0.86696373538942,0.6395173453996983,0.7403386940775905,0.8275862068965518
1,4,bracket_brown,TRI_lambda_0.50,8,0.9337580539869431,0.06021911149405931,0.8619641833791508,0.6395173453996983,0.7289056051567037,0.8275862068965518
1,4,bracket_brown,TRI_lambda_0.75,8,0.9301458537382782,0.05812931761422908,0.8553449307275479,0.6380090497737556,0.7271549841526231,0.8275862068965518
1,4,bracket_brown,BAL_lambda_0.25,8,0.9394478051153372,0.056641880851434075,0.8695779621962093,0.6644042232277526,0.735244794040535,0.8245614035087719
1,4,bracket_brown,BAL_lambda_0.50,8,0.9359350517152402,0.05479603315707226,0.8665230094265992,0.6674208144796381,0.7380301061041427,0.8245614035087719
1,4,bracket_brown,BAL_lambda_0.75,8,0.9318469513667827,0.05275155625642697,0.8611799282266142,0.6704374057315233,0.7408273759274391,0.8135593220338982
1,4,bracket_white,B,8,0.9972989348167908,0.11030072833116149,0.9911040228723624,0.8266666666666667,0.7780309847064358,0.8484848484848485
1,4,bracket_white,C,8,0.9936769929550275,0.038269182979561035,0.977219020904822,0.7577777777777779,0.6522439486866117,0.8571428571428571
1,4,bracket_white,S,8,0.9976312366709931,0.07007257189113883,0.9912752779197834,0.6844444444444444,0.5961169862412636,0.7777777777777778
1,4,bracket_white,A1_J,8,0.9983195762261264,0.1561633017689133,0.9942451405633411,0.8877777777777778,0.8932489762774318,0.819672131147541
1,4,bracket_white,TRI_J,8,0.998137725025408,0.13618031849428955,0.9932876833894541,0.7744444444444445,0.7608219765876553,0.767123287671233
1,4,bracket_white,BAL_J,8,0.9983634628177342,0.13782291386092974,0.9941477824606881,0.7811111111111111,0.725453083513197,0.7941176470588235
1,4,bracket_white,DUP_J,8,0.9979133470993002,0.12786478962318706,0.9928244621080942,0.8677777777777778,0.8496834065419784,0.84375
1,4,bracket_white,DUP_BAL_J,8,0.9983195762261264,0.1561633017689133,0.9942451405633411,0.8877777777777778,0.8932489762774318,0.819672131147541
1,4,bracket_white,DUP_EXPECTED_J,8,0.9979133470993002,0.12786478962318706,0.9928244621080942,0.8677777777777778,0.8496834065419784,0.84375
1,4,bracket_white,A1_L,8,0.9983171037420923,0.14444098564122132,0.9941350654807345,0.8744444444444445,0.8814896799592602,0.8064516129032259
1,4,bracket_white,DUP_L,8,0.9979871507477225,0.1258491028929038,0.9927712329377132,0.8766666666666667,0.8580511839620777,0.8571428571428572
1,4,bracket_white,DUP_BAL_L,8,0.9983171037420923,0.14444098564122132,0.9941350654807345,0.8744444444444445,0.8814896799592602,0.8064516129032259
1,4,bracket_white,TRI_L,8,0.9982975711182217,0.1442715775496143,0.9939143018088525,0.7922222222222223,0.7778772016209399,0.7887323943661972
1,4,bracket_white,BAL_L,8,0.9984418405616199,0.13878082364922661,0.9942695125027269,0.7966666666666666,0.7644286907171635,0.8
1,4,bracket_white,A1_lambda_0.25,8,0.9983418285824347,0.14462439366845445,0.9942670973082864,0.8811111111111111,0.8859486313033668,0.819672131147541
1,4,bracket_white,A1_lambda_0.50,8,0.9983506059007562,0.14860596658879835,0.9940658797025002,0.8844444444444444,0.887535115746994,0.819672131147541
1,4,bracket_white,A1_lambda_0.75,8,0.9983352764997439,0.15188510671816596,0.994111988000209,0.8866666666666667,0.8884248919201275,0.8307692307692307
1,4,bracket_white,TRI_lambda_0.25,8,0.9982690139276262,0.14481711314236145,0.9935706989548689,0.7911111111111111,0.7772106538475274,0.7941176470588235
1,4,bracket_white,TRI_lambda_0.50,8,0.9982331629091297,0.142913037760749,0.9936330233223203,0.7833333333333333,0.7698456726164135,0.7826086956521738
1,4,bracket_white,TRI_lambda_0.75,8,0.9981875455786979,0.13734526254692725,0.9936955174166683,0.7833333333333334,0.7672175523778355,0.7777777777777778
1,4,bracket_white,BAL_lambda_0.25,8,0.9984365247209462,0.1382042855963723,0.9941188746790054,0.788888888888889,0.7471241355129815,0.8
1,4,bracket_white,BAL_lambda_0.50,8,0.9984244095491784,0.1384343568959512,0.9944286700765359,0.7833333333333333,0.7423407894191639,0.7887323943661972
1,4,bracket_white,BAL_lambda_0.75,8,0.9984003028298445,0.138533967417989,0.9942822666748272,0.7822222222222223,0.7394775316311165,0.7837837837837838
1,4,connector,B,8,0.9793120126200827,0.40810978939074954,0.9263429431671552,0.8166666666666667,0.6438657916853405,0.7058823529411764
1,4,connector,C,8,0.9686580612323544,0.18042154811273237,0.889032125093186,0.8023809523809524,0.6896258986686461,0.6829268292682926
1,4,connector,S,8,0.981386598964784,0.3576620558507636,0.9340880250302165,0.8119047619047619,0.6375939426193739,0.7222222222222223
1,4,connector,A1_J,8,0.9799498893892256,0.4321977049473609,0.9277320554901326,0.8047619047619048,0.6175032594929764,0.6857142857142857
1,4,connector,TRI_J,8,0.9793518605426682,0.40247636249720165,0.9279495167570686,0.8095238095238095,0.5892961147162828,0.6875000000000001
1,4,connector,BAL_J,8,0.9795512193893552,0.40245671802686495,0.9259602210119277,0.8095238095238095,0.6108214204827621,0.7272727272727273
1,4,connector,DUP_J,8,0.9797022933326007,0.4291038216761415,0.9271426676854962,0.8142857142857143,0.6434528059782372,0.7058823529411764
1,4,connector,DUP_BAL_J,8,0.9799498893892256,0.4321977049473609,0.9277320554901326,0.8047619047619048,0.6175032594929764,0.6857142857142857
1,4,connector,DUP_EXPECTED_J,8,0.9797022933326007,0.4291038216761415,0.9271426676854962,0.8142857142857143,0.6434528059782372,0.7058823529411764
1,4,connector,A1_L,8,0.9834489805418135,0.47217264442720763,0.939080227123082,0.8571428571428572,0.7128087997559469,0.7368421052631579
1,4,connector,DUP_L,8,0.9821249182533341,0.4502353201200588,0.9338700118306931,0.838095238095238,0.6781427052479684,0.7222222222222223
1,4,connector,DUP_BAL_L,8,0.9834489805418135,0.47217264442720763,0.939080227123082,0.8571428571428572,0.7128087997559469,0.7368421052631579
1,4,connector,TRI_L,8,0.9842960648662178,0.46674220431358265,0.9438417725659511,0.8571428571428571,0.704748794868211,0.7647058823529412
1,4,connector,BAL_L,8,0.9849146829984488,0.4819743324313048,0.9461743880292476,0.8690476190476191,0.7397631712481336,0.7647058823529412
1,4,connector,A1_lambda_0.25,8,0.9830230203189589,0.4656619484671429,0.9400408138815456,0.8452380952380951,0.6904839980403888,0.7272727272727273
1,4,connector,A1_lambda_0.50,8,0.9822864227659027,0.45697012452229835,0.9357194510603242,0.8333333333333334,0.6601293274062152,0.7272727272727273
1,4,connector,A1_lambda_0.75,8,0.9812543496475641,0.44584093455175067,0.93438863959284,0.8214285714285714,0.6428666182867863,0.7058823529411764
1,4,connector,TRI_lambda_0.25,8,0.9835180216581925,0.4570008602388369,0.9421422225913739,0.85,0.6923724807061825,0.742857142857143
1,4,connector,TRI_lambda_0.50,8,0.9824145084402238,0.4451815643400962,0.935776138836643,0.8476190476190476,0.6893112562163867,0.742857142857143
1,4,connector,TRI_lambda_0.75,8,0.9810171126200063,0.4276171285954989,0.9306967384622972,0.8404761904761904,0.6730156470636346,0.7272727272727273
1,4,connector,BAL_lambda_0.25,8,0.984164030169766,0.46925597670936225,0.9423995864060962,0.8595238095238096,0.7093702448468039,0.7647058823529412
1,4,connector,BAL_lambda_0.50,8,0.9829942086731972,0.4531262847167241,0.939690311649748,0.8523809523809524,0.6940929295694885,0.7647058823529412
1,4,connector,BAL_lambda_0.75,8,0.981444088714496,0.4317675531893047,0.932110769131181,0.830952380952381,0.6423848492899797,0.742857142857143
1,4,metal_plate,B,8,0.9600690895713397,0.8146897702341616,0.9093831004129441,1.0,1.0,1.0
1,4,metal_plate,C,8,0.9901080386677009,0.9368812422835855,0.966969980719699,1.0,1.0,1.0
1,4,metal_plate,S,8,0.9764563023306235,0.8788824610102793,0.9432686228036895,1.0,1.0,1.0
1,4,metal_plate,A1_J,8,0.9811625355130171,0.8824154233962727,0.9499418456407601,1.0,1.0,1.0
1,4,metal_plate,TRI_J,8,0.9800728116338003,0.8859665476651185,0.946235459219846,1.0,1.0,1.0
1,4,metal_plate,BAL_J,8,0.9844570747214564,0.9039388167834257,0.9577960552510534,1.0,1.0,1.0
1,4,metal_plate,DUP_J,8,0.9754147064570978,0.8587370062689814,0.9357542840043688,1.0,1.0,1.0
1,4,metal_plate,DUP_BAL_J,8,0.9811625355130171,0.8824154233962727,0.9499418456407601,1.0,1.0,1.0
1,4,metal_plate,DUP_EXPECTED_J,8,0.9754147064570978,0.8587370062689814,0.9357542840043688,1.0,1.0,1.0
1,4,metal_plate,A1_L,8,0.9825999971532637,0.8832500105308801,0.9500087336043855,1.0,1.0,1.0
1,4,metal_plate,DUP_L,8,0.9760806669541107,0.8586717504017444,0.9386555113574863,1.0,1.0,1.0
1,4,metal_plate,DUP_BAL_L,8,0.9825999971532637,0.8832500105308801,0.9500087336043855,1.0,1.0,1.0
1,4,metal_plate,TRI_L,8,0.9826020873888096,0.8912046752850706,0.9538301866143127,1.0,1.0,1.0
1,4,metal_plate,BAL_L,8,0.9868982239779496,0.9090837904488278,0.9634615815416425,1.0,1.0,1.0
1,4,metal_plate,A1_lambda_0.25,8,0.9823948647571539,0.8836424585377494,0.9500488204178833,1.0,1.0,1.0
1,4,metal_plate,A1_lambda_0.50,8,0.9820741705865486,0.8836254910788495,0.9492980080448973,1.0,1.0,1.0
1,4,metal_plate,A1_lambda_0.75,8,0.9816587040855641,0.8832120478700676,0.9513846147852354,1.0,1.0,1.0
1,4,metal_plate,TRI_lambda_0.25,8,0.982092133145944,0.8903311574838957,0.9533086762726055,1.0,1.0,1.0
1,4,metal_plate,TRI_lambda_0.50,8,0.9814901721478595,0.8891478275939833,0.952575942888535,1.0,1.0,1.0
1,4,metal_plate,TRI_lambda_0.75,8,0.9808121567686539,0.887683597987911,0.9515310672091425,1.0,1.0,1.0
1,4,metal_plate,BAL_lambda_0.25,8,0.9864222977875735,0.9083044476565136,0.9603061833107592,1.0,1.0,1.0
1,4,metal_plate,BAL_lambda_0.50,8,0.9858462598840853,0.9071663377148174,0.9602950479901824,1.0,1.0,1.0
1,4,metal_plate,BAL_lambda_0.75,8,0.9851866486384744,0.9057010234192593,0.9595125150308864,1.0,1.0,1.0
1,4,tubes,B,8,0.9873611685228161,0.7337580010832058,0.9496618395954334,0.9624094202898551,0.9849500267267522,0.9402985074626865
1,4,tubes,C,8,0.9764263211717841,0.48175712633691703,0.9171591415762206,0.8845108695652174,0.9400896809701367,0.888888888888889
1,4,tubes,S,8,0.976891588564326,0.5986246363619041,0.9064395035076959,0.9479166666666667,0.9778217527828934,0.9154929577464788
1,4,tubes,A1_J,8,0.9895197197454608,0.7628377981573657,0.9594330884778006,0.9719202898550725,0.9889709696987737,0.9411764705882353
1,4,tubes,TRI_J,8,0.9864401968310192,0.721693427649094,0.9448403997582697,0.9714673913043479,0.9883430610284093,0.9411764705882353
1,4,tubes,BAL_J,8,0.9869265372618585,0.7318886401059448,0.9447492303501442,0.9723731884057971,0.9891996967107877,0.9545454545454545
1,4,tubes,DUP_J,8,0.989130680033029,0.7530570771328675,0.9564687754322205,0.9673913043478262,0.9869321142891713,0.9402985074626865
1,4,tubes,DUP_BAL_J,8,0.9895197197454608,0.7628377981573657,0.9594330884778006,0.9719202898550725,0.9889709696987737,0.9411764705882353
1,4,tubes,DUP_EXPECTED_J,8,0.989130680033029,0.7530570771328675,0.9564687754322205,0.9673913043478262,0.9869321142891713,0.9402985074626865
1,4,tubes,A1_L,8,0.9912691291804276,0.7706503029943832,0.9644981936572614,0.9678442028985508,0.9876373539991113,0.9481481481481481
1,4,tubes,DUP_L,8,0.9901081288958931,0.7563987028765997,0.961115585868973,0.9646739130434783,0.9860129727956167,0.9402985074626865
1,4,tubes,DUP_BAL_L,8,0.9912691291804276,0.7706503029943832,0.9644981936572614,0.9678442028985508,0.9876373539991113,0.9481481481481481
1,4,tubes,TRI_L,8,0.9889495372400565,0.7334841120363863,0.952547486487067,0.9796195652173914,0.9918098600615755,0.9635036496350365
1,4,tubes,BAL_L,8,0.9900479008643892,0.7467362760512856,0.9587338971063868,0.9791666666666667,0.9917383465359896,0.9565217391304348
1,4,tubes,A1_lambda_0.25,8,0.9909449352692428,0.7696656453039273,0.9626208125507308,0.9682971014492754,0.9876105694896552,0.9428571428571428
1,4,tubes,A1_lambda_0.50,8,0.9905427533841218,0.7680592957789366,0.962489837424062,0.9673913043478262,0.9873138073505864,0.9411764705882353
1,4,tubes,A1_lambda_0.75,8,0.9900668786666285,0.7658079951505758,0.9595989506728428,0.96875,0.9877530924616137,0.9411764705882353
1,4,tubes,TRI_lambda_0.25,8,0.9884388002081099,0.7316615337520049,0.9533757444473182,0.9791666666666667,0.9915600119392108,0.9635036496350365
1,4,tubes,TRI_lambda_0.50,8,0.9878443682545274,0.729024459892948,0.9504899781575675,0.9759963768115942,0.9903211618258593,0.9565217391304348
1,4,tubes,TRI_lambda_0.75,8,0.987175743518035,0.7256747699684118,0.9480883909124743,0.9741847826086957,0.989546029644015,0.9496402877697843
1,4,tubes,BAL_lambda_0.25,8,0.9894191810469095,0.7443734181451049,0.956332486025581,0.9791666666666667,0.9917383465359896,0.9565217391304348
1,4,tubes,BAL_lambda_0.50,8,0.9886822256322707,0.7411069469505869,0.9541983086895982,0.9759963768115942,0.9905078933450712,0.9545454545454545
1,4,tubes,BAL_lambda_0.75,8,0.9878481357389353,0.7369129021570306,0.9478086843503495,0.973731884057971,0.9896426035531204,0.9545454545454545
0,2,bracket_black,A1_J,8,0.9498238120973826,0.014647863408783119,0.8509179143616364,0.4607712765957447,0.561718394831281,0.7519999999999999
0,2,bracket_black,A1_L,8,0.9487041295391396,0.014433728233691491,0.8426748976457512,0.45279255319148937,0.5603113531911076,0.7460317460317459
0,2,bracket_black,DUP_J,8,0.9502956112022274,0.020066580275830033,0.8535811962202398,0.4753989361702127,0.5824820692923546,0.7460317460317459
0,2,bracket_black,TRI_J,8,0.9458112703761294,0.018055578185973007,0.8427435555385054,0.47938829787234044,0.5764820482888724,0.7460317460317459
0,2,bracket_black,TRI_L,8,0.9466914968940232,0.018444164487841246,0.8459575402636551,0.4753989361702127,0.5793580740287998,0.7460317460317459
0,2,bracket_black,BAL_J,8,0.9457638986359859,0.013042686377683695,0.8378523343266877,0.47207446808510634,0.561077603905514,0.7519999999999999
0,2,bracket_black,BAL_L,8,0.9458136215626587,0.012632746575607878,0.83636996461575,0.4541223404255319,0.5580177388137727,0.7460317460317459
0,2,bracket_black,DUP_L,8,0.9493912107520761,0.02002968650924617,0.8521090322454928,0.4621010638297873,0.5785204463679563,0.7460317460317459
0,2,bracket_brown,A1_J,8,0.9039260470367483,0.03336958319325254,0.7832890986845835,0.5708898944193062,0.7598400574200707,0.8160000000000001
0,2,bracket_brown,A1_L,8,0.9123518896184327,0.0390990868766131,0.797008514288901,0.552790346907994,0.7371496498349854,0.8095238095238095
0,2,bracket_brown,DUP_J,8,0.8951119726215568,0.03532162403908852,0.7730745533307944,0.5150829562594268,0.7149788611545356,0.8160000000000001
0,2,bracket_brown,TRI_J,8,0.9152140793935396,0.03730236593058412,0.795007802196152,0.5407239819004525,0.7379669213664904,0.8160000000000001
0,2,bracket_brown,TRI_L,8,0.9233213473580139,0.04145489763783313,0.8097495284493953,0.5444947209653092,0.747203874411268,0.8095238095238095
0,2,bracket_brown,BAL_J,8,0.9188949912164149,0.03529768097625927,0.8008618371883619,0.5761689291101055,0.7542956958361293,0.8160000000000001
0,2,bracket_brown,BAL_L,8,0.9279971070673245,0.04017309650456525,0.8209287136052982,0.5716440422322775,0.7586885658644605,0.8160000000000001
0,2,bracket_brown,DUP_L,8,0.9011379357360016,0.038977918629171326,0.7825374801963657,0.5113122171945701,0.7016401944694092,0.8095238095238095
0,2,bracket_white,A1_J,8,0.9959438899418237,0.10598851655794718,0.9856932146148062,0.8266666666666667,0.8071000882339985,0.8307692307692307
0,2,bracket_white,A1_L,8,0.9956621503861216,0.10841576102443233,0.9852670871125382,0.8077777777777778,0.7861102519232801,0.7941176470588235
0,2,bracket_white,DUP_J,8,0.9952586409917332,0.10061822938074788,0.9838460731334278,0.7966666666666666,0.7518960630688917,0.8
0,2,bracket_white,TRI_J,8,0.9956606668957011,0.14437489795354133,0.9850193769145588,0.8277777777777777,0.8201869191143311,0.8
0,2,bracket_white,TRI_L,8,0.9958290430584331,0.14142741366720624,0.9852147968259102,0.8144444444444444,0.8065875634456957,0.8059701492537312
0,2,bracket_white,BAL_J,8,0.996338003896882,0.12774249417456804,0.9873620003455953,0.8577777777777778,0.8599429025339121,0.819672131147541
0,2,bracket_white,BAL_L,8,0.9962433077583706,0.1336455158380586,0.9865467744380189,0.8366666666666667,0.8359471703211829,0.7941176470588235
0,2,bracket_white,DUP_L,8,0.9950898939563961,0.0991401628376623,0.983060930882898,0.7888888888888889,0.7465139258418093,0.7887323943661972
0,2,connector,A1_J,8,0.9694350265671895,0.29911096929860254,0.8932614344814487,0.7928571428571429,0.6124756244175316,0.6666666666666666
0,2,connector,A1_L,8,0.9747197434318414,0.3278643287247732,0.9095844473533934,0.8166666666666667,0.6355253484455166,0.6829268292682926
0,2,connector,DUP_J,8,0.9672984911301529,0.2970662732369496,0.8852988106173697,0.780952380952381,0.5393737653444031,0.6511627906976745
0,2,connector,TRI_J,8,0.9657751987674472,0.24787411212382754,0.8795788120499185,0.7428571428571429,0.5240828909366061,0.6470588235294117
0,2,connector,TRI_L,8,0.9735264710393597,0.2753400875429795,0.9069162520465881,0.7571428571428571,0.5295378680459325,0.6857142857142857
0,2,connector,BAL_J,8,0.9683445765999645,0.24484213739182079,0.8900955408217692,0.7452380952380953,0.5288753152153558,0.6842105263157894
0,2,connector,BAL_L,8,0.9760329172933594,0.28006579648217517,0.9147697442009496,0.7666666666666667,0.5439560752530678,0.6857142857142857
0,2,connector,DUP_L,8,0.9713146132514683,0.3102166798303052,0.898186317339708,0.7952380952380953,0.5621035783467725,0.6666666666666667
0,2,metal_plate,A1_J,8,0.9764867664339103,0.8783905664419864,0.9351221855635599,1.0,1.0,1.0
0,2,metal_plate,A1_L,8,0.9760269181438977,0.8668162008895544,0.9329917835314356,1.0,1.0,1.0
0,2,metal_plate,DUP_J,8,0.9668541547732022,0.8383355436001088,0.913141194502606,1.0,1.0,1.0
0,2,metal_plate,TRI_J,8,0.9738598704389301,0.8718479033213373,0.9313250377678827,1.0,1.0,1.0
0,2,metal_plate,TRI_L,8,0.975244013941378,0.8677784586704171,0.9358462507036626,1.0,1.0,1.0
0,2,metal_plate,BAL_J,8,0.9810985432819453,0.9018830912671685,0.9494309385978017,1.0,1.0,1.0
0,2,metal_plate,BAL_L,8,0.9824042548278263,0.8974876362492816,0.9504419251246611,1.0,1.0,1.0
0,2,metal_plate,DUP_L,8,0.9655122698074025,0.8264864546541031,0.9088055712579636,1.0,1.0,1.0
0,2,tubes,A1_J,8,0.9881148131730095,0.7307356020930713,0.9533593912549836,0.9660326086956521,0.9857863842897303,0.9384615384615386
0,2,tubes,A1_L,8,0.9898790838224152,0.7387075844359143,0.9597979983720296,0.9592391304347826,0.9841601753526629,0.9393939393939393
0,2,tubes,DUP_J,8,0.98690092649516,0.7201235122801676,0.9485729410969572,0.9651268115942029,0.9852144535158035,0.9251700680272109
0,2,tubes,TRI_J,8,0.9852678953246663,0.6857817438972467,0.9395895552982009,0.9664855072463768,0.9859819078168263,0.9402985074626865
0,2,tubes,TRI_L,8,0.9882130220527998,0.7000155292813021,0.9509579594754173,0.96875,0.9871828163996816,0.9473684210526315
0,2,tubes,BAL_J,8,0.9865307439072515,0.6955088572753538,0.9457841742213929,0.9615036231884059,0.9845233443442348,0.9333333333333332
0,2,tubes,BAL_L,8,0.9899188391256882,0.7160805124226726,0.9587341495393344,0.9710144927536232,0.9883041119802364,0.9481481481481481
0,2,tubes,DUP_L,8,0.9879611621182773,0.723080384886672,0.9541160979920098,0.9569746376811594,0.9830262173660648,0.9312977099236642
0,4,bracket_black,A1_J,8,0.9740838470124178,0.18559149428133026,0.9113330861362566,0.7972074468085106,0.8699851276988307,0.8041237113402062
0,4,bracket_black,A1_L,8,0.978410166034851,0.16876473816622964,0.9204790759241182,0.7945478723404255,0.8697620503258987,0.780952380952381
0,4,bracket_black,DUP_J,8,0.9726147968096115,0.1803114588002528,0.9114503271769661,0.8051861702127661,0.8785451388047634,0.8045977011494252
0,4,bracket_black,TRI_J,8,0.9728498390701945,0.1859137899277851,0.9034262194755379,0.7799202127659576,0.8682690959547195,0.7816091954022989
0,4,bracket_black,TRI_L,8,0.9777414444481339,0.17453804113958016,0.9168467416300262,0.7726063829787234,0.8604997079948516,0.7863247863247863
0,4,bracket_black,BAL_J,8,0.9738353427235478,0.18655439188319298,0.9033237233411632,0.7706117021276595,0.8592664381163521,0.7768595041322314
0,4,bracket_black,BAL_L,8,0.979075899832188,0.17057817381771434,0.9148444567736594,0.7712765957446809,0.8567504694140533,0.7768595041322314
0,4,bracket_black,DUP_L,8,0.9759600259584574,0.16921873383650332,0.9206736602864776,0.802526595744681,0.8739744961333382,0.8
0,4,bracket_brown,A1_J,8,0.9060588741282167,0.033952103093274184,0.7971227323893852,0.5731523378582202,0.7250777918550071,0.8130081300813009
0,4,bracket_brown,A1_L,8,0.9142032528249885,0.03746346803234922,0.8149740867659238,0.5769230769230769,0.7320996198772781,0.8031496062992126
0,4,bracket_brown,DUP_J,8,0.8986660749845139,0.03664035844975139,0.7862447737589849,0.5558069381598794,0.6975675639472827,0.8095238095238095
0,4,bracket_brown,TRI_J,8,0.9176322806762108,0.038366633069525466,0.8144312613153072,0.5829562594268477,0.732595412158507,0.8196721311475409
0,4,bracket_brown,TRI_L,8,0.927289013704493,0.04250927061968248,0.8304883370273066,0.5731523378582202,0.7291641187372002,0.8095238095238095
0,4,bracket_brown,BAL_J,8,0.920053292193632,0.03550997631935356,0.8115257781665122,0.5987933634992458,0.734580241604812,0.8196721311475409
0,4,bracket_brown,BAL_L,8,0.9310631074971111,0.04012588036208126,0.8261332701546328,0.5965309200603318,0.747835941729821,0.8160000000000001
0,4,bracket_brown,DUP_L,8,0.9040937135731185,0.03951160028583413,0.795117491124446,0.5505279034690799,0.7044629239388716,0.8031496062992126
0,4,bracket_white,A1_J,8,0.9965490304092048,0.09536222826166874,0.9883333770437893,0.8244444444444445,0.7945923184318668,0.7894736842105263
0,4,bracket_white,A1_L,8,0.996420090366819,0.10594663284797728,0.9875565223414962,0.8266666666666667,0.8127483581504462,0.7837837837837838
0,4,bracket_white,DUP_J,8,0.9959780102214961,0.09563884001026517,0.9857601523339599,0.8033333333333333,0.7775293136935915,0.7761194029850748
0,4,bracket_white,TRI_J,8,0.9965014350915457,0.10491556625583405,0.9876931731320095,0.8155555555555556,0.8094238008282693,0.7777777777777778
0,4,bracket_white,TRI_L,8,0.9965435909443294,0.1319937233702518,0.9879692188289404,0.8122222222222222,0.8071064523315201,0.8
0,4,bracket_white,BAL_J,8,0.997057496750847,0.09710997157201837,0.9897621334549519,0.8366666666666667,0.8236925177823039,0.7945205479452055
0,4,bracket_white,BAL_L,8,0.996915699791483,0.10544507251345343,0.9893129988445403,0.8355555555555556,0.8307598653766428,0.8
0,4,bracket_white,DUP_L,8,0.9959534090053555,0.09882279125568984,0.9859568223273356,0.8055555555555556,0.7840763100149328,0.7878787878787877
0,4,connector,A1_J,8,0.975297297457135,0.37503957266484717,0.916327030191775,0.8976190476190476,0.8002561922204778,0.7647058823529412
0,4,connector,A1_L,8,0.9798334933927328,0.39571976104729345,0.9284602437160977,0.9142857142857144,0.8225327252112966,0.7777777777777778
0,4,connector,DUP_J,8,0.9744181010964927,0.3660084427606528,0.9127533736975314,0.9166666666666666,0.8233362599118901,0.8125000000000001
0,4,connector,TRI_J,8,0.9718279098188334,0.31028773291383455,0.9046559808645309,0.8333333333333334,0.6917680427463035,0.6923076923076924
0,4,connector,TRI_L,8,0.9779548844252857,0.3398191892305063,0.922984987726646,0.8928571428571428,0.7919326705040991,0.7586206896551724
0,4,connector,BAL_J,8,0.9735647450763133,0.3207535846123232,0.9078570125098782,0.830952380952381,0.6884581127136845,0.6842105263157894
0,4,connector,BAL_L,8,0.979419466084577,0.3443701873913774,0.9259523220489357,0.8928571428571429,0.790135360671075,0.75
0,4,connector,DUP_L,8,0.9778453276772652,0.37972722031583067,0.9222965553999564,0.9142857142857143,0.8073871276919659,0.8148148148148148
0,4,metal_plate,A1_J,8,0.979656760849062,0.8849814488088171,0.945103827094461,1.0,1.0,1.0
0,4,metal_plate,A1_L,8,0.9811469325670795,0.8850119211090588,0.9467357415360912,1.0,1.0,1.0
0,4,metal_plate,DUP_J,8,0.9726824924718734,0.8579556846474317,0.9295810091680172,1.0,1.0,1.0
0,4,metal_plate,TRI_J,8,0.978638050261831,0.8863869883822727,0.9442132145397196,1.0,1.0,1.0
0,4,metal_plate,TRI_L,8,0.9812823054283728,0.8905962616727887,0.9471249003237948,1.0,1.0,1.0
0,4,metal_plate,BAL_J,8,0.9838051262884938,0.9068324172041451,0.9565546982552043,1.0,1.0,1.0
0,4,metal_plate,BAL_L,8,0.9863852587659387,0.910928346835003,0.9594240649190912,1.0,1.0,1.0
0,4,metal_plate,DUP_L,8,0.9732881628801187,0.8570608543734421,0.9319108731431361,1.0,1.0,1.0
0,4,tubes,A1_J,8,0.9903581521894629,0.7550403564694392,0.9619872922438202,0.9633152173913044,0.9851831501360323,0.9361702127659574
0,4,tubes,A1_L,8,0.9919332808372955,0.7607111511966671,0.9689694949127564,0.9664855072463768,0.9865898147601454,0.9428571428571428
0,4,tubes,DUP_J,8,0.9894196576007472,0.7440802643152187,0.9577450858870498,0.9583333333333334,0.9832079924498313,0.935251798561151
0,4,tubes,TRI_J,8,0.9871075292076862,0.7129875408712127,0.9482526793572221,0.967391304347826,0.9858964509652249,0.9295774647887325
0,4,tubes,TRI_L,8,0.9900269478881052,0.7269070520594824,0.9585073302514149,0.96875,0.9876716484692528,0.9489051094890512
0,4,tubes,BAL_J,8,0.9882100229652772,0.7220065575240157,0.9496361699374366,0.9664855072463769,0.986088435118548,0.9361702127659574
0,4,tubes,BAL_L,8,0.9914109396578357,0.7403666045238415,0.9652930002720262,0.970108695652174,0.9885618897853586,0.9565217391304348
0,4,tubes,DUP_L,8,0.9904394581848852,0.7468629889274069,0.9627807683456859,0.9624094202898551,0.9847876383592881,0.9428571428571428
