method,image_index,sample_id,image_label,region,grid,boundary_count,patch_count,mean,p05,p25,median,p75,p95,min,max
A1_G,0,connector/test/good/000.png,0,normal_image,32x32,0,1024,0.00827699073124677,0.0,0.0008094459772109985,0.0045705437660217285,0.01222941279411316,0.029045850038528383,0.0,0.06845459342002869
A1_G,1,connector/test/good/001.png,0,normal_image,32x32,0,1024,0.009575401112670079,0.0,0.0008617937564849854,0.005266144871711731,0.01429823786020279,0.03438673168420789,0.0,0.06158405542373657
A1_G,2,connector/test/good/002.png,0,normal_image,32x32,0,1024,0.006918499973835424,0.0,0.0002967417240142822,0.003191918134689331,0.009660542011260986,0.027585396170616117,0.0,0.07388076186180115
A1_G,3,connector/test/good/003.png,0,normal_image,32x32,0,1024,0.009608715074136853,0.0,0.002202540636062622,0.006188422441482544,0.01368393748998642,0.029490463435649865,0.0,0.07758346199989319
A1_G,4,connector/test/good/004.png,0,normal_image,32x32,0,1024,0.009726366988616064,7.440000772476197e-05,0.002063669264316559,0.006319954991340637,0.014042124152183533,0.030627092719078063,0.0,0.08383980393409729
A1_G,5,connector/test/good/005.png,0,normal_image,32x32,0,1024,0.00923763497848995,0.0,0.0018739476799964905,0.005957216024398804,0.013184428215026855,0.028098131716251355,0.0,0.07437258958816528
A1_G,6,connector/test/good/006.png,0,normal_image,32x32,0,1024,0.008809941908111796,0.0,0.0017915517091751099,0.005745932459831238,0.012069478631019592,0.028876467049121845,0.0,0.1023344099521637
A1_G,7,connector/test/good/007.png,0,normal_image,32x32,0,1024,0.010073086392367259,0.0,0.002428501844406128,0.00701981782913208,0.015056222677230835,0.029414452612400038,0.0,0.09059223532676697
A1_G,8,connector/test/good/008.png,0,normal_image,32x32,0,1024,0.009781883418327197,0.00015405565500259402,0.002303585410118103,0.006602302193641663,0.014233939349651337,0.02876636832952498,0.0,0.07234206795692444
A1_G,9,connector/test/good/009.png,0,normal_image,32x32,0,1024,0.009120666596572846,0.0,0.001643635332584381,0.005741909146308899,0.013242051005363464,0.029205974936485284,0.0,0.06757283210754395
A1_G,10,connector/test/good/010.png,0,normal_image,32x32,0,1024,0.008012714271899313,0.0,0.0008955821394920349,0.004273548722267151,0.011789977550506592,0.028181804716587055,0.0,0.07102307677268982
A1_G,11,connector/test/good/011.png,0,normal_image,32x32,0,1024,0.008405820961343125,0.0,0.0002988576889038086,0.00437849760055542,0.013131730258464813,0.027882695198059075,0.0,0.07417762279510498
A1_G,12,connector/test/good/012.png,0,normal_image,32x32,0,1024,0.009250676666852087,0.0,0.0010973140597343445,0.005506381392478943,0.013466201722621918,0.029746769368648503,0.0,0.1150926947593689
A1_G,13,connector/test/good/013.png,0,normal_image,32x32,0,1024,0.00836122443433851,0.0,0.001230381429195404,0.005657419562339783,0.012351736426353455,0.026492901146411882,0.0,0.05993849039077759
A1_G,14,connector/test/good/014.png,0,normal_image,32x32,0,1024,0.00923068032716401,0.0,0.001416042447090149,0.006188035011291504,0.01387360692024231,0.027076391875743865,0.0,0.10341042280197144
A1_G,15,connector/test/good/015.png,0,normal_image,32x32,0,1024,0.008770769374677911,0.0,0.0016569867730140686,0.005888998508453369,0.013120874762535095,0.02767937481403349,0.0,0.0572299063205719
A1_G,16,connector/test/good/016.png,0,normal_image,32x32,0,1024,0.00889073291909881,0.0,0.0017492249608039856,0.005790203809738159,0.012849919497966766,0.027465052902698503,0.0,0.061494380235672
A1_G,17,connector/test/good/017.png,0,normal_image,32x32,0,1024,0.00838170133647509,0.0,0.0014605149626731873,0.005273640155792236,0.012066923081874847,0.02626786082983016,0.0,0.12220853567123413
A1_G,18,connector/test/good/018.png,0,normal_image,32x32,0,1024,0.009058055497007445,0.0,0.0016701072454452515,0.005969107151031494,0.012843042612075806,0.02912282198667526,0.0,0.08724004030227661
A1_G,19,connector/test/good/019.png,0,normal_image,32x32,0,1024,0.008259188674855977,0.0,0.0012915879487991333,0.004921481013298035,0.012204661965370178,0.026754103600978844,0.0,0.07089671492576599
A1_G,20,connector/test/good/020.png,0,normal_image,32x32,0,1024,0.0072151412605308,0.0,1.3969838619232178e-05,0.0033658742904663086,0.010392554104328156,0.025964519381523117,0.0,0.08596682548522949
A1_G,21,connector/test/good/021.png,0,normal_image,32x32,0,1024,0.0074202083924319595,0.0,0.0,0.002879709005355835,0.010566167533397675,0.029154509305953973,0.0,0.077919602394104
A1_G,22,connector/test/good/022.png,0,normal_image,32x32,0,1024,0.0071557501796633005,0.0,0.0004199221730232239,0.0034766942262649536,0.010635226964950562,0.026427136361598953,0.0,0.061351627111434937
A1_G,23,connector/test/good/023.png,0,normal_image,32x32,0,1024,0.008763263293076307,0.0,0.0010476931929588318,0.005082800984382629,0.012703649699687958,0.029440075159072862,0.0,0.10137587785720825
A1_G,24,connector/test/good/024.png,0,normal_image,32x32,0,1024,0.00885766782448627,0.0,0.0014678463339805603,0.005205929279327393,0.012957341969013214,0.029560111463069902,0.0,0.07911735773086548
A1_G,25,connector/test/good/025.png,0,normal_image,32x32,0,1024,0.00777025317074731,0.0,0.0008874088525772095,0.0046875327825546265,0.011353075504302979,0.024606719613075253,0.0,0.09179159998893738
A1_G,26,connector/test/good/026.png,0,normal_image,32x32,0,1024,0.008556448039598763,0.0,0.0010008513927459717,0.004725158214569092,0.012255355715751648,0.030809378623962384,0.0,0.06526842713356018
A1_G,27,connector/test/good/027.png,0,normal_image,32x32,0,1024,0.008421209524385631,0.0,0.001127287745475769,0.00500863790512085,0.01223975419998169,0.02863172590732574,0.0,0.061984628438949585
A1_G,28,connector/test/good/028.png,0,normal_image,32x32,0,1024,0.009568641951773316,0.0,0.0019077956676483154,0.006205573678016663,0.013500280678272247,0.029717122018337216,0.0,0.07624763250350952
A1_G,29,connector/test/good/029.png,0,normal_image,32x32,0,1024,0.009564516716636717,0.0,0.0021418705582618713,0.006144165992736816,0.013511724770069122,0.029843479394912716,0.0,0.11474978923797607
A1_G,30,connector/test/parts_mismatch/000.png,1,abnormal_normal,32x32,13,991,0.009142528659279725,8.668005466461182e-05,0.0021128952503204346,0.0060769617557525635,0.012515351176261902,0.028845876455307007,0.0,0.0725698173046112
A1_G,30,connector/test/parts_mismatch/000.png,1,defect,32x32,13,33,0.01859932415413134,0.0030576527118682862,0.0115642249584198,0.016516447067260742,0.02358454465866089,0.03578525781631469,0.0016986727714538574,0.06409353017807007
A1_G,30,connector/test/parts_mismatch/000.png,1,clean_defect,32x32,13,20,0.018537569046020507,0.006314884126186371,0.012685395777225494,0.016710758209228516,0.024637840688228607,0.034049674868583686,0.0030359625816345215,0.03876054286956787
A1_G,30,connector/test/parts_mismatch/000.png,1,boundary,32x32,13,13,0.01869433201276339,0.0025227367877960205,0.010634243488311768,0.014115840196609497,0.02314576506614685,0.044622731208801225,0.0016986727714538574,0.06409353017807007
A1_G,31,connector/test/parts_mismatch/001.png,1,abnormal_normal,32x32,8,997,0.008864253819168152,0.00027577280998229985,0.00221368670463562,0.005842983722686768,0.012480437755584717,0.026349222660064692,0.0,0.07423651218414307
A1_G,31,connector/test/parts_mismatch/001.png,1,defect,32x32,8,27,0.012497033233995791,0.001071631908416748,0.006622254848480225,0.013615846633911133,0.016248419880867004,0.026056435704231263,0.0,0.029070526361465454
A1_G,31,connector/test/parts_mismatch/001.png,1,clean_defect,32x32,8,19,0.010721321168698762,0.0009183615446090699,0.005507573485374451,0.009900718927383423,0.014496400952339172,0.026004171371459953,0.0,0.029070526361465454
A1_G,31,connector/test/parts_mismatch/001.png,1,boundary,32x32,8,8,0.016714349389076233,0.005441418290138245,0.012632161378860474,0.01809738576412201,0.02213340252637863,0.025093619525432584,0.0031585097312927246,0.026224851608276367
A1_G,32,connector/test/parts_mismatch/002.png,1,abnormal_normal,32x32,11,993,0.009456719576652197,0.00022647976875305175,0.0019324719905853271,0.005956530570983887,0.013217389583587646,0.02981920838356017,0.0,0.06728577613830566
A1_G,32,connector/test/parts_mismatch/002.png,1,defect,32x32,11,31,0.016279398433623776,0.0052025169134140015,0.010531201958656311,0.013575971126556396,0.02031250298023224,0.03744883835315704,0.001463472843170166,0.04161727428436279
A1_G,32,connector/test/parts_mismatch/002.png,1,clean_defect,32x32,11,20,0.016304482519626618,0.005377624928951263,0.009965024888515472,0.01390819251537323,0.020183511078357697,0.03846066147089005,0.005007952451705933,0.04161727428436279
A1_G,32,connector/test/parts_mismatch/002.png,1,boundary,32x32,11,11,0.0162337910045277,0.003628373146057129,0.010795220732688904,0.013575971126556396,0.01878891885280609,0.03584359586238861,0.001463472843170166,0.03660315275192261
A1_G,33,connector/test/parts_mismatch/003.png,1,abnormal_normal,32x32,14,993,0.009645755797594576,0.00026447176933288576,0.0023981332778930664,0.006435751914978027,0.013145089149475098,0.02918927669525146,0.0,0.11533236503601074
A1_G,33,connector/test/parts_mismatch/003.png,1,defect,32x32,14,31,0.013898111158801664,0.0009343177080154419,0.008308961987495422,0.011463671922683716,0.01958303153514862,0.03220927715301514,0.00011512637138366699,0.03508865833282471
A1_G,33,connector/test/parts_mismatch/003.png,1,clean_defect,32x32,14,17,0.013380122535368976,0.0009559571743011475,0.00834423303604126,0.010390818119049072,0.020085394382476807,0.03141705989837646,0.00011512637138366699,0.03508865833282471
A1_G,33,connector/test/parts_mismatch/003.png,1,boundary,32x32,14,14,0.014527097344398499,0.0025192856788635257,0.008553646504878998,0.0160788893699646,0.01928110420703888,0.026178655028343198,0.0007024705410003662,0.03391939401626587
A1_G,34,connector/test/parts_mismatch/004.png,1,abnormal_normal,32x32,9,996,0.00983158516955663,0.0004003867506980896,0.0025505349040031433,0.006667152047157288,0.013949006795883179,0.02902362495660782,0.0,0.07508307695388794
A1_G,34,connector/test/parts_mismatch/004.png,1,defect,32x32,9,28,0.014843084982463292,0.0005454376339912416,0.008473806083202362,0.01168358325958252,0.02025853842496872,0.03608471006155013,0.0,0.04424247145652771
A1_G,34,connector/test/parts_mismatch/004.png,1,clean_defect,32x32,9,19,0.016167828911229185,0.001402553915977478,0.008956193923950195,0.014120340347290039,0.020485058426856995,0.0386006325483322,0.0,0.04424247145652771
A1_G,34,connector/test/parts_mismatch/004.png,1,boundary,32x32,9,9,0.012046403355068631,0.0028631925582885743,0.007836580276489258,0.009013593196868896,0.014495670795440674,0.024524992704391478,0.0,0.024738937616348267
A1_G,35,connector/test/parts_mismatch/005.png,1,abnormal_normal,32x32,8,999,0.010013853942787086,0.00017288029193878197,0.0025243163108825684,0.006796896457672119,0.013824999332427979,0.029863786697387686,0.0,0.08701986074447632
A1_G,35,connector/test/parts_mismatch/005.png,1,defect,32x32,8,25,0.013916503190994262,0.00325998067855835,0.006582200527191162,0.011495232582092285,0.01782602071762085,0.029751247167587265,0.0020904541015625,0.03870585560798645
A1_G,35,connector/test/parts_mismatch/005.png,1,clean_defect,32x32,8,17,0.013403445482254028,0.0043920338153839115,0.005693376064300537,0.011495232582092285,0.0162828266620636,0.028182965517044058,0.002882629632949829,0.03870585560798645
A1_G,35,connector/test/parts_mismatch/005.png,1,boundary,32x32,8,8,0.01500675082206726,0.003662565350532532,0.007639482617378235,0.01223134994506836,0.023894384503364563,0.02856059521436691,0.0020904541015625,0.030800998210906982
A1_G,36,connector/test/parts_mismatch/006.png,1,abnormal_normal,32x32,12,996,0.009963092225861836,0.00027458369731903076,0.0029575899243354797,0.007202848792076111,0.013890296220779419,0.02900870144367218,0.0,0.07354840636253357
A1_G,36,connector/test/parts_mismatch/006.png,1,defect,32x32,12,28,0.015875399112701416,0.0019437730312347413,0.006019778549671173,0.01599656045436859,0.020232468843460083,0.03409489393234253,0.0,0.044773757457733154
A1_G,36,connector/test/parts_mismatch/006.png,1,clean_defect,32x32,12,16,0.013474714010953903,0.001720234751701355,0.0058217644691467285,0.009983986616134644,0.019574634730815887,0.03391760587692261,0.0,0.03425002098083496
A1_G,36,connector/test/parts_mismatch/006.png,1,boundary,32x32,12,12,0.0190763125816981,0.00204576849937439,0.007851473987102509,0.01867121458053589,0.028501585125923157,0.03849737346172332,0.0017652809619903564,0.044773757457733154
A1_G,37,connector/test/parts_mismatch/007.png,1,abnormal_normal,32x32,11,1000,0.009399149477481841,0.0002838656306266785,0.002202361822128296,0.005979791283607483,0.012956209480762482,0.02959207296371459,0.0,0.1096634566783905
A1_G,37,connector/test/parts_mismatch/007.png,1,defect,32x32,11,24,0.015151921659708023,0.002937246859073639,0.0069069936871528625,0.01449061930179596,0.020141907036304474,0.030624450743198382,0.0,0.044178903102874756
A1_G,37,connector/test/parts_mismatch/007.png,1,clean_defect,32x32,11,13,0.013791684920971211,0.0016548156738281253,0.006331831216812134,0.011786788702011108,0.015575230121612549,0.03324664831161497,0.0,0.044178903102874756
A1_G,37,connector/test/parts_mismatch/007.png,1,boundary,32x32,11,11,0.016759474169124256,0.005167558789253235,0.010821506381034851,0.017864853143692017,0.021049275994300842,0.02797459065914154,0.003952831029891968,0.03144785761833191
A1_G,38,connector/test/parts_mismatch/008.png,1,abnormal_normal,32x32,12,1002,0.011248323107194045,0.0005187526345252991,0.0031815096735954285,0.00817231833934784,0.0159667506814003,0.03097683787345884,0.0,0.11498025059700012
A1_G,38,connector/test/parts_mismatch/008.png,1,defect,32x32,12,22,0.013045206665992737,0.0037803515791893006,0.005774751305580139,0.009775236248970032,0.01796294003725052,0.033843594789505,0.0030000805854797363,0.04347237944602966
A1_G,38,connector/test/parts_mismatch/008.png,1,clean_defect,32x32,12,10,0.01098215878009796,0.00362059623003006,0.006788328289985657,0.009775236248970032,0.011646643280982971,0.023624117672443382,0.0030000805854797363,0.027479350566864014
A1_G,38,connector/test/parts_mismatch/008.png,1,boundary,32x32,12,12,0.014764413237571716,0.0038770750164985658,0.005492903292179108,0.009265497326850891,0.01972818374633789,0.03836077600717544,0.003770679235458374,0.04347237944602966
A1_G,39,connector/test/parts_mismatch/009.png,1,abnormal_normal,32x32,10,1000,0.009506561845541,0.00015289038419723515,0.0023538023233413696,0.006424620747566223,0.013499610126018524,0.029459030926227564,0.0,0.07697001099586487
A1_G,39,connector/test/parts_mismatch/009.png,1,defect,32x32,10,24,0.02316872403025627,0.0023717746138572694,0.006608635187149048,0.020401597023010254,0.03362368792295456,0.05321903079748153,0.00205877423286438,0.07312709093093872
A1_G,39,connector/test/parts_mismatch/009.png,1,clean_defect,32x32,10,14,0.020707717963627408,0.0021716907620429994,0.005895406007766724,0.017632082104682922,0.03163021802902222,0.04594307988882065,0.00205877423286438,0.05346226692199707
A1_G,39,connector/test/parts_mismatch/009.png,1,boundary,32x32,10,10,0.02661413252353668,0.004388944804668426,0.00784493237733841,0.023570671677589417,0.03367457538843155,0.06354821175336836,0.0031610429286956787,0.07312709093093872
A1_G,40,connector/test/parts_mismatch/010.png,1,abnormal_normal,32x32,13,994,0.008890187866251233,4.37796115875248e-06,0.002093479037284851,0.005637630820274353,0.012739025056362152,0.029013054072856884,0.0,0.07048159837722778
A1_G,40,connector/test/parts_mismatch/010.png,1,defect,32x32,13,30,0.011816262205441793,0.0010142058134078981,0.006844177842140198,0.00964154303073883,0.0147482231259346,0.02894226312637327,0.00011628866195678711,0.036831557750701904
A1_G,40,connector/test/parts_mismatch/010.png,1,clean_defect,32x32,13,17,0.010951289359261008,0.0015749454498291016,0.0037390291690826416,0.010245978832244873,0.014732688665390015,0.026319956779479976,0.0002932548522949219,0.03222668170928955
A1_G,40,connector/test/parts_mismatch/010.png,1,boundary,32x32,13,13,0.012947380542755127,0.0036720037460327153,0.006865322589874268,0.008608371019363403,0.016956448554992676,0.029689407348632797,0.00011628866195678711,0.036831557750701904
A1_G,41,connector/test/parts_mismatch/011.png,1,abnormal_normal,32x32,12,996,0.009272963018063081,7.408857345581055e-05,0.0018633902072906494,0.005998536944389343,0.013304971158504486,0.027727805078029633,0.0,0.07653370499610901
A1_G,41,connector/test/parts_mismatch/011.png,1,defect,32x32,12,28,0.01535084524324962,0.0037825584411621095,0.007808215916156769,0.013346880674362183,0.020111553370952606,0.03025409132242202,0.0,0.04107806086540222
A1_G,41,connector/test/parts_mismatch/011.png,1,clean_defect,32x32,12,16,0.015350226312875748,0.003115519881248474,0.007808215916156769,0.014625564217567444,0.023674272000789642,0.028410054743289948,0.0,0.0318676233291626
A1_G,41,connector/test/parts_mismatch/011.png,1,boundary,32x32,12,12,0.015351670483748118,0.004163378477096557,0.00869249552488327,0.01272881031036377,0.01874963939189911,0.03297850787639617,0.0035825371742248535,0.04107806086540222
A1_G,42,connector/test/parts_mismatch/012.png,1,abnormal_normal,32x32,10,993,0.009290959149569063,5.688667297363284e-05,0.002147972583770752,0.005770951509475708,0.01273256540298462,0.02865946292877195,0.0,0.08380946516990662
A1_G,42,connector/test/parts_mismatch/012.png,1,defect,32x32,10,31,0.013386040925979614,0.0029895901679992676,0.006602242588996887,0.012322843074798584,0.018492817878723145,0.028733596205711365,0.0012630224227905273,0.03366997838020325
A1_G,42,connector/test/parts_mismatch/012.png,1,clean_defect,32x32,10,21,0.012598606802168347,0.0026645660400390625,0.006362110376358032,0.010622411966323853,0.016375601291656494,0.032359421253204346,0.0012630224227905273,0.03366997838020325
A1_G,42,connector/test/parts_mismatch/012.png,1,boundary,32x32,10,10,0.015039652585983276,0.00779573768377304,0.012041188776493073,0.014915898442268372,0.018574967980384827,0.021645833551883695,0.006239265203475952,0.022727876901626587
A1_G,43,connector/test/parts_mismatch/013.png,1,abnormal_normal,32x32,11,994,0.01016584080709538,4.666447639465334e-05,0.0023521333932876587,0.006345316767692566,0.014198735356330872,0.03437143266201016,0.0,0.06970983743667603
A1_G,43,connector/test/parts_mismatch/013.png,1,defect,32x32,11,30,0.01507241427898407,0.004527686536312104,0.010546796023845673,0.014276817440986633,0.018788419663906097,0.030730050802230825,0.0,0.03639405965805054
A1_G,43,connector/test/parts_mismatch/013.png,1,clean_defect,32x32,11,19,0.01495608373692161,0.005582159757614136,0.008606627583503723,0.012482672929763794,0.016702800989151,0.03268024623394011,0.0,0.03639405965805054
A1_G,43,connector/test/parts_mismatch/013.png,1,boundary,32x32,11,11,0.015273348851637407,0.006748124957084656,0.013545632362365723,0.015006929636001587,0.019495591521263123,0.020783737301826477,0.0031574666500091553,0.02120712399482727
DUP_G,0,connector/test/good/000.png,0,normal_image,32x32,0,1024,0.007040522079478251,0.0,0.0005747014656662941,0.0034781591966748238,0.01011935411952436,0.025681608170270917,0.0,0.05388196185231209
DUP_G,1,connector/test/good/001.png,0,normal_image,32x32,0,1024,0.008094138666592698,0.0,0.0006142209749668837,0.004185596480965614,0.011597798205912113,0.029696791991591427,0.0,0.05669775605201721
DUP_G,2,connector/test/good/002.png,0,normal_image,32x32,0,1024,0.005876164186247479,0.0,0.00021479534916579723,0.002475717570632696,0.007902601733803749,0.023997732251882512,0.0,0.06804399192333221
DUP_G,3,connector/test/good/003.png,0,normal_image,32x32,0,1024,0.00824602488819437,0.0,0.0016231476329267025,0.005004105158150196,0.011598239652812481,0.02701489273458718,0.0,0.07628209888935089
DUP_G,4,connector/test/good/004.png,0,normal_image,32x32,0,1024,0.008408864628108859,4.9600191414356234e-05,0.0015399758704006672,0.005085348151624203,0.011621002107858658,0.026686865463852856,0.0,0.08473436534404755
DUP_G,5,connector/test/good/005.png,0,normal_image,32x32,0,1024,0.007810931878339034,0.0,0.0013585735578089952,0.004824231378734112,0.011045105755329132,0.025286315008997837,0.0,0.08075761795043945
DUP_G,6,connector/test/good/006.png,0,normal_image,32x32,0,1024,0.007464826180694217,0.0,0.0013081599026918411,0.0044242460280656815,0.00973878987133503,0.02579182405024766,0.0,0.0870845764875412
DUP_G,7,connector/test/good/007.png,0,normal_image,32x32,0,1024,0.008367085508780292,0.0,0.0018192529678344727,0.0056176697835326195,0.01234341412782669,0.025341799296438695,0.0,0.07161896675825119
DUP_G,8,connector/test/good/008.png,0,normal_image,32x32,0,1024,0.008319070504967385,0.00010270290076732636,0.00173275638371706,0.005497414618730545,0.012045720592141151,0.02603730261325833,0.0,0.05615292116999626
DUP_G,9,connector/test/good/009.png,0,normal_image,32x32,0,1024,0.007731814022463368,0.0,0.0012218207120895386,0.0044530220329761505,0.011196510400623083,0.02553858924657104,0.0,0.06554009765386581
DUP_G,10,connector/test/good/010.png,0,normal_image,32x32,0,1024,0.00677840830076093,0.0,0.0006499139126390219,0.0034443330951035023,0.009200865402817726,0.02455545384436844,0.0,0.05848051607608795
DUP_G,11,connector/test/good/011.png,0,normal_image,32x32,0,1024,0.007084168086066711,0.0,0.0002017766237258911,0.0032182931900024414,0.010850945953279734,0.02570136934518814,0.0,0.06312546879053116
DUP_G,12,connector/test/good/012.png,0,normal_image,32x32,0,1024,0.007884676869707619,0.0,0.0007344386540353298,0.0043316008523106575,0.011395192705094814,0.026158471591770635,0.0,0.10324422270059586
DUP_G,13,connector/test/good/013.png,0,normal_image,32x32,0,1024,0.007010453219209012,0.0,0.0009201657958328724,0.004228206351399422,0.010295530315488577,0.023098851740360252,0.0,0.05342409759759903
DUP_G,14,connector/test/good/014.png,0,normal_image,32x32,0,1024,0.007900960452161598,0.0,0.0010206662118434906,0.004909941926598549,0.011590461246669292,0.024370115436613538,0.0,0.08771806210279465
DUP_G,15,connector/test/good/015.png,0,normal_image,32x32,0,1024,0.007616613741447509,0.0,0.001201842911541462,0.004501860588788986,0.01139367651194334,0.02506209909915922,0.0,0.05709662288427353
DUP_G,16,connector/test/good/016.png,0,normal_image,32x32,0,1024,0.007616022078536844,0.0,0.001299191266298294,0.00455883052200079,0.010770192369818687,0.024469290301203723,0.0,0.06743521988391876
DUP_G,17,connector/test/good/017.png,0,normal_image,32x32,0,1024,0.0070064503688627155,0.0,0.001033138483762741,0.004171418026089668,0.009740615263581276,0.02354730311781168,0.0,0.0956479161977768
DUP_G,18,connector/test/good/018.png,0,normal_image,32x32,0,1024,0.0076932156414386554,0.0,0.001253366470336914,0.004611878655850887,0.010909296572208405,0.024790211580693708,0.0,0.0690780058503151
DUP_G,19,connector/test/good/019.png,0,normal_image,32x32,0,1024,0.007066326311814919,0.0,0.0009260675869882107,0.003990691155195236,0.010276317596435547,0.025439893268048745,0.0,0.0731167420744896
DUP_G,20,connector/test/good/020.png,0,normal_image,32x32,0,1024,0.006094439018170306,0.0,9.313691407442093e-06,0.0024094795808196068,0.008282721042633057,0.025049354881048192,0.0,0.06359851360321045
DUP_G,21,connector/test/good/021.png,0,normal_image,32x32,0,1024,0.006165003623209486,0.0,0.0,0.0021650195121765137,0.008496367372572422,0.025451172329485412,0.0,0.06476106494665146
DUP_G,22,connector/test/good/022.png,0,normal_image,32x32,0,1024,0.006000677415386235,0.0,0.00028112437576055527,0.0025973310694098473,0.008368500508368015,0.02333683623000978,0.0,0.0490497350692749
DUP_G,23,connector/test/good/023.png,0,normal_image,32x32,0,1024,0.007312300429020979,0.0,0.0007281210273504257,0.003984195180237293,0.010699307546019554,0.024576066993176913,0.0,0.10210967808961868
DUP_G,24,connector/test/good/024.png,0,normal_image,32x32,0,1024,0.007561601644965776,0.0,0.001154561061412096,0.004190863110125065,0.010414262302219868,0.026098443567752806,0.0,0.08180315792560577
DUP_G,25,connector/test/good/025.png,0,normal_image,32x32,0,1024,0.006554779958378276,0.0,0.000654623843729496,0.0036140987649559975,0.009226272348314524,0.02234798260033128,0.0,0.07266255468130112
DUP_G,26,connector/test/good/026.png,0,normal_image,32x32,0,1024,0.007250192546962353,0.0,0.0007231812924146652,0.003788970410823822,0.010221337899565697,0.02727304557338353,0.0,0.06713051348924637
DUP_G,27,connector/test/good/027.png,0,normal_image,32x32,0,1024,0.007157835884754604,0.0,0.0008402063976973295,0.0037154369056224823,0.01036505913361907,0.025479118712246375,0.0,0.06474721431732178
DUP_G,28,connector/test/good/028.png,0,normal_image,32x32,0,1024,0.008074469063558354,0.0,0.0014234583359211683,0.00514575932174921,0.011421357281506062,0.02676208755001425,0.0,0.07618669420480728
DUP_G,29,connector/test/good/029.png,0,normal_image,32x32,0,1024,0.008196623299454586,0.0,0.0016021719202399254,0.004818546585738659,0.011403286829590797,0.026419902592897393,0.0,0.08123955130577087
DUP_G,30,connector/test/parts_mismatch/000.png,1,abnormal_normal,32x32,13,991,0.00784799071991164,5.778670310974121e-05,0.0015413761138916016,0.004733186215162277,0.010468821972608566,0.027150899171829224,0.0,0.08193627744913101
DUP_G,30,connector/test/parts_mismatch/000.png,1,defect,32x32,13,33,0.015511303914315773,0.0027878046035766605,0.00972900539636612,0.011933162808418274,0.018531829118728638,0.036341208219528194,0.0011324509978294373,0.051877424120903015
DUP_G,30,connector/test/parts_mismatch/000.png,1,clean_defect,32x32,13,20,0.015610739588737488,0.004900570213794708,0.0106258075684309,0.011777866631746292,0.018963735550642014,0.03495037406682969,0.0020239651203155518,0.03872549533843994
DUP_G,30,connector/test/parts_mismatch/000.png,1,boundary,32x32,13,13,0.015358325953666981,0.0024311989545822144,0.007310956716537476,0.01332857459783554,0.018062151968479156,0.033407853543758345,0.0011324509978294373,0.051877424120903015
DUP_G,31,connector/test/parts_mismatch/001.png,1,abnormal_normal,32x32,8,997,0.007692745391890377,0.0001838497817516327,0.0016885846853256226,0.004789751023054123,0.010553523898124695,0.024454019218683242,0.0,0.08531592786312103
DUP_G,31,connector/test/parts_mismatch/001.png,1,defect,32x32,8,27,0.010763129150425946,0.0007703721523284913,0.005079135298728943,0.009394168853759766,0.015900786966085434,0.023660089448094362,0.0,0.030592259019613266
DUP_G,31,connector/test/parts_mismatch/001.png,1,clean_defect,32x32,8,19,0.00930620161326308,0.0006122410297393799,0.004647158086299896,0.00922568142414093,0.013306181877851486,0.019991750642657267,0.0,0.025494258850812912
DUP_G,31,connector/test/parts_mismatch/001.png,1,boundary,32x32,8,8,0.014223332051187754,0.0036276098340749744,0.00842144526541233,0.015027720481157303,0.017617112025618553,0.026191529072821133,0.0021056681871414185,0.030592259019613266
DUP_G,32,connector/test/parts_mismatch/002.png,1,abnormal_normal,32x32,11,993,0.00790714137284282,0.00015208199620246886,0.0015285797417163849,0.0046093277633190155,0.01087953895330429,0.025111901015043257,0.0,0.06420096009969711
DUP_G,32,connector/test/parts_mismatch/002.png,1,defect,32x32,11,31,0.012423604005767454,0.0036004073917865753,0.007173456251621246,0.00963883101940155,0.015275835990905762,0.028085611760616302,0.0009756460785865784,0.029598355293273926
DUP_G,32,connector/test/parts_mismatch/002.png,1,clean_defect,32x32,11,20,0.011814993619918824,0.00434320867061615,0.006832577288150787,0.009558390825986862,0.0138174407184124,0.02564044073224068,0.003338634967803955,0.027744844555854797
DUP_G,32,connector/test/parts_mismatch/002.png,1,boundary,32x32,11,11,0.013530168343674053,0.002418912947177887,0.00773220881819725,0.009807407855987549,0.018255803734064102,0.029012367129325867,0.0009756460785865784,0.029598355293273926
DUP_G,33,connector/test/parts_mismatch/003.png,1,abnormal_normal,32x32,14,993,0.0082445953769116,0.00017631426453590396,0.001795012503862381,0.005546271800994873,0.011406023055315018,0.026160909235477415,0.0,0.07688824832439423
DUP_G,33,connector/test/parts_mismatch/003.png,1,defect,32x32,14,31,0.01005413503416123,0.000622875988483429,0.005539312958717346,0.009388670325279236,0.013786882162094116,0.022789735347032547,0.00015351176261901855,0.02870979905128479
DUP_G,33,connector/test/parts_mismatch/003.png,1,clean_defect,32x32,14,17,0.009627733598737157,0.0006526529788970948,0.005562826991081238,0.008676186203956604,0.014222443103790283,0.02242811322212219,0.00015351176261901855,0.023392438888549805
DUP_G,33,connector/test/parts_mismatch/003.png,1,boundary,32x32,14,14,0.010571908205747604,0.0016795221716165544,0.005702432245016098,0.01088179275393486,0.013267070055007935,0.020455550402402874,0.00046831369400024414,0.02870979905128479
DUP_G,34,connector/test/parts_mismatch/004.png,1,abnormal_normal,32x32,9,996,0.008399922204817304,0.00027775438502430916,0.001898337621241808,0.005392361432313919,0.01179977087303996,0.026485170237720013,0.0,0.07250897586345673
DUP_G,34,connector/test/parts_mismatch/004.png,1,defect,32x32,9,28,0.011107271404138632,0.00036362595856189735,0.005954502150416374,0.009185153990983963,0.015397800132632256,0.027670590579509727,0.0,0.029494985938072205
DUP_G,34,connector/test/parts_mismatch/004.png,1,clean_defect,32x32,9,19,0.011772526330069491,0.0009350381791591644,0.00636729970574379,0.009413555264472961,0.01669672131538391,0.029364389181137086,0.0,0.029494985938072205
DUP_G,34,connector/test/parts_mismatch/004.png,1,boundary,32x32,9,9,0.009702844338284599,0.002089753746986389,0.006009064614772797,0.008956752717494965,0.015151716768741608,0.018148639053106305,0.0,0.01949036493897438
DUP_G,35,connector/test/parts_mismatch/005.png,1,abnormal_normal,32x32,8,999,0.008559165547160921,0.00011525359004735962,0.001863071694970131,0.005432823672890663,0.011793490499258041,0.02818558476865291,0.0,0.07687287032604218
DUP_G,35,connector/test/parts_mismatch/005.png,1,defect,32x32,8,25,0.010351147651672363,0.002839791774749756,0.005327939987182617,0.008632287383079529,0.014171168208122253,0.021532593667507167,0.0019217431545257568,0.025803908705711365
DUP_G,35,connector/test/parts_mismatch/005.png,1,clean_defect,32x32,8,17,0.010050795534077813,0.0029280126094818116,0.0071571022272109985,0.008632287383079529,0.012348577380180359,0.020190212130546566,0.0019217431545257568,0.025803908705711365
DUP_G,35,connector/test/parts_mismatch/005.png,1,boundary,32x32,8,8,0.010989395901560783,0.0033264975994825364,0.005092989653348923,0.008430719375610352,0.017333421856164932,0.021345357596874236,0.0027548447251319885,0.021782241761684418
DUP_G,36,connector/test/parts_mismatch/006.png,1,abnormal_normal,32x32,12,996,0.008641673157311392,0.00019955215975642204,0.002159785944968462,0.005972864106297493,0.012143033556640148,0.025666563771665096,0.0,0.07925612479448318
DUP_G,36,connector/test/parts_mismatch/006.png,1,defect,32x32,12,28,0.013054525878812586,0.0012958534061908722,0.004013188183307648,0.011596161872148514,0.0185017678886652,0.027889894880354402,0.0,0.05521158128976822
DUP_G,36,connector/test/parts_mismatch/006.png,1,clean_defect,32x32,12,16,0.010313794948160648,0.0016469880938529968,0.0038811825215816498,0.006655998528003693,0.014689184725284576,0.02517634630203247,0.0,0.026933908462524414
DUP_G,36,connector/test/parts_mismatch/006.png,1,boundary,32x32,12,12,0.016708833786348503,0.001363847404718399,0.005234314128756523,0.014247268438339233,0.02061624638736248,0.04046777281910179,0.0011768639087677002,0.05521158128976822
DUP_G,37,connector/test/parts_mismatch/007.png,1,abnormal_normal,32x32,11,1000,0.008118539140094071,0.00018924381583929062,0.001604829914867878,0.004850971512496471,0.010649821255356073,0.026461437344551083,0.0,0.11453752219676971
DUP_G,37,connector/test/parts_mismatch/007.png,1,defect,32x32,11,24,0.011599491660793623,0.0019581642001867297,0.004671294242143631,0.010555118322372437,0.017466984689235687,0.024042778834700584,0.0,0.029514826834201813
DUP_G,37,connector/test/parts_mismatch/007.png,1,clean_defect,32x32,11,13,0.009881672377769764,0.0011032104492187502,0.004521369934082031,0.00814160704612732,0.011064790189266205,0.022576510906219465,0.0,0.029514826834201813
DUP_G,37,connector/test/parts_mismatch/007.png,1,boundary,32x32,11,11,0.013629641722549091,0.0034450404345989227,0.007214333862066269,0.011909902095794678,0.02048298344016075,0.023779194802045822,0.0026352182030677795,0.024155743420124054
DUP_G,38,connector/test/parts_mismatch/008.png,1,abnormal_normal,32x32,12,1002,0.009613856696477253,0.0003628627862781287,0.00236709788441658,0.006798755377531052,0.013263269327580929,0.028661488927900786,0.0,0.08857841789722443
DUP_G,38,connector/test/parts_mismatch/008.png,1,defect,32x32,12,22,0.011161360212347725,0.0025202296674251556,0.005115557461977005,0.00799766555428505,0.012137871235609055,0.02872056365013122,0.0020000487565994263,0.04320807754993439
DUP_G,38,connector/test/parts_mismatch/008.png,1,clean_defect,32x32,12,10,0.008589493483304978,0.002413729205727577,0.005115557461977005,0.00799766555428505,0.009399240836501122,0.018742331862449634,0.0020000487565994263,0.02376122772693634
DUP_G,38,connector/test/parts_mismatch/008.png,1,boundary,32x32,12,12,0.013304582486550013,0.0025847144424915314,0.005453277379274368,0.009271185845136642,0.018105754628777504,0.03538350462913512,0.002513781189918518,0.04320807754993439
DUP_G,39,connector/test/parts_mismatch/009.png,1,abnormal_normal,32x32,10,1000,0.00802021272154525,0.00010207314044237138,0.0017415923066437244,0.005231540650129318,0.011290836613625288,0.02574634477496147,0.0,0.06805445998907089
DUP_G,39,connector/test/parts_mismatch/009.png,1,defect,32x32,10,24,0.01861914775023858,0.002408623695373535,0.005971511825919151,0.017929304391145706,0.02657102234661579,0.04073145613074302,0.0014883354306221008,0.05349850654602051
DUP_G,39,connector/test/parts_mismatch/009.png,1,clean_defect,32x32,10,14,0.016117118299007416,0.0020479347556829454,0.004177793860435486,0.017929304391145706,0.022853165864944458,0.03423860818147659,0.0014883354306221008,0.038655564188957214
DUP_G,39,connector/test/parts_mismatch/009.png,1,boundary,32x32,10,10,0.022121988981962205,0.003769240900874138,0.007751544937491417,0.018616821616888046,0.03277991712093353,0.04791818410158156,0.003640592098236084,0.05349850654602051
DUP_G,40,connector/test/parts_mismatch/010.png,1,abnormal_normal,32x32,13,994,0.007551593171953555,2.9178336262703196e-06,0.0015025250613689423,0.004630366340279579,0.010664976201951504,0.024722295068204395,0.0,0.06456553936004639
DUP_G,40,connector/test/parts_mismatch/010.png,1,defect,32x32,13,30,0.009404383103052775,0.0006761349737644197,0.004563262686133385,0.008116506040096283,0.011294577270746231,0.024013355374336232,0.0001550540328025818,0.030001401901245117
DUP_G,40,connector/test/parts_mismatch/010.png,1,clean_defect,32x32,13,17,0.008292541346129249,0.001049959659576416,0.0024926885962486267,0.006830647587776184,0.011265397071838379,0.021614155173301695,0.00019550323486328125,0.02213294804096222
DUP_G,40,connector/test/parts_mismatch/010.png,1,boundary,32x32,13,13,0.01085833001595277,0.002479013800621033,0.006233967840671539,0.008599460124969482,0.011304304003715515,0.027331683039665215,0.0001550540328025818,0.030001401901245117
DUP_G,41,connector/test/parts_mismatch/011.png,1,abnormal_normal,32x32,12,996,0.00795963611014292,4.939083009958267e-05,0.0014028502628207207,0.00485418364405632,0.011405170895159245,0.025086079724133015,0.0,0.06874749809503555
DUP_G,41,connector/test/parts_mismatch/011.png,1,defect,32x32,12,28,0.013040755476270403,0.0025217082351446153,0.006616039201617241,0.011604487895965576,0.019136883318424225,0.026396051421761504,0.0,0.041642628610134125
DUP_G,41,connector/test/parts_mismatch/011.png,1,clean_defect,32x32,12,16,0.011667545884847641,0.002077018842101097,0.006750859320163727,0.010737091302871704,0.019136883318424225,0.022214770317077637,0.0,0.022306546568870544
DUP_G,41,connector/test/parts_mismatch/011.png,1,boundary,32x32,12,12,0.01487170159816742,0.002775585651397705,0.005795000120997429,0.013132791966199875,0.018346473574638367,0.03446813374757766,0.0023883581161499023,0.041642628610134125
DUP_G,42,connector/test/parts_mismatch/012.png,1,abnormal_normal,32x32,10,993,0.007845981926765116,3.792531788349153e-05,0.0015153884887695312,0.004651129245758057,0.010859569534659386,0.02593451738357544,0.0,0.08450481295585632
DUP_G,42,connector/test/parts_mismatch/012.png,1,defect,32x32,10,31,0.011164939691943506,0.0019930601119995117,0.006321243941783905,0.008815228939056396,0.013023246079683304,0.026715774089097977,0.001124352216720581,0.04060406982898712
DUP_G,42,connector/test/parts_mismatch/012.png,1,clean_defect,32x32,10,21,0.0105815494344348,0.001776367425918579,0.004517704248428345,0.008215226233005524,0.01108543574810028,0.031022705137729645,0.001124352216720581,0.04060406982898712
DUP_G,42,connector/test/parts_mismatch/012.png,1,boundary,32x32,10,10,0.012390059232711793,0.0063068285584449765,0.008847514167428017,0.011271357536315918,0.016726097092032433,0.01968995556235313,0.006177090108394623,0.020632758736610413
DUP_G,43,connector/test/parts_mismatch/013.png,1,abnormal_normal,32x32,11,994,0.008561111905122966,3.949925303459174e-05,0.0016833562403917313,0.005231291055679321,0.01248503103852272,0.02842976264655588,0.0,0.06817470490932465
DUP_G,43,connector/test/parts_mismatch/013.png,1,defect,32x32,11,30,0.011699303984642029,0.003018465265631676,0.007031191140413284,0.010934129357337952,0.013674281537532806,0.02637926191091537,0.0,0.032089442014694214
DUP_G,43,connector/test/parts_mismatch/013.png,1,clean_defect,32x32,11,19,0.01192862658124221,0.0037214577198028567,0.005737751722335815,0.010166347026824951,0.014657199382781982,0.027760571241378772,0.0,0.032089442014694214
DUP_G,43,connector/test/parts_mismatch/013.png,1,boundary,32x32,11,11,0.01130320131778717,0.004498746246099472,0.009783580899238586,0.011598140001296997,0.013591043651103973,0.016643110662698746,0.0021049752831459045,0.019148148596286774
TRI_G,0,connector/test/good/000.png,0,normal_image,32x32,0,1024,0.00942614051587043,0.0,0.001415487378835678,0.005689998157322407,0.013831218471750617,0.03226190134882924,0.0,0.06059650331735611
TRI_G,1,connector/test/good/001.png,0,normal_image,32x32,0,1024,0.011071526751038618,1.862645149230957e-09,0.0022709222976118326,0.007270555943250656,0.015829893294721842,0.03658633418381214,0.0,0.09848764538764954
TRI_G,2,connector/test/good/002.png,0,normal_image,32x32,0,1024,0.008031410929788763,0.0,0.0007750373333692551,0.0046176130417734385,0.011173367965966463,0.02829634137451647,0.0,0.07550114393234253
TRI_G,3,connector/test/good/003.png,0,normal_image,32x32,0,1024,0.012145395860216013,0.0004672707989811898,0.004061084473505616,0.009011508896946907,0.016970772296190262,0.03370789233595128,0.0,0.07259947061538696
TRI_G,4,connector/test/good/004.png,0,normal_image,32x32,0,1024,0.012343769846211217,0.00048046372830867784,0.003907207399606705,0.008960438426584005,0.016843684017658234,0.03513982519507407,0.0,0.1043216735124588
TRI_G,5,connector/test/good/005.png,0,normal_image,32x32,0,1024,0.01129781773488503,0.00015345104038715364,0.0032025924883782864,0.008118384517729282,0.015676338225603104,0.032873752154409866,0.0,0.08800064027309418
TRI_G,6,connector/test/good/006.png,0,normal_image,32x32,0,1024,0.011393005862373684,2.460642717778702e-05,0.0038343537598848343,0.008388292044401169,0.015738273970782757,0.03160551637411115,0.0,0.08926597237586975
TRI_G,7,connector/test/good/007.png,0,normal_image,32x32,0,1024,0.012866498037965357,0.0006615809164941313,0.004946255125105381,0.010539005044847727,0.01798441493883729,0.033677564188838,0.0,0.07492758333683014
TRI_G,8,connector/test/good/008.png,0,normal_image,32x32,0,1024,0.01238451428253029,0.0008398660458624363,0.003998195054009557,0.009465050883591175,0.016703100875020027,0.03515118621289729,0.0,0.08428732305765152
TRI_G,9,connector/test/good/009.png,0,normal_image,32x32,0,1024,0.011117217043647543,5.43986447155476e-05,0.003111527767032385,0.007853560149669647,0.016365115996450186,0.03318791333585978,0.0,0.0689680427312851
TRI_G,10,connector/test/good/010.png,0,normal_image,32x32,0,1024,0.009626808109032936,0.0,0.0015195710584521294,0.0066780271008610725,0.014126744586974382,0.029023154731839886,0.0,0.08539795875549316
TRI_G,11,connector/test/good/011.png,0,normal_image,32x32,0,1024,0.00978600111511696,0.0,0.0008506700396537781,0.005974302068352699,0.014916789252310991,0.03368333801627159,0.0,0.07979981601238251
TRI_G,12,connector/test/good/012.png,0,normal_image,32x32,0,1024,0.011005977653439913,0.0,0.0020351330749690533,0.007616469636559486,0.016261188313364983,0.03393008075654503,0.0,0.10570903867483139
TRI_G,13,connector/test/good/013.png,0,normal_image,32x32,0,1024,0.010111790484870653,0.0,0.0023790248669683933,0.007098785601556301,0.01480427524074912,0.03211243525147435,0.0,0.0797794908285141
TRI_G,14,connector/test/good/014.png,0,normal_image,32x32,0,1024,0.011035390919232668,0.0,0.0024947943165898323,0.008333973120898008,0.016069864854216576,0.031789243593811974,0.0,0.095024473965168
TRI_G,15,connector/test/good/015.png,0,normal_image,32x32,0,1024,0.011083475515988539,1.862645149230957e-09,0.0028745909221470356,0.008231411688029766,0.01577957347035408,0.032854164391756036,0.0,0.08665959537029266
TRI_G,16,connector/test/good/016.png,0,normal_image,32x32,0,1024,0.010940410448256443,2.8277933597564766e-05,0.003419580403715372,0.008460522629320621,0.015367410611361265,0.030841584317386147,0.0,0.07265198975801468
TRI_G,17,connector/test/good/017.png,0,normal_image,32x32,0,1024,0.010542456137955014,2.142041921615611e-09,0.003063088282942772,0.008005719631910324,0.014974914025515318,0.03045535227283832,0.0,0.09135162830352783
TRI_G,18,connector/test/good/018.png,0,normal_image,32x32,0,1024,0.01140766144499139,1.0710209608078056e-09,0.0032382323406636715,0.008119864389300346,0.01601193007081747,0.033308344706892944,0.0,0.0945812240242958
TRI_G,19,connector/test/good/019.png,0,normal_image,32x32,0,1024,0.010376173457188997,3.725290298461914e-09,0.0026025129482150078,0.007813743315637112,0.014591851271688938,0.030320378392934787,0.0,0.06555814296007156
TRI_G,20,connector/test/good/020.png,0,normal_image,32x32,0,1024,0.00814293447115233,0.0,0.0002595852129161358,0.004544398747384548,0.012112009339034557,0.028002296201884748,0.0,0.0686517208814621
TRI_G,21,connector/test/good/021.png,0,normal_image,32x32,0,1024,0.008726220516791727,0.0,0.0003160749329254031,0.004419814795255661,0.012530645355582237,0.03304938599467276,0.0,0.15148399770259857
TRI_G,22,connector/test/good/022.png,0,normal_image,32x32,0,1024,0.008487942663350623,0.0,0.0008312619756907225,0.0048632025718688965,0.012169352732598782,0.028663147240877138,0.0,0.07677768170833588
TRI_G,23,connector/test/good/023.png,0,normal_image,32x32,0,1024,0.010452796846493584,0.0,0.0016585695557296276,0.007256884127855301,0.015082511119544506,0.03226859495043754,0.0,0.08706079423427582
TRI_G,24,connector/test/good/024.png,0,normal_image,32x32,0,1024,0.010638000025210204,4.656612873077393e-10,0.002648051828145981,0.007504694163799286,0.014937276020646095,0.03344926573336122,0.0,0.0885748565196991
TRI_G,25,connector/test/good/025.png,0,normal_image,32x32,0,1024,0.009940420769225966,9.313225746154785e-10,0.0022530467249453068,0.006788155995309353,0.014089000411331654,0.0313317235559225,0.0,0.09047170728445053
TRI_G,26,connector/test/good/026.png,0,normal_image,32x32,0,1024,0.01047518418022264,0.0,0.001495505915954709,0.006349812261760235,0.01516075013205409,0.034028018452227096,0.0,0.11472193896770477
TRI_G,27,connector/test/good/027.png,0,normal_image,32x32,0,1024,0.010077179106701806,0.0,0.0019750664941966534,0.0065439194440841675,0.014638874679803848,0.030637651309370958,0.0,0.10076217353343964
TRI_G,28,connector/test/good/028.png,0,normal_image,32x32,0,1024,0.011815935469257965,0.00015536546707153322,0.0035802358761429787,0.008668016642332077,0.016064266674220562,0.035429728217422955,0.0,0.06702552735805511
TRI_G,29,connector/test/good/029.png,0,normal_image,32x32,0,1024,0.011938769303242225,0.00041694063693284997,0.003955235239118338,0.00926822517067194,0.016579611226916313,0.03258467093110083,0.0,0.0969446450471878
TRI_G,30,connector/test/parts_mismatch/000.png,1,abnormal_normal,32x32,13,991,0.011682661629435123,0.000766516663134098,0.003986280411481857,0.008520863950252533,0.01566426269710064,0.0333426371216774,0.0,0.09140249341726303
TRI_G,30,connector/test/parts_mismatch/000.png,1,defect,32x32,13,33,0.02105218522024877,0.0034142136573791504,0.01127004623413086,0.016422420740127563,0.026132255792617798,0.05057905167341232,0.0011324509978294373,0.06952879577875137
TRI_G,30,connector/test/parts_mismatch/000.png,1,clean_defect,32x32,13,20,0.01934964247047901,0.009087517485022545,0.012634314596652985,0.016263071447610855,0.025913331657648087,0.03414789289236069,0.004324972629547119,0.03756271302700043
TRI_G,30,connector/test/parts_mismatch/000.png,1,boundary,32x32,13,13,0.023671481758356094,0.0016818255186080934,0.01119554415345192,0.016422420740127563,0.031924232840538025,0.05910471230745313,0.0011324509978294373,0.06952879577875137
TRI_G,31,connector/test/parts_mismatch/001.png,1,abnormal_normal,32x32,8,997,0.011794291714807914,0.0008590273559093475,0.0039506759494543076,0.00890737771987915,0.01618363708257675,0.032992684096097916,0.0,0.0732896700501442
TRI_G,31,connector/test/parts_mismatch/001.png,1,defect,32x32,8,27,0.015706756048732333,0.0031851060688495637,0.009329799562692642,0.016402468085289,0.021166309714317322,0.02801777981221676,0.0013274699449539185,0.030006248503923416
TRI_G,31,connector/test/parts_mismatch/001.png,1,clean_defect,32x32,8,19,0.014502342790365219,0.0044088587164878845,0.009329799562692642,0.013759106397628784,0.019149787724018097,0.027691652998328202,0.0013274699449539185,0.030006248503923416
TRI_G,31,connector/test/parts_mismatch/001.png,1,boundary,32x32,8,8,0.01856723753735423,0.004494643583893777,0.015155719593167305,0.019000299274921417,0.026773637160658836,0.028009534813463688,0.0025139078497886658,0.028067249804735184
TRI_G,32,connector/test/parts_mismatch/002.png,1,abnormal_normal,32x32,11,993,0.01283189771773832,0.0011323537677526475,0.005008639767765999,0.009639503434300423,0.017270805314183235,0.03486083447933197,0.0,0.1468154937028885
TRI_G,32,connector/test/parts_mismatch/002.png,1,defect,32x32,11,31,0.01983636737831177,0.0036164652556180954,0.009863290935754776,0.014152467250823975,0.02714543417096138,0.04260871559381485,0.0009756535291671753,0.08944743126630783
TRI_G,32,connector/test/parts_mismatch/002.png,1,clean_defect,32x32,11,20,0.018451485969126224,0.004343215748667717,0.009357722476124763,0.013475155457854271,0.027323896065354347,0.04205397441983223,0.003338634967803955,0.04322509467601776
TRI_G,32,connector/test/parts_mismatch/002.png,1,boundary,32x32,11,11,0.02235433357683095,0.0024349745362997055,0.011035984382033348,0.014543212950229645,0.026294566690921783,0.05962096527218819,0.0009756535291671753,0.08944743126630783
TRI_G,33,connector/test/parts_mismatch/003.png,1,abnormal_normal,32x32,14,993,0.012652634009943988,0.000992533192038536,0.004601120948791504,0.0093841552734375,0.01757325977087021,0.03571225851774215,0.0,0.09256239235401154
TRI_G,33,connector/test/parts_mismatch/003.png,1,defect,32x32,14,31,0.014734013667029719,0.0010444968938827515,0.006601829081773758,0.012289553880691528,0.019391730427742004,0.031715843826532364,7.675588130950928e-05,0.05792246386408806
TRI_G,33,connector/test/parts_mismatch/003.png,1,clean_defect,32x32,14,17,0.011733501273043016,0.001311895251274109,0.006446518003940582,0.008284896612167358,0.016722559928894043,0.03076491206884384,7.675588130950928e-05,0.032085172832012177
TRI_G,33,connector/test/parts_mismatch/003.png,1,boundary,32x32,14,14,0.018377493002585003,0.002629389613866806,0.010256631299853325,0.015497121959924698,0.02322696801275015,0.04064809698611497,0.00046831369400024414,0.05792246386408806
TRI_G,34,connector/test/parts_mismatch/004.png,1,abnormal_normal,32x32,9,996,0.012275621332377794,0.001086713746190071,0.004851292818784714,0.00960473157465458,0.016551019623875618,0.03147576563060284,0.0,0.06313414126634598
TRI_G,34,connector/test/parts_mismatch/004.png,1,defect,32x32,9,28,0.019133218431047032,0.004776066727936268,0.01010371558368206,0.01726379618048668,0.029278866946697235,0.03657670468091965,0.0,0.03751586005091667
TRI_G,34,connector/test/parts_mismatch/004.png,1,clean_defect,32x32,9,19,0.020471496017355668,0.0073005974292755125,0.010442912578582764,0.019597291946411133,0.029668740928173065,0.035863077640533446,0.0,0.03703083097934723
TRI_G,34,connector/test/parts_mismatch/004.png,1,boundary,32x32,9,9,0.016307965748839907,0.004870912432670594,0.007848985493183136,0.015390954911708832,0.018160462379455566,0.03363492265343666,0.00411214679479599,0.03751586005091667
TRI_G,35,connector/test/parts_mismatch/005.png,1,abnormal_normal,32x32,8,999,0.012942656390816421,0.0010315040126442911,0.0047751376405358315,0.010198256000876427,0.017208300530910492,0.036535054445266724,0.0,0.07581321150064468
TRI_G,35,connector/test/parts_mismatch/005.png,1,defect,32x32,8,25,0.019045635014772414,0.00374046266078949,0.011333510279655457,0.0157785564661026,0.026800520718097687,0.04057373255491256,0.001657724380493164,0.042603716254234314
TRI_G,35,connector/test/parts_mismatch/005.png,1,clean_defect,32x32,8,17,0.019044351051835454,0.008176887035369873,0.012986503541469574,0.0157785564661026,0.023623451590538025,0.0411940187215805,0.0035785436630249023,0.042603716254234314
TRI_G,35,connector/test/parts_mismatch/005.png,1,boundary,32x32,8,8,0.01904836343601346,0.0026133693754673004,0.007440296933054924,0.016274763271212578,0.031381478533148766,0.038271014019846915,0.001657724380493164,0.03950228542089462
TRI_G,36,connector/test/parts_mismatch/006.png,1,abnormal_normal,32x32,12,996,0.012766872156536707,0.0011406093835830688,0.004949263297021389,0.009937822818756104,0.017884154804050922,0.03348325751721859,0.0,0.10616855323314667
TRI_G,36,connector/test/parts_mismatch/006.png,1,defect,32x32,12,28,0.019546113642198697,0.0022080436348915103,0.009807208552956581,0.015133382752537727,0.028374729678034782,0.04138102307915687,0.0,0.054375551640987396
TRI_G,36,connector/test/parts_mismatch/006.png,1,clean_defect,32x32,12,16,0.018419175874441862,0.0011468343436717987,0.008555937558412552,0.01483069360256195,0.030401557683944702,0.040399376302957535,0.0,0.0422399640083313
TRI_G,36,connector/test/parts_mismatch/006.png,1,boundary,32x32,12,12,0.02104869733254115,0.004214644804596901,0.011816270649433136,0.018519027158617973,0.026082211174070835,0.04553698562085627,0.004045851528644562,0.054375551640987396
TRI_G,37,connector/test/parts_mismatch/007.png,1,abnormal_normal,32x32,11,1000,0.012137601031456143,0.0009871826507151127,0.0046454062685370445,0.008920283056795597,0.016398631036281586,0.034020899794995764,0.0,0.11734932661056519
TRI_G,37,connector/test/parts_mismatch/007.png,1,defect,32x32,11,24,0.020825581314663093,0.0032314956188201904,0.010805478319525719,0.018175818026065826,0.02925906516611576,0.04632926285266875,0.0,0.053802452981472015
TRI_G,37,connector/test/parts_mismatch/007.png,1,clean_defect,32x32,11,13,0.01881938771559642,0.0018614351749420169,0.010080717504024506,0.017305657267570496,0.02358296513557434,0.04726784974336622,0.0,0.053802452981472015
TRI_G,37,connector/test/parts_mismatch/007.png,1,boundary,32x32,11,11,0.023196537386287342,0.005126740783452988,0.012167349457740784,0.018728971481323242,0.03358431160449982,0.043947793543338776,0.004254862666130066,0.0469324067234993
TRI_G,38,connector/test/parts_mismatch/008.png,1,abnormal_normal,32x32,12,1002,0.014393468727608641,0.0017455101013183593,0.006273138336837292,0.011653104797005653,0.019755687564611435,0.035824221931397886,0.0,0.10047320276498795
TRI_G,38,connector/test/parts_mismatch/008.png,1,defect,32x32,12,22,0.015196323056112637,0.00265658013522625,0.0048097046092152596,0.010706081986427307,0.023022320121526718,0.034551513940095896,0.002513788640499115,0.04266056418418884
TRI_G,38,connector/test/parts_mismatch/008.png,1,clean_defect,32x32,12,10,0.013630884140729905,0.003204816207289696,0.006329992786049843,0.010624516755342484,0.02041858434677124,0.02787596806883811,0.002919338643550873,0.03132784366607666
TRI_G,38,connector/test/parts_mismatch/008.png,1,boundary,32x32,12,12,0.016500855485598247,0.0025847177952528,0.004362696781754494,0.012646254152059555,0.027709459885954857,0.03829390332102775,0.002513788640499115,0.04266056418418884
TRI_G,39,connector/test/parts_mismatch/009.png,1,abnormal_normal,32x32,10,1000,0.01193223279574886,0.0008893580175936222,0.004409889690577984,0.009191147051751614,0.016322200186550617,0.032040868327021584,0.0,0.12112308293581009
TRI_G,39,connector/test/parts_mismatch/009.png,1,defect,32x32,10,24,0.023803860569993656,0.0025438014417886734,0.012861689552664757,0.02244483307003975,0.031771063804626465,0.0579216759651899,0.0018026605248451233,0.06266814470291138
TRI_G,39,connector/test/parts_mismatch/009.png,1,clean_defect,32x32,10,14,0.02065771392413548,0.002157948538661003,0.015269927680492401,0.02244483307003975,0.0277996938675642,0.03603977337479591,0.0018026605248451233,0.043703287839889526
TRI_G,39,connector/test/parts_mismatch/009.png,1,boundary,32x32,10,10,0.0282084658741951,0.005556202679872513,0.009694167412817478,0.02083505503833294,0.04293273761868477,0.061616866290569304,0.004658661782741547,0.06266814470291138
TRI_G,40,connector/test/parts_mismatch/010.png,1,abnormal_normal,32x32,13,994,0.011618270410854422,0.0005243873223662376,0.004029081203043461,0.00843722838908434,0.017167619429528713,0.030851926468312724,0.0,0.11316660791635513
TRI_G,40,connector/test/parts_mismatch/010.png,1,defect,32x32,13,30,0.01564266470571359,0.0013341695070266725,0.007718978449702263,0.015044383704662323,0.022624483332037926,0.032363484799861904,7.753074169158936e-05,0.0363706536591053
TRI_G,40,connector/test/parts_mismatch/010.png,1,clean_defect,32x32,13,17,0.015413376776611103,0.0013890773057937621,0.0069397687911987305,0.01823514699935913,0.022779881954193115,0.026820707321166988,0.0012635737657546997,0.03166919946670532
TRI_G,40,connector/test/parts_mismatch/010.png,1,boundary,32x32,13,13,0.01594250276684761,0.003919048607349396,0.012285158038139343,0.01434272900223732,0.018792182207107544,0.034307183325290674,7.753074169158936e-05,0.0363706536591053
TRI_G,41,connector/test/parts_mismatch/011.png,1,abnormal_normal,32x32,12,996,0.011726581472828686,0.0005742516368627548,0.0041555967181921005,0.00894563551992178,0.015371249988675117,0.03273576032370329,0.0,0.08556898683309555
TRI_G,41,connector/test/parts_mismatch/011.png,1,defect,32x32,12,28,0.01584918996585267,0.0036272484809160236,0.009020911529660225,0.01407216489315033,0.021769452840089798,0.031128765828907487,1.4901161193847656e-08,0.03649108111858368
TRI_G,41,connector/test/parts_mismatch/011.png,1,clean_defect,32x32,12,16,0.015532983001321554,0.0020770225673913956,0.00861452892422676,0.01457221806049347,0.021769452840089798,0.030637875199317932,1.4901161193847656e-08,0.03649108111858368
TRI_G,41,connector/test/parts_mismatch/011.png,1,boundary,32x32,12,12,0.016270799251894157,0.007028426602482795,0.010650862008333206,0.013808075338602066,0.020511673763394356,0.03059577140957117,0.006690524518489838,0.03206150606274605
TRI_G,42,connector/test/parts_mismatch/012.png,1,abnormal_normal,32x32,10,993,0.011605812619793841,0.00046455860137939453,0.0040308646857738495,0.008227787911891937,0.015635017305612564,0.03359242975711821,0.0,0.0742894858121872
TRI_G,42,connector/test/parts_mismatch/012.png,1,defect,32x32,10,31,0.017898133084658655,0.006249517202377319,0.010777771472930908,0.018384546041488647,0.022670477628707886,0.03213896229863167,0.003806382417678833,0.038103386759757996
TRI_G,42,connector/test/parts_mismatch/012.png,1,clean_defect,32x32,10,21,0.017102769975151335,0.005801141262054443,0.010638467967510223,0.016853198409080505,0.022338390350341797,0.028097491711378098,0.003806382417678833,0.038103386759757996
TRI_G,42,connector/test/parts_mismatch/012.png,1,boundary,32x32,10,10,0.019568395614624024,0.010468562319874763,0.012951938435435295,0.019620832055807114,0.022882509976625443,0.032440448179841035,0.010449863970279694,0.0351538211107254
TRI_G,43,connector/test/parts_mismatch/013.png,1,abnormal_normal,32x32,11,994,0.013711532425150365,0.0010434631258249283,0.005331095308065414,0.010726025328040123,0.018631083890795708,0.03643568865954874,0.0,0.08995387703180313
TRI_G,43,connector/test/parts_mismatch/013.png,1,defect,32x32,11,30,0.018662079672018685,0.007387904822826387,0.013228915631771088,0.017928525805473328,0.02117062173783779,0.03345691561698913,0.003107234835624695,0.03696950525045395
TRI_G,43,connector/test/parts_mismatch/013.png,1,clean_defect,32x32,11,19,0.019630743484748036,0.011126703023910523,0.014142811298370361,0.018939420580863953,0.022139884531497955,0.03298972845077514,0.004483729600906372,0.033924102783203125
TRI_G,43,connector/test/parts_mismatch/013.png,1,boundary,32x32,11,11,0.016988933086395264,0.007022343575954437,0.013137347996234894,0.017417490482330322,0.019642744213342667,0.02912047877907753,0.003107234835624695,0.03696950525045395
BAL_G,0,connector/test/good/000.png,0,normal_image,32x32,0,1024,0.009819474522373639,0.0,0.001586325466632843,0.006462588906288147,0.01455690711736679,0.0322577506303787,0.0,0.07144656777381897
BAL_G,1,connector/test/good/001.png,0,normal_image,32x32,0,1024,0.011472468439023942,0.0,0.0024133361876010895,0.007505171000957489,0.016158703714609146,0.03815508186817162,0.0,0.07783585786819458
BAL_G,2,connector/test/good/002.png,0,normal_image,32x32,0,1024,0.008376871526706964,0.0,0.0008087754249572754,0.004918456077575684,0.011991426348686218,0.029331792145967442,0.0,0.0739194005727768
BAL_G,3,connector/test/good/003.png,0,normal_image,32x32,0,1024,0.012151785849709995,0.0005971387028694154,0.0042642951011657715,0.009294860064983368,0.01690494641661644,0.03190307766199112,0.0,0.07257133722305298
BAL_G,4,connector/test/good/004.png,0,normal_image,32x32,0,1024,0.012461581311072223,0.0006243184208869935,0.004012066870927811,0.00896994024515152,0.01754070818424225,0.035061588883399955,0.0,0.07881362736225128
BAL_G,5,connector/test/good/005.png,0,normal_image,32x32,0,1024,0.0115497512742877,0.0002301737666130066,0.003557071089744568,0.008560322225093842,0.016086220741271973,0.03333295434713362,0.0,0.06722819805145264
BAL_G,6,connector/test/good/006.png,0,normal_image,32x32,0,1024,0.011583411382162012,3.6908686161041546e-05,0.004091858863830566,0.008554182946681976,0.015882577747106552,0.0315426558256149,0.0,0.09321628510951996
BAL_G,7,connector/test/good/007.png,0,normal_image,32x32,0,1024,0.013153461884940043,0.0008285805583000184,0.004834651947021484,0.010730810463428497,0.01833849772810936,0.03357935026288032,0.0,0.07904919981956482
BAL_G,8,connector/test/good/008.png,0,normal_image,32x32,0,1024,0.01256115899013821,0.0010070115327835082,0.004393961280584335,0.009739808738231659,0.017351191490888596,0.03552037924528121,0.0,0.07173788547515869
BAL_G,9,connector/test/good/009.png,0,normal_image,32x32,0,1024,0.01139369657903444,7.444247603416447e-05,0.0032545775175094604,0.008401364088058472,0.016526538878679276,0.03259904086589813,0.0,0.08096899092197418
BAL_G,10,connector/test/good/010.png,0,normal_image,32x32,0,1024,0.009945617115590721,0.0,0.0018685311079025269,0.007155165076255798,0.014975111931562424,0.03042294979095458,0.0,0.07955396175384521
BAL_G,11,connector/test/good/011.png,0,normal_image,32x32,0,1024,0.010316984640667215,0.0,0.0009253919124603271,0.0063909441232681274,0.015510525554418564,0.03539714589714994,0.0,0.07417762279510498
BAL_G,12,connector/test/good/012.png,0,normal_image,32x32,0,1024,0.011251179705141112,0.0,0.002290956676006317,0.007725097239017487,0.016167890280485153,0.03449547812342643,0.0,0.1022270917892456
BAL_G,13,connector/test/good/013.png,0,normal_image,32x32,0,1024,0.010557830464676954,0.0,0.002554144710302353,0.00751214474439621,0.015261530876159668,0.032586797326803175,0.0,0.07557037472724915
BAL_G,14,connector/test/good/014.png,0,normal_image,32x32,0,1024,0.011403412572690286,0.0,0.002911284565925598,0.009145066142082214,0.01696859300136566,0.030835589766502372,0.0,0.1178436279296875
BAL_G,15,connector/test/good/015.png,0,normal_image,32x32,0,1024,0.011257530917646363,0.0,0.0031242333352565765,0.00845412164926529,0.016102079302072525,0.03208429589867592,0.0,0.08598868548870087
BAL_G,16,connector/test/good/016.png,0,normal_image,32x32,0,1024,0.01117120630806312,4.0577352046966585e-05,0.0034972727298736572,0.00874955952167511,0.015879347920417786,0.030882339924573884,0.0,0.07146832346916199
BAL_G,17,connector/test/good/017.png,0,normal_image,32x32,0,1024,0.010781092860270292,0.0,0.003329947590827942,0.008035413920879364,0.015209242701530457,0.031048866361379608,0.0,0.12042255699634552
BAL_G,18,connector/test/good/018.png,0,normal_image,32x32,0,1024,0.011624349528574385,0.0,0.0034936144948005676,0.008323810994625092,0.016274288296699524,0.034114152938127515,0.0,0.09247349202632904
BAL_G,19,connector/test/good/019.png,0,normal_image,32x32,0,1024,0.010485969847650267,0.0,0.0027823448181152344,0.007944561541080475,0.015057619661092758,0.029544415324926375,0.0,0.0701446682214737
BAL_G,20,connector/test/good/020.png,0,normal_image,32x32,0,1024,0.00850928112049587,0.0,0.0003626719117164612,0.005174607038497925,0.012953042984008789,0.028314422816038125,0.0,0.055912166833877563
BAL_G,21,connector/test/good/021.png,0,normal_image,32x32,0,1024,0.009037984811584465,0.0,0.00036817044019699097,0.004943579435348511,0.013942934572696686,0.03188165947794914,0.0,0.12196333706378937
BAL_G,22,connector/test/good/022.png,0,normal_image,32x32,0,1024,0.00886104920937214,0.0,0.0010199397802352905,0.005368441343307495,0.012828890234231949,0.029882759600877752,0.0,0.07732552289962769
BAL_G,23,connector/test/good/023.png,0,normal_image,32x32,0,1024,0.01076821111200843,0.0,0.002045176923274994,0.0076500773429870605,0.0156024768948555,0.03297077715396881,0.0,0.10168720781803131
BAL_G,24,connector/test/good/024.png,0,normal_image,32x32,0,1024,0.010900646113441326,0.0,0.0028023794293403625,0.0074972957372665405,0.015220951288938522,0.033430725336074725,0.0,0.08344390988349915
BAL_G,25,connector/test/good/025.png,0,normal_image,32x32,0,1024,0.009961017669411376,0.0,0.0025389492511749268,0.007064163684844971,0.014395937323570251,0.029436656832694995,0.0,0.08844174444675446
BAL_G,26,connector/test/good/026.png,0,normal_image,32x32,0,1024,0.010896577281528153,0.0,0.0017362385988235474,0.006872892379760742,0.016076061874628067,0.03482207804918289,0.0,0.09890420734882355
BAL_G,27,connector/test/good/027.png,0,normal_image,32x32,0,1024,0.010285520344041288,0.0,0.002215772867202759,0.007027104496955872,0.014685779809951782,0.030057890713214873,0.0,0.09286697208881378
BAL_G,28,connector/test/good/028.png,0,normal_image,32x32,0,1024,0.011933036556001753,0.00020166337490081803,0.00388137623667717,0.009305857121944427,0.016910359263420105,0.03340960592031478,0.0,0.07021273672580719
BAL_G,29,connector/test/good/029.png,0,normal_image,32x32,0,1024,0.012012850856990553,0.0005667731165885925,0.004242919385433197,0.00931113213300705,0.01702830195426941,0.033188541233539565,0.0,0.08064430952072144
BAL_G,30,connector/test/parts_mismatch/000.png,1,abnormal_normal,32x32,13,991,0.011732312146758456,0.0008977353572845459,0.0041375234723091125,0.008621349930763245,0.016013413667678833,0.033440425992012024,0.0,0.0871509462594986
BAL_G,30,connector/test/parts_mismatch/000.png,1,defect,32x32,13,33,0.022081926013484146,0.0037485212087631226,0.012829706072807312,0.017687052488327026,0.028880655765533447,0.050836786627769436,0.0016986727714538574,0.06796768307685852
BAL_G,30,connector/test/parts_mismatch/000.png,1,clean_defect,32x32,13,20,0.020698848366737365,0.011384725570678711,0.013921219855546951,0.018369078636169434,0.028264518827199936,0.03819246143102646,0.004823938012123108,0.039016544818878174
BAL_G,30,connector/test/parts_mismatch/000.png,1,boundary,32x32,13,13,0.02420973777770996,0.0019607067108154295,0.012179315090179443,0.01714777946472168,0.029798656702041626,0.06622468531131744,0.0016986727714538574,0.06796768307685852
BAL_G,31,connector/test/parts_mismatch/001.png,1,abnormal_normal,32x32,8,997,0.01168558011980449,0.0010692119598388673,0.004246696829795837,0.008923947811126709,0.016131103038787842,0.03193986117839813,0.0,0.08596709370613098
BAL_G,31,connector/test/parts_mismatch/001.png,1,defect,32x32,8,27,0.01634986698627472,0.0037234365940093995,0.009189113974571228,0.01668219268321991,0.02128501981496811,0.02992422729730606,0.0009956061840057373,0.035111114382743835
BAL_G,31,connector/test/parts_mismatch/001.png,1,clean_defect,32x32,8,19,0.014861987609612314,0.003994034230709076,0.008569583296775818,0.014286041259765625,0.01961217075586319,0.02541990429162977,0.0009956061840057373,0.035111114382743835
BAL_G,31,connector/test/parts_mismatch/001.png,1,boundary,32x32,8,8,0.01988358050584793,0.0060916893184185025,0.018453452736139297,0.02128501981496811,0.023925725370645523,0.02972653582692146,0.0034646838903427124,0.031110376119613647
BAL_G,32,connector/test/parts_mismatch/002.png,1,abnormal_normal,32x32,11,993,0.012747279511837802,0.0011490553617477417,0.00481337308883667,0.009565532207489014,0.01726798713207245,0.034948828816413875,0.0,0.12519408762454987
BAL_G,32,connector/test/parts_mismatch/002.png,1,defect,32x32,11,31,0.02135283475922,0.005412653088569641,0.012679152190685272,0.017969906330108643,0.02793446183204651,0.04645608365535736,0.001463472843170166,0.07317176461219788
BAL_G,32,connector/test/parts_mismatch/002.png,1,clean_defect,32x32,11,20,0.021443114429712296,0.005839977413415909,0.013092927634716034,0.018782228231430054,0.028799690306186676,0.046408943831920624,0.005007952451705933,0.046508461236953735
BAL_G,32,connector/test/parts_mismatch/002.png,1,boundary,32x32,11,11,0.021188689903779465,0.003640413284301758,0.012679152190685272,0.014413446187973022,0.023092694580554962,0.05438624322414398,0.001463472843170166,0.07317176461219788
BAL_G,33,connector/test/parts_mismatch/003.png,1,abnormal_normal,32x32,14,993,0.012817074254920475,0.0011435240507125855,0.0047106146812438965,0.00942470133304596,0.017647579312324524,0.034143599867820736,0.0,0.11816185712814331
BAL_G,33,connector/test/parts_mismatch/003.png,1,defect,32x32,14,31,0.016913717792880152,0.0015667378902435303,0.008308961987495422,0.013014286756515503,0.022110715508461,0.041374571621418,5.7563185691833496e-05,0.056603848934173584
BAL_G,33,connector/test/parts_mismatch/003.png,1,clean_defect,32x32,14,17,0.012971842990202062,0.0019563168287277223,0.008273690938949585,0.010231882333755493,0.019362524151802063,0.027050995826721186,5.7563185691833496e-05,0.0349196195602417
BAL_G,33,connector/test/parts_mismatch/003.png,1,boundary,32x32,14,14,0.021700280053274974,0.003944079577922821,0.010972853749990463,0.020529143512248993,0.02619665116071701,0.047803410887718195,0.0007024705410003662,0.056603848934173584
BAL_G,34,connector/test/parts_mismatch/004.png,1,abnormal_normal,32x32,9,996,0.012349424591983658,0.001177072525024414,0.004924103617668152,0.009421668946743011,0.016955167055130005,0.03207540884613991,0.0,0.05996091663837433
BAL_G,34,connector/test/parts_mismatch/004.png,1,defect,32x32,9,28,0.019754676414387568,0.004219173640012741,0.012942273169755936,0.017716392874717712,0.027533426880836487,0.037381025403738014,0.0,0.04424247145652771
BAL_G,34,connector/test/parts_mismatch/004.png,1,clean_defect,32x32,9,19,0.021758134427823518,0.008016720414161682,0.013201989233493805,0.022630631923675537,0.028043843805789948,0.03975832760334014,0.0,0.04424247145652771
BAL_G,34,connector/test/parts_mismatch/004.png,1,boundary,32x32,9,9,0.015525153941578336,0.004381325840950012,0.009013593196868896,0.01333075761795044,0.021806612610816956,0.028927379846572874,0.0030841082334518433,0.03252911567687988
BAL_G,35,connector/test/parts_mismatch/005.png,1,abnormal_normal,32x32,8,999,0.01294338607692623,0.0011267587542533875,0.004837118089199066,0.010277196764945984,0.0175185427069664,0.035493336617946625,0.0,0.08270739018917084
BAL_G,35,connector/test/parts_mismatch/005.png,1,defect,32x32,8,25,0.019982190728187563,0.0034635663032531747,0.012365952134132385,0.015487492084503174,0.0321786105632782,0.0392146497964859,0.0012676119804382324,0.03950542211532593
BAL_G,35,connector/test/parts_mismatch/005.png,1,clean_defect,32x32,8,17,0.019713537657962125,0.008410006761550903,0.013273313641548157,0.015487492084503174,0.02341476082801819,0.0367250382900238,0.0026839077472686768,0.03925374150276184
BAL_G,35,connector/test/parts_mismatch/005.png,1,boundary,32x32,8,8,0.02055307850241661,0.003127717971801758,0.009171940386295319,0.01789865642786026,0.033898528665304184,0.0393489234149456,0.0012676119804382324,0.03950542211532593
BAL_G,36,connector/test/parts_mismatch/006.png,1,abnormal_normal,32x32,12,996,0.012679224586989507,0.001316014677286148,0.004991546273231506,0.009886965155601501,0.017595257610082626,0.03373460844159126,0.0,0.0813995748758316
BAL_G,36,connector/test/parts_mismatch/006.png,1,defect,32x32,12,28,0.019491535212312425,0.0019527807831764225,0.00937383621931076,0.016281351447105408,0.029717903584241867,0.04255880713462829,0.0,0.045729562640190125
BAL_G,36,connector/test/parts_mismatch/006.png,1,clean_defect,32x32,12,16,0.018068650737404823,0.0008601173758506775,0.009174622595310211,0.01614469289779663,0.026410114020109177,0.041139744222164154,0.0,0.045729562640190125
BAL_G,36,connector/test/parts_mismatch/006.png,1,boundary,32x32,12,12,0.021388714512189228,0.005204062163829804,0.012313749641180038,0.019719652831554413,0.030543498694896698,0.03901099190115928,0.004147201776504517,0.04414673149585724
BAL_G,37,connector/test/parts_mismatch/007.png,1,abnormal_normal,32x32,11,1000,0.012140094488859176,0.0013402163982391359,0.004560157656669617,0.009353868663311005,0.016118448227643967,0.03282073289155958,0.0,0.11527366936206818
BAL_G,37,connector/test/parts_mismatch/007.png,1,defect,32x32,11,24,0.021849227448304493,0.003703629970550537,0.013452474027872086,0.01925037056207657,0.03245158866047859,0.046564210951328275,0.0,0.046699002385139465
BAL_G,37,connector/test/parts_mismatch/007.png,1,clean_defect,32x32,11,13,0.020105186563271742,0.0021535992622375493,0.014140099287033081,0.018673285841941833,0.023675233125686646,0.04667380750179291,0.0,0.046699002385139465
BAL_G,37,connector/test/parts_mismatch/007.png,1,boundary,32x32,11,11,0.023910366676070473,0.006579980254173279,0.014026977121829987,0.019827455282211304,0.03521197289228439,0.041153743863105774,0.006382286548614502,0.046038344502449036
BAL_G,38,connector/test/parts_mismatch/008.png,1,abnormal_normal,32x32,12,1002,0.014453859966315196,0.001962219178676605,0.0064773112535476685,0.011542096734046936,0.01946532353758812,0.03482811376452446,0.0,0.12161529064178467
BAL_G,38,connector/test/parts_mismatch/008.png,1,defect,32x32,12,22,0.016475821083242245,0.00382678359746933,0.005243297666311264,0.01182776689529419,0.023278824985027313,0.0384888581931591,0.003770679235458374,0.04312926530838013
BAL_G,38,connector/test/parts_mismatch/008.png,1,clean_defect,32x32,12,10,0.014617402851581574,0.004261486977338791,0.008406776934862137,0.01182776689529419,0.022565588355064392,0.026324083656072614,0.004165336489677429,0.026751205325126648
BAL_G,38,connector/test/parts_mismatch/008.png,1,boundary,32x32,12,12,0.01802450294295947,0.003797560930252075,0.004216331988573074,0.014144927263259888,0.026319094002246857,0.04063422605395317,0.003770679235458374,0.04312926530838013
BAL_G,39,connector/test/parts_mismatch/009.png,1,abnormal_normal,32x32,10,1000,0.012068905338644981,0.0010808371007442474,0.004444394260644913,0.009301044046878815,0.01654760167002678,0.03172496855258942,0.0,0.10209915041923523
BAL_G,39,connector/test/parts_mismatch/009.png,1,defect,32x32,10,24,0.02455319898823897,0.002853044867515564,0.011526692658662796,0.019679464399814606,0.03040202707052231,0.05971287786960601,0.0026740431785583496,0.07375787198543549
BAL_G,39,connector/test/parts_mismatch/009.png,1,clean_defect,32x32,10,14,0.02075518454824175,0.0027134448289871218,0.013056181371212006,0.019679464399814606,0.028308212757110596,0.03962123617529868,0.0026740431785583496,0.05651618540287018
BAL_G,39,connector/test/parts_mismatch/009.png,1,boundary,32x32,10,10,0.029870419204235076,0.007461423426866532,0.010947678238153458,0.021283432841300964,0.043185945600271225,0.0676914796233177,0.006438851356506348,0.07375787198543549
BAL_G,40,connector/test/parts_mismatch/010.png,1,abnormal_normal,32x32,13,994,0.01170775481692742,0.0005548998713493347,0.004075862467288971,0.008955180644989014,0.01682465150952339,0.031207761913537958,0.0,0.08805578947067261
BAL_G,40,connector/test/parts_mismatch/010.png,1,defect,32x32,13,30,0.01660311222076416,0.0020012617111206054,0.00959768146276474,0.018297359347343445,0.023460514843463898,0.02974850609898567,5.8144330978393555e-05,0.03433483839035034
BAL_G,40,connector/test/parts_mismatch/010.png,1,clean_defect,32x32,13,17,0.01633673205095179,0.0020836234092712403,0.009347185492515564,0.018386125564575195,0.0238054096698761,0.028342634439468384,0.0018953680992126465,0.029784172773361206
BAL_G,40,connector/test/parts_mismatch/010.png,1,boundary,32x32,13,13,0.016951455519749567,0.0029392838478088383,0.012615084648132324,0.017082542181015015,0.022545993328094482,0.03155688345432281,5.8144330978393555e-05,0.03433483839035034
BAL_G,41,connector/test/parts_mismatch/011.png,1,abnormal_normal,32x32,12,996,0.011740315810264832,0.0006696842610836029,0.004004023969173431,0.008719764649868011,0.0162348710000515,0.03224719688296318,0.0,0.06953166425228119
BAL_G,41,connector/test/parts_mismatch/011.png,1,defect,32x32,12,28,0.01687671403799738,0.0050077885389328,0.010398250073194504,0.017744623124599457,0.02004912868142128,0.03087633028626442,0.0,0.03270973265171051
BAL_G,41,connector/test/parts_mismatch/011.png,1,clean_defect,32x32,12,16,0.017108671367168427,0.003115519881248474,0.010398250073194504,0.018579408526420593,0.019832540303468704,0.030956551432609558,0.0,0.03270973265171051
BAL_G,41,connector/test/parts_mismatch/011.png,1,boundary,32x32,12,12,0.016567437599102657,0.00840393602848053,0.010869715362787247,0.014713063836097717,0.02120199054479599,0.028223554790019985,0.00780998170375824,0.031147807836532593
BAL_G,42,connector/test/parts_mismatch/012.png,1,abnormal_normal,32x32,10,993,0.011884963194289116,0.0005617380142211914,0.004210680723190308,0.008656308054924011,0.0166461318731308,0.033032774925231934,0.0,0.08167457580566406
BAL_G,42,connector/test/parts_mismatch/012.png,1,defect,32x32,10,31,0.018119051571815245,0.005714118480682373,0.012466445565223694,0.017009541392326355,0.02174004167318344,0.03130774945020676,0.0035649389028549194,0.03797398507595062
BAL_G,42,connector/test/parts_mismatch/012.png,1,clean_defect,32x32,10,21,0.01721919718242827,0.005420073866844177,0.011916369199752808,0.01645471155643463,0.020640209317207336,0.03147606551647186,0.0035649389028549194,0.03797398507595062
BAL_G,42,connector/test/parts_mismatch/012.png,1,boundary,32x32,10,10,0.020008745789527892,0.010008073598146438,0.013719938695430756,0.02053145319223404,0.02640022337436676,0.030257911980152128,0.009615391492843628,0.03113943338394165
BAL_G,43,connector/test/parts_mismatch/013.png,1,abnormal_normal,32x32,11,994,0.013702335566941882,0.0011583127081394202,0.0054579488933086395,0.011124685406684875,0.01837380975484848,0.03859547674655913,0.0,0.07175256311893463
BAL_G,43,connector/test/parts_mismatch/013.png,1,defect,32x32,11,30,0.021744385858376823,0.007703439146280289,0.015818364918231964,0.019945815205574036,0.025304842740297318,0.0382026083767414,0.0039091557264328,0.042608171701431274
BAL_G,43,connector/test/parts_mismatch/013.png,1,clean_defect,32x32,11,19,0.02287937936029936,0.008681298792362213,0.015468016266822815,0.01996895670890808,0.030768267810344696,0.039917285740375515,0.006725579500198364,0.042608171701431274
BAL_G,43,connector/test/parts_mismatch/013.png,1,boundary,32x32,11,11,0.019783942536874252,0.008105196058750153,0.01651839166879654,0.018891483545303345,0.023846253752708435,0.030239447951316833,0.0039091557264328,0.035230591893196106
