method,image_index,sample_id,label,image_max,pixel_ap
E,0,01/test/ko/0000.bmp,1,0.3286661207675934,0.6053308207792336
E,1,01/test/ko/0001.bmp,1,0.2739158570766449,0.5944810464454973
E,2,01/test/ko/0002.bmp,1,0.2240573614835739,0.36365141724118943
E,3,01/test/ko/0003.bmp,1,0.09404408186674118,0.5358781569307886
E,4,01/test/ko/0004.bmp,1,0.247341126203537,0.3206958444060617
E,5,01/test/ko/0005.bmp,1,0.28073474764823914,0.43471809378795473
E,6,01/test/ko/0006.bmp,1,0.2595398426055908,0.75007415375822
E,7,01/test/ko/0007.bmp,1,0.23292338848114014,0.4057280621836017
E,8,01/test/ko/0008.bmp,1,0.24581776559352875,0.7662920223232275
E,9,01/test/ko/0009.bmp,1,0.14827843010425568,0.20919847993978652
E,10,01/test/ko/0010.bmp,1,0.3079392910003662,0.5409872317854256
E,11,01/test/ko/0011.bmp,1,0.13545626401901245,0.4299057767819297
E,12,01/test/ko/0012.bmp,1,0.28365927934646606,0.7770720587674492
E,13,01/test/ko/0013.bmp,1,0.20894746482372284,0.5814753434255423
E,14,01/test/ko/0014.bmp,1,0.2702239453792572,0.5834612196191922
E,15,01/test/ko/0015.bmp,1,0.27815598249435425,0.5156938508340878
E,16,01/test/ko/0016.bmp,1,0.22521859407424927,0.5729636180559019
E,17,01/test/ko/0017.bmp,1,0.1885332465171814,0.6345538537046046
E,18,01/test/ko/0018.bmp,1,0.20169956982135773,0.606268197021211
E,19,01/test/ko/0019.bmp,1,0.22756890952587128,0.7405524523266459
E,20,01/test/ko/0020.bmp,1,0.21477515995502472,0.4601479340367079
E,21,01/test/ko/0021.bmp,1,0.12497742474079132,0.130334081514157
E,22,01/test/ko/0022.bmp,1,0.26004841923713684,0.4965732943813865
E,23,01/test/ko/0023.bmp,1,0.1743190735578537,0.5784089048945531
E,24,01/test/ko/0024.bmp,1,0.24094799160957336,0.6986129735622719
E,25,01/test/ko/0025.bmp,1,0.21039511263370514,0.47410533855264214
E,26,01/test/ko/0026.bmp,1,0.2946799695491791,0.6983498214647914
E,27,01/test/ko/0028.bmp,1,0.23702043294906616,0.7002621358298797
E,28,01/test/ko/0029.bmp,1,0.21554064750671387,0.5999679859557359
E,29,01/test/ko/0030.bmp,1,0.15035758912563324,0.3036617918202564
E,30,01/test/ko/0031.bmp,1,0.0554581843316555,0.009430951408750145
E,31,01/test/ko/0032.bmp,1,0.24769003689289093,0.686466996966052
E,32,01/test/ko/0033.bmp,1,0.07975258678197861,0.27463697780609775
E,33,01/test/ko/0034.bmp,1,0.1358855664730072,0.5396569003985884
E,34,01/test/ko/0035.bmp,1,0.36259469389915466,0.5949055920079478
E,35,01/test/ko/0036.bmp,1,0.2535884976387024,0.6851530800403054
E,36,01/test/ko/0037.bmp,1,0.22453120350837708,0.5892038867847417
E,37,01/test/ko/0038.bmp,1,0.13553360104560852,0.12932946220256905
E,38,01/test/ko/0039.bmp,1,0.25633126497268677,0.7994016081225909
E,39,01/test/ko/0040.bmp,1,0.22427287697792053,0.700155110847303
E,40,01/test/ko/0041.bmp,1,0.2758885324001312,0.7705718049466211
E,41,01/test/ko/0042.bmp,1,0.17523396015167236,0.5006317119393556
E,42,01/test/ko/0043.bmp,1,0.3236371874809265,0.7074511517482394
E,43,01/test/ko/0044.bmp,1,0.22984102368354797,0.33899480517578323
E,44,01/test/ko/0045.bmp,1,0.1591658890247345,0.44731152445438155
E,45,01/test/ko/0046.bmp,1,0.0957787036895752,0.5138888888888888
E,46,01/test/ko/0047.bmp,1,0.24183383584022522,0.6344874009347994
E,47,01/test/ko/0048.bmp,1,0.28434401750564575,0.6440201207776886
E,48,01/test/ko/0049.bmp,1,0.3165621757507324,0.671466182624776
E,49,01/test/ok/0000.bmp,0,0.05102105066180229,
E,50,01/test/ok/0001.bmp,0,0.047395918518304825,
E,51,01/test/ok/0002.bmp,0,0.047118544578552246,
E,52,01/test/ok/0003.bmp,0,0.050294943153858185,
E,53,01/test/ok/0004.bmp,0,0.05310509353876114,
E,54,01/test/ok/0005.bmp,0,0.08535909652709961,
E,55,01/test/ok/0006.bmp,0,0.0515565387904644,
E,56,01/test/ok/0007.bmp,0,0.054045870900154114,
E,57,01/test/ok/0008.bmp,0,0.05515977367758751,
E,58,01/test/ok/0009.bmp,0,0.061845678836107254,
E,59,01/test/ok/0010.bmp,0,0.050784628838300705,
E,60,01/test/ok/0011.bmp,0,0.052837811410427094,
E,61,01/test/ok/0012.bmp,0,0.046844732016325,
E,62,01/test/ok/0013.bmp,0,0.0522165484726429,
E,63,01/test/ok/0014.bmp,0,0.04928179085254669,
E,64,01/test/ok/0015.bmp,0,0.0441407784819603,
E,65,01/test/ok/0016.bmp,0,0.060541555285453796,
E,66,01/test/ok/0017.bmp,0,0.04664168506860733,
E,67,01/test/ok/0018.bmp,0,0.04776330664753914,
E,68,01/test/ok/0019.bmp,0,0.047732800245285034,
E,69,01/test/ok/0020.bmp,0,0.05076960474252701,
A1_J,0,01/test/ko/0000.bmp,1,0.34083110094070435,0.7460716834192747
A1_J,1,01/test/ko/0001.bmp,1,0.3686024844646454,0.5528075914107976
A1_J,2,01/test/ko/0002.bmp,1,0.23443712294101715,0.31679540300179165
A1_J,3,01/test/ko/0003.bmp,1,0.23477312922477722,0.3359823865498024
A1_J,4,01/test/ko/0004.bmp,1,0.20872853696346283,0.2054699667999466
A1_J,5,01/test/ko/0005.bmp,1,0.34176042675971985,0.39213848734186857
A1_J,6,01/test/ko/0006.bmp,1,0.3915484845638275,0.7544258623567661
A1_J,7,01/test/ko/0007.bmp,1,0.26277944445610046,0.41311473693556566
A1_J,8,01/test/ko/0008.bmp,1,0.36096063256263733,0.7035458338737988
A1_J,9,01/test/ko/0009.bmp,1,0.17077325284481049,0.019139775050499706
A1_J,10,01/test/ko/0010.bmp,1,0.38785406947135925,0.5428840217598035
A1_J,11,01/test/ko/0011.bmp,1,0.11015430092811584,0.011121875550150009
A1_J,12,01/test/ko/0012.bmp,1,0.23669463396072388,0.5095793593041228
A1_J,13,01/test/ko/0013.bmp,1,0.21262569725513458,0.5931902020854121
A1_J,14,01/test/ko/0014.bmp,1,0.3247011601924896,0.6987445013355015
A1_J,15,01/test/ko/0015.bmp,1,0.3468571901321411,0.6210848025582612
A1_J,16,01/test/ko/0016.bmp,1,0.35366320610046387,0.7908319440161351
A1_J,17,01/test/ko/0017.bmp,1,0.22897332906723022,0.46723192243950906
A1_J,18,01/test/ko/0018.bmp,1,0.21147839725017548,0.30535492320103025
A1_J,19,01/test/ko/0019.bmp,1,0.1932266354560852,0.5939459564220732
A1_J,20,01/test/ko/0020.bmp,1,0.2647991478443146,0.3330177342315547
A1_J,21,01/test/ko/0021.bmp,1,0.144661545753479,0.04908253765708331
A1_J,22,01/test/ko/0022.bmp,1,0.3468689024448395,0.4482148951540064
A1_J,23,01/test/ko/0023.bmp,1,0.2222677618265152,0.45642402786515696
A1_J,24,01/test/ko/0024.bmp,1,0.38110658526420593,0.6815574627510701
A1_J,25,01/test/ko/0025.bmp,1,0.20991110801696777,0.2518598432803946
A1_J,26,01/test/ko/0026.bmp,1,0.261748343706131,0.7435454565528425
A1_J,27,01/test/ko/0028.bmp,1,0.4824066162109375,0.7712932279942234
A1_J,28,01/test/ko/0029.bmp,1,0.2924935817718506,0.520675501166529
A1_J,29,01/test/ko/0030.bmp,1,0.1842963546514511,0.19697785281569885
A1_J,30,01/test/ko/0031.bmp,1,0.10243747383356094,0.0057510885978373835
A1_J,31,01/test/ko/0032.bmp,1,0.34879493713378906,0.7392354751393736
A1_J,32,01/test/ko/0033.bmp,1,0.11636785417795181,0.1586950642325896
A1_J,33,01/test/ko/0034.bmp,1,0.16677147150039673,0.4986095717994299
A1_J,34,01/test/ko/0035.bmp,1,0.40439489483833313,0.537120537687253
A1_J,35,01/test/ko/0036.bmp,1,0.3152725100517273,0.7390628921014144
A1_J,36,01/test/ko/0037.bmp,1,0.2969569265842438,0.5824890340115261
A1_J,37,01/test/ko/0038.bmp,1,0.13925869762897491,0.044076398025233075
A1_J,38,01/test/ko/0039.bmp,1,0.36045366525650024,0.8745063464049334
A1_J,39,01/test/ko/0040.bmp,1,0.24887628853321075,0.7318624871257184
A1_J,40,01/test/ko/0041.bmp,1,0.43279922008514404,0.8347955271983656
A1_J,41,01/test/ko/0042.bmp,1,0.14907711744308472,0.09378614741776861
A1_J,42,01/test/ko/0043.bmp,1,0.36906296014785767,0.7407819102229253
A1_J,43,01/test/ko/0044.bmp,1,0.22567397356033325,0.31430559922831713
A1_J,44,01/test/ko/0045.bmp,1,0.1623067855834961,0.27970620544688113
A1_J,45,01/test/ko/0046.bmp,1,0.11197037994861603,0.017470312869075993
A1_J,46,01/test/ko/0047.bmp,1,0.3989580273628235,0.645358813616329
A1_J,47,01/test/ko/0048.bmp,1,0.29504403471946716,0.7081097907028798
A1_J,48,01/test/ko/0049.bmp,1,0.2965591549873352,0.7794154816325993
A1_J,49,01/test/ok/0000.bmp,0,0.10851400345563889,
A1_J,50,01/test/ok/0001.bmp,0,0.1360204666852951,
A1_J,51,01/test/ok/0002.bmp,0,0.1061788871884346,
A1_J,52,01/test/ok/0003.bmp,0,0.10530788451433182,
A1_J,53,01/test/ok/0004.bmp,0,0.12008056789636612,
A1_J,54,01/test/ok/0005.bmp,0,0.1176614835858345,
A1_J,55,01/test/ok/0006.bmp,0,0.11750704795122147,
A1_J,56,01/test/ok/0007.bmp,0,0.12164843827486038,
A1_J,57,01/test/ok/0008.bmp,0,0.10914508998394012,
A1_J,58,01/test/ok/0009.bmp,0,0.12623150646686554,
A1_J,59,01/test/ok/0010.bmp,0,0.12504959106445312,
A1_J,60,01/test/ok/0011.bmp,0,0.13038752973079681,
A1_J,61,01/test/ok/0012.bmp,0,0.11586271971464157,
A1_J,62,01/test/ok/0013.bmp,0,0.11862227320671082,
A1_J,63,01/test/ok/0014.bmp,0,0.09760208427906036,
A1_J,64,01/test/ok/0015.bmp,0,0.12799149751663208,
A1_J,65,01/test/ok/0016.bmp,0,0.14621536433696747,
A1_J,66,01/test/ok/0017.bmp,0,0.11032846570014954,
A1_J,67,01/test/ok/0018.bmp,0,0.1666375696659088,
A1_J,68,01/test/ok/0019.bmp,0,0.10267575085163116,
A1_J,69,01/test/ok/0020.bmp,0,0.154972106218338,
A1_L,0,01/test/ko/0000.bmp,1,0.3216440677642822,0.7478210640611355
A1_L,1,01/test/ko/0001.bmp,1,0.35632139444351196,0.562470388203726
A1_L,2,01/test/ko/0002.bmp,1,0.22795283794403076,0.3262122411609812
A1_L,3,01/test/ko/0003.bmp,1,0.21894975006580353,0.4033295672947158
A1_L,4,01/test/ko/0004.bmp,1,0.20338194072246552,0.22290762197028527
A1_L,5,01/test/ko/0005.bmp,1,0.3318805396556854,0.3901204129708413
A1_L,6,01/test/ko/0006.bmp,1,0.37891414761543274,0.7609326922918127
A1_L,7,01/test/ko/0007.bmp,1,0.2585913836956024,0.41047587013343967
A1_L,8,01/test/ko/0008.bmp,1,0.3469869792461395,0.7114773561285901
A1_L,9,01/test/ko/0009.bmp,1,0.1599157601594925,0.018786873093654857
A1_L,10,01/test/ko/0010.bmp,1,0.3683803975582123,0.5485920596257748
A1_L,11,01/test/ko/0011.bmp,1,0.09077504277229309,0.03656528353688761
A1_L,12,01/test/ko/0012.bmp,1,0.23176002502441406,0.5207703955241337
A1_L,13,01/test/ko/0013.bmp,1,0.2096724957227707,0.6345128192828207
A1_L,14,01/test/ko/0014.bmp,1,0.30574390292167664,0.7012578736542154
A1_L,15,01/test/ko/0015.bmp,1,0.33135345578193665,0.6363109132387883
A1_L,16,01/test/ko/0016.bmp,1,0.33404073119163513,0.7913332165926585
A1_L,17,01/test/ko/0017.bmp,1,0.21883481740951538,0.48499811480722116
A1_L,18,01/test/ko/0018.bmp,1,0.20330338180065155,0.3291824413468302
A1_L,19,01/test/ko/0019.bmp,1,0.18074260652065277,0.6360569324855039
A1_L,20,01/test/ko/0020.bmp,1,0.2459946572780609,0.32871262790730765
A1_L,21,01/test/ko/0021.bmp,1,0.12570272386074066,0.045286263932067146
A1_L,22,01/test/ko/0022.bmp,1,0.3268980085849762,0.45532306510004017
A1_L,23,01/test/ko/0023.bmp,1,0.21416397392749786,0.4913587013522021
A1_L,24,01/test/ko/0024.bmp,1,0.36566680669784546,0.6833416857544736
A1_L,25,01/test/ko/0025.bmp,1,0.19188714027404785,0.2755772504146955
A1_L,26,01/test/ko/0026.bmp,1,0.24949628114700317,0.7217269982489809
A1_L,27,01/test/ko/0028.bmp,1,0.46153563261032104,0.7762544965407436
A1_L,28,01/test/ko/0029.bmp,1,0.2766129672527313,0.551228640283073
A1_L,29,01/test/ko/0030.bmp,1,0.1648983210325241,0.169572416794312
A1_L,30,01/test/ko/0031.bmp,1,0.08851160109043121,0.017550377210191728
A1_L,31,01/test/ko/0032.bmp,1,0.3408316373825073,0.7510656647438415
A1_L,32,01/test/ko/0033.bmp,1,0.11314339190721512,0.187008547008547
A1_L,33,01/test/ko/0034.bmp,1,0.15624795854091644,0.49509667463422785
A1_L,34,01/test/ko/0035.bmp,1,0.39449620246887207,0.5413124480607538
A1_L,35,01/test/ko/0036.bmp,1,0.28083565831184387,0.7666514344143905
A1_L,36,01/test/ko/0037.bmp,1,0.26271429657936096,0.5916562823991528
A1_L,37,01/test/ko/0038.bmp,1,0.13109919428825378,0.04871064246301807
A1_L,38,01/test/ko/0039.bmp,1,0.3417651653289795,0.8825522622743243
A1_L,39,01/test/ko/0040.bmp,1,0.23261627554893494,0.7561010779749155
A1_L,40,01/test/ko/0041.bmp,1,0.4153479337692261,0.8372712872486339
A1_L,41,01/test/ko/0042.bmp,1,0.1404251605272293,0.06591947464563243
A1_L,42,01/test/ko/0043.bmp,1,0.35310667753219604,0.7392427133755692
A1_L,43,01/test/ko/0044.bmp,1,0.21856291592121124,0.33308418636460396
A1_L,44,01/test/ko/0045.bmp,1,0.15150980651378632,0.2867392135471331
A1_L,45,01/test/ko/0046.bmp,1,0.10643299669027328,0.00945654145414911
A1_L,46,01/test/ko/0047.bmp,1,0.3876531422138214,0.6494265023965531
A1_L,47,01/test/ko/0048.bmp,1,0.2786363363265991,0.7208061441959827
A1_L,48,01/test/ko/0049.bmp,1,0.2863978147506714,0.7906650133762193
A1_L,49,01/test/ok/0000.bmp,0,0.08011755347251892,
A1_L,50,01/test/ok/0001.bmp,0,0.12279647588729858,
A1_L,51,01/test/ok/0002.bmp,0,0.09168065339326859,
A1_L,52,01/test/ok/0003.bmp,0,0.09242628514766693,
A1_L,53,01/test/ok/0004.bmp,0,0.10584273934364319,
A1_L,54,01/test/ok/0005.bmp,0,0.10177609324455261,
A1_L,55,01/test/ok/0006.bmp,0,0.10403451323509216,
A1_L,56,01/test/ok/0007.bmp,0,0.1127178966999054,
A1_L,57,01/test/ok/0008.bmp,0,0.0944676473736763,
A1_L,58,01/test/ok/0009.bmp,0,0.10718316584825516,
A1_L,59,01/test/ok/0010.bmp,0,0.1075064092874527,
A1_L,60,01/test/ok/0011.bmp,0,0.10997135937213898,
A1_L,61,01/test/ok/0012.bmp,0,0.09103835374116898,
A1_L,62,01/test/ok/0013.bmp,0,0.11467812210321426,
A1_L,63,01/test/ok/0014.bmp,0,0.08991775661706924,
A1_L,64,01/test/ok/0015.bmp,0,0.10210056602954865,
A1_L,65,01/test/ok/0016.bmp,0,0.11772653460502625,
A1_L,66,01/test/ok/0017.bmp,0,0.09820026159286499,
A1_L,67,01/test/ok/0018.bmp,0,0.14624246954917908,
A1_L,68,01/test/ok/0019.bmp,0,0.07954700291156769,
A1_L,69,01/test/ok/0020.bmp,0,0.14209580421447754,
DUP_J,0,01/test/ko/0000.bmp,1,0.4033600389957428,0.748489664917483
DUP_J,1,01/test/ko/0001.bmp,1,0.4124617278575897,0.569774395673363
DUP_J,2,01/test/ko/0002.bmp,1,0.2889721691608429,0.3108235662674359
DUP_J,3,01/test/ko/0003.bmp,1,0.2918400168418884,0.33621960679283414
DUP_J,4,01/test/ko/0004.bmp,1,0.2627781629562378,0.19453533312807944
DUP_J,5,01/test/ko/0005.bmp,1,0.4080236554145813,0.37562129745508754
DUP_J,6,01/test/ko/0006.bmp,1,0.41793033480644226,0.7481048758818284
DUP_J,7,01/test/ko/0007.bmp,1,0.3211391866207123,0.3947193641358484
DUP_J,8,01/test/ko/0008.bmp,1,0.4554547071456909,0.7025046700778032
DUP_J,9,01/test/ko/0009.bmp,1,0.2140122503042221,0.01577604809013513
DUP_J,10,01/test/ko/0010.bmp,1,0.44592738151550293,0.5388582006622694
DUP_J,11,01/test/ko/0011.bmp,1,0.12553411722183228,0.012724779028988624
DUP_J,12,01/test/ko/0012.bmp,1,0.2813028395175934,0.4781734349569302
DUP_J,13,01/test/ko/0013.bmp,1,0.2613852620124817,0.5984610344676232
DUP_J,14,01/test/ko/0014.bmp,1,0.39256054162979126,0.6898268166438277
DUP_J,15,01/test/ko/0015.bmp,1,0.40872541069984436,0.621828621004693
DUP_J,16,01/test/ko/0016.bmp,1,0.41648149490356445,0.7886182083361561
DUP_J,17,01/test/ko/0017.bmp,1,0.2829451262950897,0.4566341848331184
DUP_J,18,01/test/ko/0018.bmp,1,0.2581551969051361,0.27889369534069913
DUP_J,19,01/test/ko/0019.bmp,1,0.2349584698677063,0.6288628241927919
DUP_J,20,01/test/ko/0020.bmp,1,0.2968112826347351,0.332436989840298
DUP_J,21,01/test/ko/0021.bmp,1,0.17716236412525177,0.048487321030392716
DUP_J,22,01/test/ko/0022.bmp,1,0.41641661524772644,0.42774645459524036
DUP_J,23,01/test/ko/0023.bmp,1,0.27469131350517273,0.4594156192522546
DUP_J,24,01/test/ko/0024.bmp,1,0.4655565321445465,0.6698553566239132
DUP_J,25,01/test/ko/0025.bmp,1,0.2546532154083252,0.2270759287009758
DUP_J,26,01/test/ko/0026.bmp,1,0.2853141725063324,0.6995600136510082
DUP_J,27,01/test/ko/0028.bmp,1,0.5454097986221313,0.7735290845952045
DUP_J,28,01/test/ko/0029.bmp,1,0.35909268260002136,0.506225969404525
DUP_J,29,01/test/ko/0030.bmp,1,0.2136269062757492,0.17896530443928568
DUP_J,30,01/test/ko/0031.bmp,1,0.12280292063951492,0.006400171667971993
DUP_J,31,01/test/ko/0032.bmp,1,0.3943518102169037,0.7222763337711929
DUP_J,32,01/test/ko/0033.bmp,1,0.149658665060997,0.16009823509823512
DUP_J,33,01/test/ko/0034.bmp,1,0.20729216933250427,0.5005869494336664
DUP_J,34,01/test/ko/0035.bmp,1,0.46271732449531555,0.540504579459884
DUP_J,35,01/test/ko/0036.bmp,1,0.37299636006355286,0.7439724256022969
DUP_J,36,01/test/ko/0037.bmp,1,0.3435504734516144,0.5607201906731729
DUP_J,37,01/test/ko/0038.bmp,1,0.1715843230485916,0.045342105198284806
DUP_J,38,01/test/ko/0039.bmp,1,0.4155925214290619,0.8709117796449924
DUP_J,39,01/test/ko/0040.bmp,1,0.3041262924671173,0.7382909107660057
DUP_J,40,01/test/ko/0041.bmp,1,0.4652809500694275,0.8298368476788157
DUP_J,41,01/test/ko/0042.bmp,1,0.1878933608531952,0.05015676736813795
DUP_J,42,01/test/ko/0043.bmp,1,0.42674487829208374,0.7441388907230508
DUP_J,43,01/test/ko/0044.bmp,1,0.2602299749851227,0.30859676949271636
DUP_J,44,01/test/ko/0045.bmp,1,0.18665122985839844,0.27816836667352235
DUP_J,45,01/test/ko/0046.bmp,1,0.14272502064704895,0.011520237828264532
DUP_J,46,01/test/ko/0047.bmp,1,0.43470919132232666,0.6271203641895858
DUP_J,47,01/test/ko/0048.bmp,1,0.34915128350257874,0.7065109037046716
DUP_J,48,01/test/ko/0049.bmp,1,0.3565652072429657,0.7724263063328881
DUP_J,49,01/test/ok/0000.bmp,0,0.12191275507211685,
DUP_J,50,01/test/ok/0001.bmp,0,0.1628146767616272,
DUP_J,51,01/test/ok/0002.bmp,0,0.1322222203016281,
DUP_J,52,01/test/ok/0003.bmp,0,0.12370675802230835,
DUP_J,53,01/test/ok/0004.bmp,0,0.14768967032432556,
DUP_J,54,01/test/ok/0005.bmp,0,0.1392476111650467,
DUP_J,55,01/test/ok/0006.bmp,0,0.14480827748775482,
DUP_J,56,01/test/ok/0007.bmp,0,0.15508443117141724,
DUP_J,57,01/test/ok/0008.bmp,0,0.1328422576189041,
DUP_J,58,01/test/ok/0009.bmp,0,0.15430086851119995,
DUP_J,59,01/test/ok/0010.bmp,0,0.15063902735710144,
DUP_J,60,01/test/ok/0011.bmp,0,0.15234877169132233,
DUP_J,61,01/test/ok/0012.bmp,0,0.13081659376621246,
DUP_J,62,01/test/ok/0013.bmp,0,0.1531999111175537,
DUP_J,63,01/test/ok/0014.bmp,0,0.11942300945520401,
DUP_J,64,01/test/ok/0015.bmp,0,0.15077342092990875,
DUP_J,65,01/test/ok/0016.bmp,0,0.1774922013282776,
DUP_J,66,01/test/ok/0017.bmp,0,0.13213373720645905,
DUP_J,67,01/test/ok/0018.bmp,0,0.2037397027015686,
DUP_J,68,01/test/ok/0019.bmp,0,0.11104507744312286,
DUP_J,69,01/test/ok/0020.bmp,0,0.18955712020397186,
DUP_L,0,01/test/ko/0000.bmp,1,0.3903484642505646,0.7483174442267418
DUP_L,1,01/test/ko/0001.bmp,1,0.4035342037677765,0.5774493333242956
DUP_L,2,01/test/ko/0002.bmp,1,0.284683495759964,0.3185828437013695
DUP_L,3,01/test/ko/0003.bmp,1,0.27943867444992065,0.40332096957427144
DUP_L,4,01/test/ko/0004.bmp,1,0.2565525472164154,0.20072902589222177
DUP_L,5,01/test/ko/0005.bmp,1,0.40062573552131653,0.37207398727369606
DUP_L,6,01/test/ko/0006.bmp,1,0.4087584912776947,0.7514961722146787
DUP_L,7,01/test/ko/0007.bmp,1,0.3181350529193878,0.39387108261142395
DUP_L,8,01/test/ko/0008.bmp,1,0.43893444538116455,0.7045239268830402
DUP_L,9,01/test/ko/0009.bmp,1,0.20488902926445007,0.015594862548516959
DUP_L,10,01/test/ko/0010.bmp,1,0.43053993582725525,0.5413438421472899
DUP_L,11,01/test/ko/0011.bmp,1,0.11978738754987717,0.03708746724935862
DUP_L,12,01/test/ko/0012.bmp,1,0.2779991924762726,0.48784901892329274
DUP_L,13,01/test/ko/0013.bmp,1,0.25913628935813904,0.6167260205159721
DUP_L,14,01/test/ko/0014.bmp,1,0.3790348172187805,0.6899461162302598
DUP_L,15,01/test/ko/0015.bmp,1,0.3969019949436188,0.6336189253011596
DUP_L,16,01/test/ko/0016.bmp,1,0.3984331786632538,0.7876782063605177
DUP_L,17,01/test/ko/0017.bmp,1,0.2739437222480774,0.4634279716691701
DUP_L,18,01/test/ko/0018.bmp,1,0.2520143389701843,0.2885354148243857
DUP_L,19,01/test/ko/0019.bmp,1,0.22648872435092926,0.6389512851349513
DUP_L,20,01/test/ko/0020.bmp,1,0.2849733829498291,0.3290389923015983
DUP_L,21,01/test/ko/0021.bmp,1,0.16321898996829987,0.043238859002004526
DUP_L,22,01/test/ko/0022.bmp,1,0.4025716483592987,0.4322441136348597
DUP_L,23,01/test/ko/0023.bmp,1,0.26718005537986755,0.4875577113902307
DUP_L,24,01/test/ko/0024.bmp,1,0.4564141631126404,0.6722598651546241
DUP_L,25,01/test/ko/0025.bmp,1,0.2425595074892044,0.24144437975082736
DUP_L,26,01/test/ko/0026.bmp,1,0.27624326944351196,0.7045137122011663
DUP_L,27,01/test/ko/0028.bmp,1,0.528416633605957,0.7756226345180223
DUP_L,28,01/test/ko/0029.bmp,1,0.34210216999053955,0.5323888413857341
DUP_L,29,01/test/ko/0030.bmp,1,0.19795706868171692,0.16388695222966965
DUP_L,30,01/test/ko/0031.bmp,1,0.11222822219133377,0.014067319701856403
DUP_L,31,01/test/ko/0032.bmp,1,0.3883730173110962,0.7305201742465119
DUP_L,32,01/test/ko/0033.bmp,1,0.14745962619781494,0.20221532091097308
DUP_L,33,01/test/ko/0034.bmp,1,0.19876040518283844,0.49441836936732886
DUP_L,34,01/test/ko/0035.bmp,1,0.45163387060165405,0.5435194990798718
DUP_L,35,01/test/ko/0036.bmp,1,0.3424062132835388,0.7626993956305861
DUP_L,36,01/test/ko/0037.bmp,1,0.3166242837905884,0.5656900732230274
DUP_L,37,01/test/ko/0038.bmp,1,0.1658535748720169,0.049094888501298194
DUP_L,38,01/test/ko/0039.bmp,1,0.40186119079589844,0.8778213972302703
DUP_L,39,01/test/ko/0040.bmp,1,0.28915852308273315,0.7536981541450479
DUP_L,40,01/test/ko/0041.bmp,1,0.45150619745254517,0.8329958397285488
DUP_L,41,01/test/ko/0042.bmp,1,0.182038813829422,0.04415909473329968
DUP_L,42,01/test/ko/0043.bmp,1,0.41280484199523926,0.7427648084332168
DUP_L,43,01/test/ko/0044.bmp,1,0.2550721764564514,0.3226404060970354
DUP_L,44,01/test/ko/0045.bmp,1,0.18337693810462952,0.27340398540621264
DUP_L,45,01/test/ko/0046.bmp,1,0.13957937061786652,0.009559486458220636
DUP_L,46,01/test/ko/0047.bmp,1,0.4268099367618561,0.6299922771674399
DUP_L,47,01/test/ko/0048.bmp,1,0.3374065160751343,0.7179891212150935
DUP_L,48,01/test/ko/0049.bmp,1,0.3488248884677887,0.7827803268459637
DUP_L,49,01/test/ok/0000.bmp,0,0.10056126117706299,
DUP_L,50,01/test/ok/0001.bmp,0,0.15230046212673187,
DUP_L,51,01/test/ok/0002.bmp,0,0.11604883521795273,
DUP_L,52,01/test/ok/0003.bmp,0,0.12046181410551071,
DUP_L,53,01/test/ok/0004.bmp,0,0.13793765008449554,
DUP_L,54,01/test/ok/0005.bmp,0,0.12780824303627014,
DUP_L,55,01/test/ok/0006.bmp,0,0.13216805458068848,
DUP_L,56,01/test/ok/0007.bmp,0,0.14618872106075287,
DUP_L,57,01/test/ok/0008.bmp,0,0.11734339594841003,
DUP_L,58,01/test/ok/0009.bmp,0,0.13513745367527008,
DUP_L,59,01/test/ok/0010.bmp,0,0.13120335340499878,
DUP_L,60,01/test/ok/0011.bmp,0,0.13733837008476257,
DUP_L,61,01/test/ok/0012.bmp,0,0.1145440861582756,
DUP_L,62,01/test/ok/0013.bmp,0,0.14870935678482056,
DUP_L,63,01/test/ok/0014.bmp,0,0.11919567734003067,
DUP_L,64,01/test/ok/0015.bmp,0,0.12899403274059296,
DUP_L,65,01/test/ok/0016.bmp,0,0.1491859257221222,
DUP_L,66,01/test/ok/0017.bmp,0,0.12239525467157364,
DUP_L,67,01/test/ok/0018.bmp,0,0.18797247111797333,
DUP_L,68,01/test/ok/0019.bmp,0,0.10050354897975922,
DUP_L,69,01/test/ok/0020.bmp,0,0.18031014502048492,
TRI_E_J,0,01/test/ko/0000.bmp,1,0.2830081582069397,0.7450816216181092
TRI_E_J,1,01/test/ko/0001.bmp,1,0.32744142413139343,0.5700505297621694
TRI_E_J,2,01/test/ko/0002.bmp,1,0.237796813249588,0.33939630811153293
TRI_E_J,3,01/test/ko/0003.bmp,1,0.1935928463935852,0.40347733213148834
TRI_E_J,4,01/test/ko/0004.bmp,1,0.22409486770629883,0.24824415371201208
TRI_E_J,5,01/test/ko/0005.bmp,1,0.32556918263435364,0.41696506093143376
TRI_E_J,6,01/test/ko/0006.bmp,1,0.32835420966148376,0.7718584759114784
TRI_E_J,7,01/test/ko/0007.bmp,1,0.25863343477249146,0.45559731118123803
TRI_E_J,8,01/test/ko/0008.bmp,1,0.30373474955558777,0.7311941739119685
TRI_E_J,9,01/test/ko/0009.bmp,1,0.1428091675043106,0.0323991926452742
TRI_E_J,10,01/test/ko/0010.bmp,1,0.36169078946113586,0.5506521974675159
TRI_E_J,11,01/test/ko/0011.bmp,1,0.13843366503715515,0.04803717019958737
TRI_E_J,12,01/test/ko/0012.bmp,1,0.24705563485622406,0.652390651054115
TRI_E_J,13,01/test/ko/0013.bmp,1,0.2057364583015442,0.6549360511137476
TRI_E_J,14,01/test/ko/0014.bmp,1,0.29648923873901367,0.6925094014812438
TRI_E_J,15,01/test/ko/0015.bmp,1,0.30160799622535706,0.6354508237313723
TRI_E_J,16,01/test/ko/0016.bmp,1,0.2996775507926941,0.8111777894293114
TRI_E_J,17,01/test/ko/0017.bmp,1,0.20169684290885925,0.5268721958564447
TRI_E_J,18,01/test/ko/0018.bmp,1,0.20530937612056732,0.39956731370058063
TRI_E_J,19,01/test/ko/0019.bmp,1,0.21401982009410858,0.7444508269508269
TRI_E_J,20,01/test/ko/0020.bmp,1,0.2460770159959793,0.4021490773561531
TRI_E_J,21,01/test/ko/0021.bmp,1,0.12911196053028107,0.06250303416368345
TRI_E_J,22,01/test/ko/0022.bmp,1,0.31564515829086304,0.47166815902996395
TRI_E_J,23,01/test/ko/0023.bmp,1,0.20681799948215485,0.5015961987515702
TRI_E_J,24,01/test/ko/0024.bmp,1,0.32800784707069397,0.7130595646690803
TRI_E_J,25,01/test/ko/0025.bmp,1,0.20871078968048096,0.4388840575661825
TRI_E_J,26,01/test/ko/0026.bmp,1,0.2685530185699463,0.7150311484678961
TRI_E_J,27,01/test/ko/0028.bmp,1,0.3939286172389984,0.7781581674187162
TRI_E_J,28,01/test/ko/0029.bmp,1,0.26428788900375366,0.5764466278348659
TRI_E_J,29,01/test/ko/0030.bmp,1,0.1702594757080078,0.21303837871309028
TRI_E_J,30,01/test/ko/0031.bmp,1,0.11542214453220367,0.006278214322052444
TRI_E_J,31,01/test/ko/0032.bmp,1,0.327521413564682,0.7450827874971463
TRI_E_J,32,01/test/ko/0033.bmp,1,0.10447392612695694,0.11801780284126406
TRI_E_J,33,01/test/ko/0034.bmp,1,0.16698415577411652,0.4711101445232162
TRI_E_J,34,01/test/ko/0035.bmp,1,0.3805982172489166,0.5756777517575732
TRI_E_J,35,01/test/ko/0036.bmp,1,0.30330273509025574,0.7417873705004434
TRI_E_J,36,01/test/ko/0037.bmp,1,0.24872733652591705,0.6013354051219371
TRI_E_J,37,01/test/ko/0038.bmp,1,0.14231553673744202,0.06636756221890538
TRI_E_J,38,01/test/ko/0039.bmp,1,0.31693312525749207,0.8866621514218059
TRI_E_J,39,01/test/ko/0040.bmp,1,0.23754560947418213,0.7673108819194235
TRI_E_J,40,01/test/ko/0041.bmp,1,0.37106865644454956,0.8457386422345746
TRI_E_J,41,01/test/ko/0042.bmp,1,0.13628709316253662,0.5005817335660268
TRI_E_J,42,01/test/ko/0043.bmp,1,0.35516810417175293,0.7542458877327652
TRI_E_J,43,01/test/ko/0044.bmp,1,0.22080443799495697,0.33191552782274597
TRI_E_J,44,01/test/ko/0045.bmp,1,0.1574295461177826,0.3758915773046437
TRI_E_J,45,01/test/ko/0046.bmp,1,0.107746921479702,0.0618716577540107
TRI_E_J,46,01/test/ko/0047.bmp,1,0.3379504084587097,0.6565445544386836
TRI_E_J,47,01/test/ko/0048.bmp,1,0.2986223101615906,0.704610869510607
TRI_E_J,48,01/test/ko/0049.bmp,1,0.2818399965763092,0.7760949676338266
TRI_E_J,49,01/test/ok/0000.bmp,0,0.09094985574483871,
TRI_E_J,50,01/test/ok/0001.bmp,0,0.124212346971035,
TRI_E_J,51,01/test/ok/0002.bmp,0,0.10757624357938766,
TRI_E_J,52,01/test/ok/0003.bmp,0,0.1029503345489502,
TRI_E_J,53,01/test/ok/0004.bmp,0,0.1054968312382698,
TRI_E_J,54,01/test/ok/0005.bmp,0,0.11068906635046005,
TRI_E_J,55,01/test/ok/0006.bmp,0,0.09299935400485992,
TRI_E_J,56,01/test/ok/0007.bmp,0,0.13089706003665924,
TRI_E_J,57,01/test/ok/0008.bmp,0,0.09948958456516266,
TRI_E_J,58,01/test/ok/0009.bmp,0,0.09834021329879761,
TRI_E_J,59,01/test/ok/0010.bmp,0,0.1103520318865776,
TRI_E_J,60,01/test/ok/0011.bmp,0,0.11431124061346054,
TRI_E_J,61,01/test/ok/0012.bmp,0,0.10328851640224457,
TRI_E_J,62,01/test/ok/0013.bmp,0,0.10185088217258453,
TRI_E_J,63,01/test/ok/0014.bmp,0,0.11073314398527145,
TRI_E_J,64,01/test/ok/0015.bmp,0,0.11051011830568314,
TRI_E_J,65,01/test/ok/0016.bmp,0,0.1157713308930397,
TRI_E_J,66,01/test/ok/0017.bmp,0,0.10526561737060547,
TRI_E_J,67,01/test/ok/0018.bmp,0,0.12874159216880798,
TRI_E_J,68,01/test/ok/0019.bmp,0,0.10079921036958694,
TRI_E_J,69,01/test/ok/0020.bmp,0,0.11764421314001083,
TRI_E_L,0,01/test/ko/0000.bmp,1,0.26092469692230225,0.745768275435524
TRI_E_L,1,01/test/ko/0001.bmp,1,0.30862241983413696,0.5874759494874268
TRI_E_L,2,01/test/ko/0002.bmp,1,0.22622855007648468,0.36419436430259766
TRI_E_L,3,01/test/ko/0003.bmp,1,0.176965594291687,0.41179394511423667
TRI_E_L,4,01/test/ko/0004.bmp,1,0.2097427248954773,0.26516399380401917
TRI_E_L,5,01/test/ko/0005.bmp,1,0.3026939034461975,0.4056913454254576
TRI_E_L,6,01/test/ko/0006.bmp,1,0.3025495707988739,0.7812772868316852
TRI_E_L,7,01/test/ko/0007.bmp,1,0.24497343599796295,0.4417710204023481
TRI_E_L,8,01/test/ko/0008.bmp,1,0.2913665473461151,0.7445456403273266
TRI_E_L,9,01/test/ko/0009.bmp,1,0.11896812915802002,0.05153859735857076
TRI_E_L,10,01/test/ko/0010.bmp,1,0.34108319878578186,0.5568619001031789
TRI_E_L,11,01/test/ko/0011.bmp,1,0.08521528542041779,0.23625541390907204
TRI_E_L,12,01/test/ko/0012.bmp,1,0.23847335577011108,0.6696385854771609
TRI_E_L,13,01/test/ko/0013.bmp,1,0.1953539252281189,0.6799513862665565
TRI_E_L,14,01/test/ko/0014.bmp,1,0.2757498025894165,0.6934218356395132
TRI_E_L,15,01/test/ko/0015.bmp,1,0.2845940589904785,0.6331365845756993
TRI_E_L,16,01/test/ko/0016.bmp,1,0.28168219327926636,0.8066386835384463
TRI_E_L,17,01/test/ko/0017.bmp,1,0.18454135954380035,0.6069027586355208
TRI_E_L,18,01/test/ko/0018.bmp,1,0.19498880207538605,0.41839346542889333
TRI_E_L,19,01/test/ko/0019.bmp,1,0.19604352116584778,0.7457756132756133
TRI_E_L,20,01/test/ko/0020.bmp,1,0.23128774762153625,0.41150553885800484
TRI_E_L,21,01/test/ko/0021.bmp,1,0.09735972434282303,0.09823268887969996
TRI_E_L,22,01/test/ko/0022.bmp,1,0.2862510681152344,0.5047185511215142
TRI_E_L,23,01/test/ko/0023.bmp,1,0.19743120670318604,0.5602326849443429
TRI_E_L,24,01/test/ko/0024.bmp,1,0.30888140201568604,0.7257264915468569
TRI_E_L,25,01/test/ko/0025.bmp,1,0.19623762369155884,0.46918949248300335
TRI_E_L,26,01/test/ko/0026.bmp,1,0.24675889313220978,0.7532514229305171
TRI_E_L,27,01/test/ko/0028.bmp,1,0.37148788571357727,0.7769543705572414
TRI_E_L,28,01/test/ko/0029.bmp,1,0.24796129763126373,0.5955215384616055
TRI_E_L,29,01/test/ko/0030.bmp,1,0.14948272705078125,0.2662418963517747
TRI_E_L,30,01/test/ko/0031.bmp,1,0.07255300879478455,0.011252829456160608
TRI_E_L,31,01/test/ko/0032.bmp,1,0.30609700083732605,0.7624168208263875
TRI_E_L,32,01/test/ko/0033.bmp,1,0.09039414674043655,0.41492063492063497
TRI_E_L,33,01/test/ko/0034.bmp,1,0.14932772517204285,0.5188850448916188
TRI_E_L,34,01/test/ko/0035.bmp,1,0.3567720949649811,0.5943334245162155
TRI_E_L,35,01/test/ko/0036.bmp,1,0.2665000855922699,0.7661684811830506
TRI_E_L,36,01/test/ko/0037.bmp,1,0.23158720135688782,0.6128981761582647
TRI_E_L,37,01/test/ko/0038.bmp,1,0.12532936036586761,0.10497766303089767
TRI_E_L,38,01/test/ko/0039.bmp,1,0.2888169586658478,0.8952223495913683
TRI_E_L,39,01/test/ko/0040.bmp,1,0.22050009667873383,0.7825313145060168
TRI_E_L,40,01/test/ko/0041.bmp,1,0.34898558259010315,0.8423213878125699
TRI_E_L,41,01/test/ko/0042.bmp,1,0.1191701740026474,0.7506631299734748
TRI_E_L,42,01/test/ko/0043.bmp,1,0.3363938629627228,0.7534707236670711
TRI_E_L,43,01/test/ko/0044.bmp,1,0.2104833871126175,0.3699061163484165
TRI_E_L,44,01/test/ko/0045.bmp,1,0.15207789838314056,0.5375654056215983
TRI_E_L,45,01/test/ko/0046.bmp,1,0.0768381729722023,0.13488045007032348
TRI_E_L,46,01/test/ko/0047.bmp,1,0.31806161999702454,0.6768581782907969
TRI_E_L,47,01/test/ko/0048.bmp,1,0.2727620303630829,0.7163751284881529
TRI_E_L,48,01/test/ko/0049.bmp,1,0.26522716879844666,0.7941515677199409
TRI_E_L,49,01/test/ok/0000.bmp,0,0.06309008598327637,
TRI_E_L,50,01/test/ok/0001.bmp,0,0.09049468487501144,
TRI_E_L,51,01/test/ok/0002.bmp,0,0.07004301995038986,
TRI_E_L,52,01/test/ok/0003.bmp,0,0.06696668267250061,
TRI_E_L,53,01/test/ok/0004.bmp,0,0.07770809531211853,
TRI_E_L,54,01/test/ok/0005.bmp,0,0.08942876756191254,
TRI_E_L,55,01/test/ok/0006.bmp,0,0.07754027843475342,
TRI_E_L,56,01/test/ok/0007.bmp,0,0.08280788362026215,
TRI_E_L,57,01/test/ok/0008.bmp,0,0.07372588664293289,
TRI_E_L,58,01/test/ok/0009.bmp,0,0.07742935419082642,
TRI_E_L,59,01/test/ok/0010.bmp,0,0.08062294125556946,
TRI_E_L,60,01/test/ok/0011.bmp,0,0.07980892807245255,
TRI_E_L,61,01/test/ok/0012.bmp,0,0.06676332652568817,
TRI_E_L,62,01/test/ok/0013.bmp,0,0.08418367058038712,
TRI_E_L,63,01/test/ok/0014.bmp,0,0.0698448047041893,
TRI_E_L,64,01/test/ok/0015.bmp,0,0.07745470106601715,
TRI_E_L,65,01/test/ok/0016.bmp,0,0.08554833382368088,
TRI_E_L,66,01/test/ok/0017.bmp,0,0.07244864851236343,
TRI_E_L,67,01/test/ok/0018.bmp,0,0.11318549513816833,
TRI_E_L,68,01/test/ok/0019.bmp,0,0.060785211622714996,
TRI_E_L,69,01/test/ok/0020.bmp,0,0.10410390049219131,
BAL_E_J,0,01/test/ko/0000.bmp,1,0.2426079511642456,0.7341075621938379
BAL_E_J,1,01/test/ko/0001.bmp,1,0.3082614243030548,0.55348096824974
BAL_E_J,2,01/test/ko/0002.bmp,1,0.19617067277431488,0.3404390366871618
BAL_E_J,3,01/test/ko/0003.bmp,1,0.1588810384273529,0.4031593610147891
BAL_E_J,4,01/test/ko/0004.bmp,1,0.18714430928230286,0.26653287955506066
BAL_E_J,5,01/test/ko/0005.bmp,1,0.27758339047431946,0.4351528521875692
BAL_E_J,6,01/test/ko/0006.bmp,1,0.31434646248817444,0.770457583195912
BAL_E_J,7,01/test/ko/0007.bmp,1,0.21597084403038025,0.46248588190741635
BAL_E_J,8,01/test/ko/0008.bmp,1,0.2522072196006775,0.7300965304599242
BAL_E_J,9,01/test/ko/0009.bmp,1,0.1232406347990036,0.052096708019002944
BAL_E_J,10,01/test/ko/0010.bmp,1,0.3178878426551819,0.552437681682755
BAL_E_J,11,01/test/ko/0011.bmp,1,0.12702813744544983,0.04315619797081467
BAL_E_J,12,01/test/ko/0012.bmp,1,0.21110709011554718,0.6651186237192167
BAL_E_J,13,01/test/ko/0013.bmp,1,0.17711901664733887,0.635129711156471
BAL_E_J,14,01/test/ko/0014.bmp,1,0.25327569246292114,0.6979384306814986
BAL_E_J,15,01/test/ko/0015.bmp,1,0.26482242345809937,0.6324199415004181
BAL_E_J,16,01/test/ko/0016.bmp,1,0.2670002281665802,0.810244751826528
BAL_E_J,17,01/test/ko/0017.bmp,1,0.17072021961212158,0.5347353699531388
BAL_E_J,18,01/test/ko/0018.bmp,1,0.17292723059654236,0.425091000737035
BAL_E_J,19,01/test/ko/0019.bmp,1,0.17736519873142242,0.7290092685092685
BAL_E_J,20,01/test/ko/0020.bmp,1,0.21850590407848358,0.3807021617460919
BAL_E_J,21,01/test/ko/0021.bmp,1,0.10607399046421051,0.05809196945849428
BAL_E_J,22,01/test/ko/0022.bmp,1,0.2707701027393341,0.48931510931139854
BAL_E_J,23,01/test/ko/0023.bmp,1,0.17111732065677643,0.4848150323836491
BAL_E_J,24,01/test/ko/0024.bmp,1,0.2759646773338318,0.7174985657822457
BAL_E_J,25,01/test/ko/0025.bmp,1,0.17010772228240967,0.4264689025020712
BAL_E_J,26,01/test/ko/0026.bmp,1,0.2506825029850006,0.7386331827699696
BAL_E_J,27,01/test/ko/0028.bmp,1,0.368894100189209,0.7715304602313987
BAL_E_J,28,01/test/ko/0029.bmp,1,0.22228550910949707,0.5869847806456645
BAL_E_J,29,01/test/ko/0030.bmp,1,0.15232308208942413,0.20985153493596598
BAL_E_J,30,01/test/ko/0031.bmp,1,0.09721002727746964,0.0057907153761003706
BAL_E_J,31,01/test/ko/0032.bmp,1,0.2987895905971527,0.754687820129841
BAL_E_J,32,01/test/ko/0033.bmp,1,0.08538499474525452,0.23934866053763001
BAL_E_J,33,01/test/ko/0034.bmp,1,0.13528692722320557,0.46914839223865196
BAL_E_J,34,01/test/ko/0035.bmp,1,0.3360596001148224,0.5730022018024489
BAL_E_J,35,01/test/ko/0036.bmp,1,0.25797662138938904,0.7334846286640319
BAL_E_J,36,01/test/ko/0037.bmp,1,0.21575959026813507,0.6324284137679129
BAL_E_J,37,01/test/ko/0038.bmp,1,0.11729114502668381,0.05665658333177101
BAL_E_J,38,01/test/ko/0039.bmp,1,0.2852802276611328,0.8822278170885249
BAL_E_J,39,01/test/ko/0040.bmp,1,0.20256589353084564,0.7599706603011529
BAL_E_J,40,01/test/ko/0041.bmp,1,0.3484644293785095,0.8436963812899486
BAL_E_J,41,01/test/ko/0042.bmp,1,0.11903438717126846,0.750611620795107
BAL_E_J,42,01/test/ko/0043.bmp,1,0.31124159693717957,0.7474255181399471
BAL_E_J,43,01/test/ko/0044.bmp,1,0.19463856518268585,0.3438323606275639
BAL_E_J,44,01/test/ko/0045.bmp,1,0.13443656265735626,0.39996681724720773
BAL_E_J,45,01/test/ko/0046.bmp,1,0.0866895318031311,0.04706859232721301
BAL_E_J,46,01/test/ko/0047.bmp,1,0.3297435939311981,0.6616889544627779
BAL_E_J,47,01/test/ko/0048.bmp,1,0.2553536295890808,0.7074002177097358
BAL_E_J,48,01/test/ko/0049.bmp,1,0.24008134007453918,0.7700499619674621
BAL_E_J,49,01/test/ok/0000.bmp,0,0.08014314621686935,
BAL_E_J,50,01/test/ok/0001.bmp,0,0.09857098758220673,
BAL_E_J,51,01/test/ok/0002.bmp,0,0.09172531217336655,
BAL_E_J,52,01/test/ok/0003.bmp,0,0.08709746599197388,
BAL_E_J,53,01/test/ok/0004.bmp,0,0.09443240612745285,
BAL_E_J,54,01/test/ok/0005.bmp,0,0.09595188498497009,
BAL_E_J,55,01/test/ok/0006.bmp,0,0.07828755676746368,
BAL_E_J,56,01/test/ok/0007.bmp,0,0.11565551906824112,
BAL_E_J,57,01/test/ok/0008.bmp,0,0.08633042871952057,
BAL_E_J,58,01/test/ok/0009.bmp,0,0.08510304987430573,
BAL_E_J,59,01/test/ok/0010.bmp,0,0.0926150530576706,
BAL_E_J,60,01/test/ok/0011.bmp,0,0.09734467417001724,
BAL_E_J,61,01/test/ok/0012.bmp,0,0.08817437291145325,
BAL_E_J,62,01/test/ok/0013.bmp,0,0.08845554292201996,
BAL_E_J,63,01/test/ok/0014.bmp,0,0.09038613736629486,
BAL_E_J,64,01/test/ok/0015.bmp,0,0.09046647697687149,
BAL_E_J,65,01/test/ok/0016.bmp,0,0.0997522696852684,
BAL_E_J,66,01/test/ok/0017.bmp,0,0.08864744752645493,
BAL_E_J,67,01/test/ok/0018.bmp,0,0.10440929979085922,
BAL_E_J,68,01/test/ok/0019.bmp,0,0.08450838178396225,
BAL_E_J,69,01/test/ok/0020.bmp,0,0.09977798163890839,
BAL_E_L,0,01/test/ko/0000.bmp,1,0.2247852236032486,0.7421120417223023
BAL_E_L,1,01/test/ko/0001.bmp,1,0.28493165969848633,0.5711639777941226
BAL_E_L,2,01/test/ko/0002.bmp,1,0.18452154099941254,0.37285300198090393
BAL_E_L,3,01/test/ko/0003.bmp,1,0.14214825630187988,0.40986774568206513
BAL_E_L,4,01/test/ko/0004.bmp,1,0.17402125895023346,0.2673654336643347
BAL_E_L,5,01/test/ko/0005.bmp,1,0.25578582286834717,0.4252264941492417
BAL_E_L,6,01/test/ko/0006.bmp,1,0.29630306363105774,0.7807406318652846
BAL_E_L,7,01/test/ko/0007.bmp,1,0.20382289588451385,0.4551937794025258
BAL_E_L,8,01/test/ko/0008.bmp,1,0.2374974936246872,0.747429817691391
BAL_E_L,9,01/test/ko/0009.bmp,1,0.09619101136922836,0.07591922417724212
BAL_E_L,10,01/test/ko/0010.bmp,1,0.30266159772872925,0.5629552983495343
BAL_E_L,11,01/test/ko/0011.bmp,1,0.0686044692993164,0.19901759806851904
BAL_E_L,12,01/test/ko/0012.bmp,1,0.20277608931064606,0.6819296597320916
BAL_E_L,13,01/test/ko/0013.bmp,1,0.16218307614326477,0.6752473354803717
BAL_E_L,14,01/test/ko/0014.bmp,1,0.23293793201446533,0.7018871781498452
BAL_E_L,15,01/test/ko/0015.bmp,1,0.24735476076602936,0.6347066403506079
BAL_E_L,16,01/test/ko/0016.bmp,1,0.24685488641262054,0.8081163355684642
BAL_E_L,17,01/test/ko/0017.bmp,1,0.15251092612743378,0.6184033799195885
BAL_E_L,18,01/test/ko/0018.bmp,1,0.16079303622245789,0.43734149916581117
BAL_E_L,19,01/test/ko/0019.bmp,1,0.1580641120672226,0.7450137085137085
BAL_E_L,20,01/test/ko/0020.bmp,1,0.2057163566350937,0.38550097143060397
BAL_E_L,21,01/test/ko/0021.bmp,1,0.08029419928789139,0.10408225726168474
BAL_E_L,22,01/test/ko/0022.bmp,1,0.2407541424036026,0.5248350554843094
BAL_E_L,23,01/test/ko/0023.bmp,1,0.16175873577594757,0.5601231880427064
BAL_E_L,24,01/test/ko/0024.bmp,1,0.2601742446422577,0.7300978469595371
BAL_E_L,25,01/test/ko/0025.bmp,1,0.15742066502571106,0.46445517034802053
BAL_E_L,26,01/test/ko/0026.bmp,1,0.22906045615673065,0.7636902019512026
BAL_E_L,27,01/test/ko/0028.bmp,1,0.343692809343338,0.7772549742454361
BAL_E_L,28,01/test/ko/0029.bmp,1,0.20662616193294525,0.6112637139950948
BAL_E_L,29,01/test/ko/0030.bmp,1,0.12979792058467865,0.2650051363272689
BAL_E_L,30,01/test/ko/0031.bmp,1,0.060212720185518265,0.016748529133346277
BAL_E_L,31,01/test/ko/0032.bmp,1,0.2792699933052063,0.774077241880629
BAL_E_L,32,01/test/ko/0033.bmp,1,0.07152607291936874,0.3982745098039216
BAL_E_L,33,01/test/ko/0034.bmp,1,0.1193065494298935,0.5145840203588002
BAL_E_L,34,01/test/ko/0035.bmp,1,0.31421682238578796,0.5871972411227366
BAL_E_L,35,01/test/ko/0036.bmp,1,0.23043200373649597,0.767421832740975
BAL_E_L,36,01/test/ko/0037.bmp,1,0.1912676841020584,0.6512193977729303
BAL_E_L,37,01/test/ko/0038.bmp,1,0.10077377408742905,0.09887525447120346
BAL_E_L,38,01/test/ko/0039.bmp,1,0.2535823583602905,0.8920129586855842
BAL_E_L,39,01/test/ko/0040.bmp,1,0.18144501745700836,0.7791608049961224
BAL_E_L,40,01/test/ko/0041.bmp,1,0.3277897536754608,0.8427584672303047
BAL_E_L,41,01/test/ko/0042.bmp,1,0.10090692341327667,0.7506830601092896
BAL_E_L,42,01/test/ko/0043.bmp,1,0.29578566551208496,0.7450481471875271
BAL_E_L,43,01/test/ko/0044.bmp,1,0.18533705174922943,0.37057239051552465
BAL_E_L,44,01/test/ko/0045.bmp,1,0.1280675083398819,0.5203014683622074
BAL_E_L,45,01/test/ko/0046.bmp,1,0.06056276708841324,0.14761904761904762
BAL_E_L,46,01/test/ko/0047.bmp,1,0.3120792806148529,0.6838456080182106
BAL_E_L,47,01/test/ko/0048.bmp,1,0.23405732214450836,0.7186692286797666
BAL_E_L,48,01/test/ko/0049.bmp,1,0.22330407798290253,0.7945954194318117
BAL_E_L,49,01/test/ok/0000.bmp,0,0.05215223878622055,
BAL_E_L,50,01/test/ok/0001.bmp,0,0.07642493396997452,
BAL_E_L,51,01/test/ok/0002.bmp,0,0.057331062853336334,
BAL_E_L,52,01/test/ok/0003.bmp,0,0.05242646485567093,
BAL_E_L,53,01/test/ok/0004.bmp,0,0.0637686476111412,
BAL_E_L,54,01/test/ok/0005.bmp,0,0.07278112322092056,
BAL_E_L,55,01/test/ok/0006.bmp,0,0.06306368857622147,
BAL_E_L,56,01/test/ok/0007.bmp,0,0.06516911089420319,
BAL_E_L,57,01/test/ok/0008.bmp,0,0.061860520392656326,
BAL_E_L,58,01/test/ok/0009.bmp,0,0.06390208750963211,
BAL_E_L,59,01/test/ok/0010.bmp,0,0.06980021297931671,
BAL_E_L,60,01/test/ok/0011.bmp,0,0.06536100804805756,
BAL_E_L,61,01/test/ok/0012.bmp,0,0.05644749104976654,
BAL_E_L,62,01/test/ok/0013.bmp,0,0.06628385931253433,
BAL_E_L,63,01/test/ok/0014.bmp,0,0.05799165368080139,
BAL_E_L,64,01/test/ok/0015.bmp,0,0.0634460598230362,
BAL_E_L,65,01/test/ok/0016.bmp,0,0.07007455825805664,
BAL_E_L,66,01/test/ok/0017.bmp,0,0.06081564351916313,
BAL_E_L,67,01/test/ok/0018.bmp,0,0.09008786082267761,
BAL_E_L,68,01/test/ok/0019.bmp,0,0.05031399428844452,
BAL_E_L,69,01/test/ok/0020.bmp,0,0.08505354821681976,
