dataset,seed,shot,contrast,category,point_delta,direction
btad,0,1,A1_L - A1_J,01,0.011435351992491571,positive
btad,0,1,A1_L - A1_J,02,0.005260977157700575,positive
btad,0,1,A1_L - A1_J,03,0.010837484048289325,positive
btad,0,1,A1_L - A1_J,__macro__,0.009177937732827157,positive
btad,0,1,TRI_L - TRI_J,01,0.012553549789663498,positive
btad,0,1,TRI_L - TRI_J,02,0.005287153182341742,positive
btad,0,1,TRI_L - TRI_J,03,0.00578247931111775,positive
btad,0,1,TRI_L - TRI_J,__macro__,0.00787439409437433,positive
btad,0,1,BAL_L - BAL_J,01,0.0163791380264644,positive
btad,0,1,BAL_L - BAL_J,02,0.005892944128275013,positive
btad,0,1,BAL_L - BAL_J,03,0.00486039904771951,positive
btad,0,1,BAL_L - BAL_J,__macro__,0.009044160400819642,positive
btad,0,1,DUP_L - DUP_J,01,0.00818753134140704,positive
btad,0,1,DUP_L - DUP_J,02,0.004714337017309944,positive
btad,0,1,DUP_L - DUP_J,03,0.007428312798825054,positive
btad,0,1,DUP_L - DUP_J,__macro__,0.006776727052514013,positive
btad,0,1,DUP_J - A1_J,01,-0.01100903360144423,negative
btad,0,1,DUP_J - A1_J,02,-0.01352546517195996,negative
btad,0,1,DUP_J - A1_J,03,-0.003734508669316572,negative
btad,0,1,DUP_J - A1_J,__macro__,-0.00942300248090692,negative
btad,0,1,TRI_J - DUP_J,01,-0.01598969625346236,negative
btad,0,1,TRI_J - DUP_J,02,0.051960876349052776,positive
btad,0,1,TRI_J - DUP_J,03,0.0344527950860779,positive
btad,0,1,TRI_J - DUP_J,__macro__,0.02347465839388944,positive
btad,0,1,TRI_L - DUP_L,01,-0.011623677805205901,negative
btad,0,1,TRI_L - DUP_L,02,0.05253369251408457,positive
btad,0,1,TRI_L - DUP_L,03,0.0328069615983706,positive
btad,0,1,TRI_L - DUP_L,__macro__,0.024572325435749758,positive
btad,0,1,BAL_J - A1_J,01,-0.014902307512101531,negative
btad,0,1,BAL_J - A1_J,02,0.04227347294074113,positive
btad,0,1,BAL_J - A1_J,03,0.023540365083592807,positive
btad,0,1,BAL_J - A1_J,__macro__,0.016970510170744135,positive
btad,0,1,BAL_L - A1_L,01,-0.009958521478128701,negative
btad,0,1,BAL_L - A1_L,02,0.04290543991131557,positive
btad,0,1,BAL_L - A1_L,03,0.017563280083022992,positive
btad,0,1,BAL_L - A1_L,__macro__,0.01683673283873662,positive
btad,0,2,A1_L - A1_J,01,0.007939374250113929,positive
btad,0,2,A1_L - A1_J,02,0.009417724717779574,positive
btad,0,2,A1_L - A1_J,03,0.01474001376693479,positive
btad,0,2,A1_L - A1_J,__macro__,0.010699037578276097,positive
btad,0,2,TRI_L - TRI_J,01,0.000736406216619856,positive
btad,0,2,TRI_L - TRI_J,02,0.008620151733921055,positive
btad,0,2,TRI_L - TRI_J,03,0.008471361088137064,positive
btad,0,2,TRI_L - TRI_J,__macro__,0.005942639679559325,positive
btad,0,2,BAL_L - BAL_J,01,0.004518525735302981,positive
btad,0,2,BAL_L - BAL_J,02,0.01057156656064051,positive
btad,0,2,BAL_L - BAL_J,03,0.011507992460916161,positive
btad,0,2,BAL_L - BAL_J,__macro__,0.00886602825228655,positive
btad,0,2,DUP_L - DUP_J,01,0.005877302210635427,positive
btad,0,2,DUP_L - DUP_J,02,0.006481143134719924,positive
btad,0,2,DUP_L - DUP_J,03,0.008352276800866587,positive
btad,0,2,DUP_L - DUP_J,__macro__,0.006903574048740646,positive
btad,0,2,DUP_J - A1_J,01,-0.01196251635100587,negative
btad,0,2,DUP_J - A1_J,02,-0.012051975233999812,negative
btad,0,2,DUP_J - A1_J,03,0.003224754339714697,positive
btad,0,2,DUP_J - A1_J,__macro__,-0.006929912415096995,negative
btad,0,2,TRI_J - DUP_J,01,-0.025085769646576273,negative
btad,0,2,TRI_J - DUP_J,02,0.04448192077485191,positive
btad,0,2,TRI_J - DUP_J,03,0.010943821960640698,positive
btad,0,2,TRI_J - DUP_J,__macro__,0.010113324362972112,positive
btad,0,2,TRI_L - DUP_L,01,-0.030226665640591843,negative
btad,0,2,TRI_L - DUP_L,02,0.046620929374053044,positive
btad,0,2,TRI_L - DUP_L,03,0.011062906247911175,positive
btad,0,2,TRI_L - DUP_L,__macro__,0.009152389993790791,positive
btad,0,2,BAL_J - A1_J,01,-0.021440147852765268,negative
btad,0,2,BAL_J - A1_J,02,0.03676378618713594,positive
btad,0,2,BAL_J - A1_J,03,0.0020009208839427695,positive
btad,0,2,BAL_J - A1_J,__macro__,0.005774853072771147,positive
btad,0,2,BAL_L - A1_L,01,-0.024860996367576216,negative
btad,0,2,BAL_L - A1_L,02,0.037917628029996875,positive
btad,0,2,BAL_L - A1_L,03,-0.0012311004220758592,negative
btad,0,2,BAL_L - A1_L,__macro__,0.0039418437467816,positive
btad,0,4,A1_L - A1_J,01,0.00942212238961948,positive
btad,0,4,A1_L - A1_J,02,0.009035130147001635,positive
btad,0,4,A1_L - A1_J,03,0.015281639234819733,positive
btad,0,4,A1_L - A1_J,__macro__,0.01124629725714695,positive
btad,0,4,TRI_L - TRI_J,01,-0.0003593659852574316,negative
btad,0,4,TRI_L - TRI_J,02,0.0062666732910288125,positive
btad,0,4,TRI_L - TRI_J,03,0.0065787517745526936,positive
btad,0,4,TRI_L - TRI_J,__macro__,0.0041620196934413585,positive
btad,0,4,BAL_L - BAL_J,01,0.004156712057990397,positive
btad,0,4,BAL_L - BAL_J,02,0.008184861075132832,positive
btad,0,4,BAL_L - BAL_J,03,0.011792773698974357,positive
btad,0,4,BAL_L - BAL_J,__macro__,0.008044782277365862,positive
btad,0,4,DUP_L - DUP_J,01,0.007249555378007866,positive
btad,0,4,DUP_L - DUP_J,02,0.006422076290281908,positive
btad,0,4,DUP_L - DUP_J,03,0.008004053695608748,positive
btad,0,4,DUP_L - DUP_J,__macro__,0.007225228454632841,positive
btad,0,4,DUP_J - A1_J,01,-0.009536966125672564,negative
btad,0,4,DUP_J - A1_J,02,-0.012402464216044407,negative
btad,0,4,DUP_J - A1_J,03,0.000542050990475329,positive
btad,0,4,DUP_J - A1_J,__macro__,-0.007132459783747214,negative
btad,0,4,TRI_J - DUP_J,01,-0.01768594447207894,negative
btad,0,4,TRI_J - DUP_J,02,0.04337443025362753,positive
btad,0,4,TRI_J - DUP_J,03,0.005727712304821941,positive
btad,0,4,TRI_J - DUP_J,__macro__,0.010472066028790175,positive
btad,0,4,TRI_L - DUP_L,01,-0.025294865835344238,negative
btad,0,4,TRI_L - DUP_L,02,0.04321902725437443,positive
btad,0,4,TRI_L - DUP_L,03,0.004302410383765887,positive
btad,0,4,TRI_L - DUP_L,__macro__,0.007408857267598694,positive
btad,0,4,BAL_J - A1_J,01,-0.01703717208836364,negative
btad,0,4,BAL_J - A1_J,02,0.036092800141776626,positive
btad,0,4,BAL_J - A1_J,03,-0.0027083678822480417,negative
btad,0,4,BAL_J - A1_J,__macro__,0.005449086723721648,positive
btad,0,4,BAL_L - A1_L,01,-0.022302582419992723,negative
btad,0,4,BAL_L - A1_L,02,0.03524253106990782,positive
btad,0,4,BAL_L - A1_L,03,-0.0061972334180934174,negative
btad,0,4,BAL_L - A1_L,__macro__,0.002247571743940561,positive
btad,0,8,A1_L - A1_J,01,0.009039806455245047,positive
btad,0,8,A1_L - A1_J,02,0.008566642514925338,positive
btad,0,8,A1_L - A1_J,03,0.008858599577360349,positive
btad,0,8,A1_L - A1_J,__macro__,0.008821682849176912,positive
btad,0,8,TRI_L - TRI_J,01,0.0024119268114115577,positive
btad,0,8,TRI_L - TRI_J,02,0.00560157005541817,positive
btad,0,8,TRI_L - TRI_J,03,0.0038603155878103035,positive
btad,0,8,TRI_L - TRI_J,__macro__,0.00395793748488001,positive
btad,0,8,BAL_L - BAL_J,01,0.004495164185866596,positive
btad,0,8,BAL_L - BAL_J,02,0.008633965743204852,positive
btad,0,8,BAL_L - BAL_J,03,0.004627599451691222,positive
btad,0,8,BAL_L - BAL_J,__macro__,0.005918909793587557,positive
btad,0,8,DUP_L - DUP_J,01,0.00699497380554337,positive
btad,0,8,DUP_L - DUP_J,02,0.005800876987876347,positive
btad,0,8,DUP_L - DUP_J,03,0.006602509900085818,positive
btad,0,8,DUP_L - DUP_J,__macro__,0.006466120231168511,positive
btad,0,8,DUP_J - A1_J,01,-0.004917948563750385,negative
btad,0,8,DUP_J - A1_J,02,-0.015157394186725459,negative
btad,0,8,DUP_J - A1_J,03,-0.004882377378207847,negative
btad,0,8,DUP_J - A1_J,__macro__,-0.008319240042894563,negative
btad,0,8,TRI_J - DUP_J,01,-0.019922846996647037,negative
btad,0,8,TRI_J - DUP_J,02,0.04562140983938767,positive
btad,0,8,TRI_J - DUP_J,03,-0.0008902438326479079,negative
btad,0,8,TRI_J - DUP_J,__macro__,0.00826943967003091,positive
btad,0,8,TRI_L - DUP_L,01,-0.02450589399077885,negative
btad,0,8,TRI_L - DUP_L,02,0.045422102906929496,positive
btad,0,8,TRI_L - DUP_L,03,-0.003632438144923422,negative
btad,0,8,TRI_L - DUP_L,__macro__,0.005761256923742408,positive
btad,0,8,BAL_J - A1_J,01,-0.018640460149455862,negative
btad,0,8,BAL_J - A1_J,02,0.0373804292578821,positive
btad,0,8,BAL_J - A1_J,03,-0.00749421559360941,negative
btad,0,8,BAL_J - A1_J,__macro__,0.003748584504938942,positive
btad,0,8,BAL_L - A1_L,01,-0.023185102418834314,negative
btad,0,8,BAL_L - A1_L,02,0.03744775248616161,positive
btad,0,8,BAL_L - A1_L,03,-0.011725215719278537,negative
btad,0,8,BAL_L - A1_L,__macro__,0.0008458114493495872,positive
btad,1,1,A1_L - A1_J,01,0.003380779402127332,positive
btad,1,1,A1_L - A1_J,02,0.009696024605695186,positive
btad,1,1,A1_L - A1_J,03,0.011465562381062333,positive
btad,1,1,A1_L - A1_J,__macro__,0.00818078879629495,positive
btad,1,1,TRI_L - TRI_J,01,0.006612243267472784,positive
btad,1,1,TRI_L - TRI_J,02,0.010351524460628259,positive
btad,1,1,TRI_L - TRI_J,03,0.008885918530061265,positive
btad,1,1,TRI_L - TRI_J,__macro__,0.008616562086054103,positive
btad,1,1,BAL_L - BAL_J,01,0.007689971265444351,positive
btad,1,1,BAL_L - BAL_J,02,0.011300075259467857,positive
btad,1,1,BAL_L - BAL_J,03,0.010581767034055112,positive
btad,1,1,BAL_L - BAL_J,__macro__,0.00985727118632244,positive
btad,1,1,DUP_L - DUP_J,01,0.0028173927976251623,positive
btad,1,1,DUP_L - DUP_J,02,0.0072612406151495446,positive
btad,1,1,DUP_L - DUP_J,03,0.007903054625644557,positive
btad,1,1,DUP_L - DUP_J,__macro__,0.005993896012806421,positive
btad,1,1,DUP_J - A1_J,01,-0.008917279143853651,negative
btad,1,1,DUP_J - A1_J,02,-0.016043353371636315,negative
btad,1,1,DUP_J - A1_J,03,-0.006702595818363299,negative
btad,1,1,DUP_J - A1_J,__macro__,-0.010554409444617755,negative
btad,1,1,TRI_J - DUP_J,01,-0.025404862585863608,negative
btad,1,1,TRI_J - DUP_J,02,0.060967606228307436,positive
btad,1,1,TRI_J - DUP_J,03,0.010258322065018755,positive
btad,1,1,TRI_J - DUP_J,__macro__,0.015273688569154195,positive
btad,1,1,TRI_L - DUP_L,01,-0.021610012116015986,negative
btad,1,1,TRI_L - DUP_L,02,0.06405789007378615,positive
btad,1,1,TRI_L - DUP_L,03,0.011241185969435463,positive
btad,1,1,TRI_L - DUP_L,__macro__,0.017896354642401874,positive
btad,1,1,BAL_J - A1_J,01,-0.024140339894336393,negative
btad,1,1,BAL_J - A1_J,02,0.05131417907353886,positive
btad,1,1,BAL_J - A1_J,03,0.001007872638804752,positive
btad,1,1,BAL_J - A1_J,__macro__,0.009393903939335738,positive
btad,1,1,BAL_L - A1_L,01,-0.019831148031019374,negative
btad,1,1,BAL_L - A1_L,02,0.05291822972731153,positive
btad,1,1,BAL_L - A1_L,03,0.0001240772917975308,positive
btad,1,1,BAL_L - A1_L,__macro__,0.011070386329363227,positive
btad,1,2,A1_L - A1_J,01,0.0028455094854958896,positive
btad,1,2,A1_L - A1_J,02,0.011765495026686112,positive
btad,1,2,A1_L - A1_J,03,0.00851908612892427,positive
btad,1,2,A1_L - A1_J,__macro__,0.00771003021370209,positive
btad,1,2,TRI_L - TRI_J,01,0.008330670275907726,positive
btad,1,2,TRI_L - TRI_J,02,0.008095677476021579,positive
btad,1,2,TRI_L - TRI_J,03,0.00735787979369007,positive
btad,1,2,TRI_L - TRI_J,__macro__,0.007928075848539792,positive
btad,1,2,BAL_L - BAL_J,01,0.009839916011448513,positive
btad,1,2,BAL_L - BAL_J,02,0.009115879817349737,positive
btad,1,2,BAL_L - BAL_J,03,0.00803632173354385,positive
btad,1,2,BAL_L - BAL_J,__macro__,0.0089973725207807,positive
btad,1,2,DUP_L - DUP_J,01,0.0020534155045417446,positive
btad,1,2,DUP_L - DUP_J,02,0.009632440326925784,positive
btad,1,2,DUP_L - DUP_J,03,0.005607566022468258,positive
btad,1,2,DUP_L - DUP_J,__macro__,0.0057644739513119285,positive
btad,1,2,DUP_J - A1_J,01,-0.008371102527427898,negative
btad,1,2,DUP_J - A1_J,02,-0.016353201950778495,negative
btad,1,2,DUP_J - A1_J,03,-0.008860988988461771,negative
btad,1,2,DUP_J - A1_J,__macro__,-0.011195097822222722,negative
btad,1,2,TRI_J - DUP_J,01,-0.0197977406924007,negative
btad,1,2,TRI_J - DUP_J,02,0.061075828189849024,positive
btad,1,2,TRI_J - DUP_J,03,0.0038124921955461355,positive
btad,1,2,TRI_J - DUP_J,__macro__,0.015030193230998154,positive
btad,1,2,TRI_L - DUP_L,01,-0.01352048592103472,negative
btad,1,2,TRI_L - DUP_L,02,0.05953906533894482,positive
btad,1,2,TRI_L - DUP_L,03,0.0055628059667679475,positive
btad,1,2,TRI_L - DUP_L,__macro__,0.017193795128226014,positive
btad,1,2,BAL_J - A1_J,01,-0.020917235827298764,negative
btad,1,2,BAL_J - A1_J,02,0.05134776276575059,positive
btad,1,2,BAL_J - A1_J,03,-0.005100956543180768,negative
btad,1,2,BAL_J - A1_J,__macro__,0.00844319013175702,positive
btad,1,2,BAL_L - A1_L,01,-0.01392282930134614,negative
btad,1,2,BAL_L - A1_L,02,0.04869814755641422,positive
btad,1,2,BAL_L - A1_L,03,-0.0055837209385611875,negative
btad,1,2,BAL_L - A1_L,__macro__,0.00973053243883563,positive
btad,1,4,A1_L - A1_J,01,0.0029012637472154434,positive
btad,1,4,A1_L - A1_J,02,0.007877843496790438,positive
btad,1,4,A1_L - A1_J,03,0.00889278263043436,positive
btad,1,4,A1_L - A1_J,__macro__,0.0065572966248134135,positive
btad,1,4,TRI_L - TRI_J,01,0.003343828325647391,positive
btad,1,4,TRI_L - TRI_J,02,0.00010112594480204962,positive
btad,1,4,TRI_L - TRI_J,03,0.008041546846453085,positive
btad,1,4,TRI_L - TRI_J,__macro__,0.003828833705634175,positive
btad,1,4,BAL_L - BAL_J,01,0.003710947707554202,positive
btad,1,4,BAL_L - BAL_J,02,0.0009222861505445712,positive
btad,1,4,BAL_L - BAL_J,03,0.010404756822408712,positive
btad,1,4,BAL_L - BAL_J,__macro__,0.005012663560169162,positive
btad,1,4,DUP_L - DUP_J,01,0.002150365094091833,positive
btad,1,4,DUP_L - DUP_J,02,0.007347804285569692,positive
btad,1,4,DUP_L - DUP_J,03,0.003798436613070555,positive
btad,1,4,DUP_L - DUP_J,__macro__,0.00443220199757736,positive
btad,1,4,DUP_J - A1_J,01,-0.007094903104770234,negative
btad,1,4,DUP_J - A1_J,02,-0.020712261296081835,negative
btad,1,4,DUP_J - A1_J,03,-0.004577635942127234,negative
btad,1,4,DUP_J - A1_J,__macro__,-0.010794933447659768,negative
btad,1,4,TRI_J - DUP_J,01,-0.01830415569686039,negative
btad,1,4,TRI_J - DUP_J,02,0.07674390205808401,positive
btad,1,4,TRI_J - DUP_J,03,0.005212133301356836,positive
btad,1,4,TRI_J - DUP_J,__macro__,0.02121729322086015,positive
btad,1,4,TRI_L - DUP_L,01,-0.017110692465304833,negative
btad,1,4,TRI_L - DUP_L,02,0.06949722371731637,positive
btad,1,4,TRI_L - DUP_L,03,0.009455243534739366,positive
btad,1,4,TRI_L - DUP_L,__macro__,0.020613924928916966,positive
btad,1,4,BAL_J - A1_J,01,-0.018064696749273024,negative
btad,1,4,BAL_J - A1_J,02,0.0646386339111491,positive
btad,1,4,BAL_J - A1_J,03,-0.0029449150935948465,negative
btad,1,4,BAL_J - A1_J,__macro__,0.014543007356093743,positive
btad,1,4,BAL_L - A1_L,01,-0.017255012788934265,negative
btad,1,4,BAL_L - A1_L,02,0.057683076564903235,positive
btad,1,4,BAL_L - A1_L,03,-0.0014329409016204941,negative
btad,1,4,BAL_L - A1_L,__macro__,0.012998374291449491,positive
btad,1,8,A1_L - A1_J,01,0.002188161981600323,positive
btad,1,8,A1_L - A1_J,02,0.0035776600542274384,positive
btad,1,8,A1_L - A1_J,03,0.006195805431921775,positive
btad,1,8,A1_L - A1_J,__macro__,0.003987209155916512,positive
btad,1,8,TRI_L - TRI_J,01,0.0007616495007068957,positive
btad,1,8,TRI_L - TRI_J,02,-0.0031759712954053665,negative
btad,1,8,TRI_L - TRI_J,03,0.003967295114342129,positive
btad,1,8,TRI_L - TRI_J,__macro__,0.0005176577732145526,positive
btad,1,8,BAL_L - BAL_J,01,0.001768114617219263,positive
btad,1,8,BAL_L - BAL_J,02,-0.002460269844729912,negative
btad,1,8,BAL_L - BAL_J,03,0.004557592396373988,positive
btad,1,8,BAL_L - BAL_J,__macro__,0.0012884790562877797,positive
btad,1,8,DUP_L - DUP_J,01,0.0020521955670067538,positive
btad,1,8,DUP_L - DUP_J,02,0.004168445683405797,positive
btad,1,8,DUP_L - DUP_J,03,0.0030481330912195403,positive
btad,1,8,DUP_L - DUP_J,__macro__,0.003089591447210697,positive
btad,1,8,DUP_J - A1_J,01,-0.007626590086595164,negative
btad,1,8,DUP_J - A1_J,02,-0.02108655467254139,negative
btad,1,8,DUP_J - A1_J,03,-0.008352804325163943,negative
btad,1,8,DUP_J - A1_J,__macro__,-0.0123553163614335,negative
btad,1,8,TRI_J - DUP_J,01,-0.02048758265823858,negative
btad,1,8,TRI_J - DUP_J,02,0.07369457696433901,positive
btad,1,8,TRI_J - DUP_J,03,0.003551319912388662,positive
btad,1,8,TRI_J - DUP_J,__macro__,0.018919438072829697,positive
btad,1,8,TRI_L - DUP_L,01,-0.021778128724538437,negative
btad,1,8,TRI_L - DUP_L,02,0.06635015998552785,positive
btad,1,8,TRI_L - DUP_L,03,0.00447048193551125,positive
btad,1,8,TRI_L - DUP_L,__macro__,0.016347504398833552,positive
btad,1,8,BAL_J - A1_J,01,-0.020260209060310563,negative
btad,1,8,BAL_J - A1_J,02,0.061532603095098226,positive
btad,1,8,BAL_J - A1_J,03,-0.0034772837015107916,negative
btad,1,8,BAL_J - A1_J,__macro__,0.012598370111092291,positive
btad,1,8,BAL_L - A1_L,01,-0.020680256424691623,negative
btad,1,8,BAL_L - A1_L,02,0.055494673196140876,positive
btad,1,8,BAL_L - A1_L,03,-0.005115496737058578,negative
btad,1,8,BAL_L - A1_L,__macro__,0.009899640011463559,positive
mpdd,0,1,A1_L - A1_J,bracket_black,-0.0009280009922710292,negative
mpdd,0,1,A1_L - A1_J,bracket_brown,0.004232743856279052,positive
mpdd,0,1,A1_L - A1_J,bracket_white,0.009356288125184103,positive
mpdd,0,1,A1_L - A1_J,connector,0.005267173756574345,positive
mpdd,0,1,A1_L - A1_J,metal_plate,-0.002072013689501717,negative
mpdd,0,1,A1_L - A1_J,tubes,0.007897063260321913,positive
mpdd,0,1,A1_L - A1_J,__macro__,0.003958875719431112,positive
mpdd,0,1,TRI_L - TRI_J,bracket_black,-0.00040789773991574754,negative
mpdd,0,1,TRI_L - TRI_J,bracket_brown,0.0033076603105771304,positive
mpdd,0,1,TRI_L - TRI_J,bracket_white,0.0018934817079989952,positive
mpdd,0,1,TRI_L - TRI_J,connector,0.010510425338151025,positive
mpdd,0,1,TRI_L - TRI_J,metal_plate,0.0065058892293975434,positive
mpdd,0,1,TRI_L - TRI_J,tubes,0.012424370997936807,positive
mpdd,0,1,TRI_L - TRI_J,__macro__,0.005705654974024292,positive
mpdd,0,1,BAL_L - BAL_J,bracket_black,-0.0006646883601874355,negative
mpdd,0,1,BAL_L - BAL_J,bracket_brown,0.004494385894771705,positive
mpdd,0,1,BAL_L - BAL_J,bracket_white,0.0027985298432796346,positive
mpdd,0,1,BAL_L - BAL_J,connector,0.014382570540586809,positive
mpdd,0,1,BAL_L - BAL_J,metal_plate,0.005497413319146105,positive
mpdd,0,1,BAL_L - BAL_J,tubes,0.018004636542854113,positive
mpdd,0,1,BAL_L - BAL_J,__macro__,0.007418807963408489,positive
mpdd,0,1,DUP_L - DUP_J,bracket_black,-0.0008691209399493034,negative
mpdd,0,1,DUP_L - DUP_J,bracket_brown,0.002889613396062786,positive
mpdd,0,1,DUP_L - DUP_J,bracket_white,0.004278469394718265,positive
mpdd,0,1,DUP_L - DUP_J,connector,0.00446601484796226,positive
mpdd,0,1,DUP_L - DUP_J,metal_plate,-0.003512454511943819,negative
mpdd,0,1,DUP_L - DUP_J,tubes,0.0029438046959462394,positive
mpdd,0,1,DUP_L - DUP_J,__macro__,0.0016993878137994047,positive
mpdd,0,1,DUP_J - A1_J,bracket_black,0.0024452959494448735,positive
mpdd,0,1,DUP_J - A1_J,bracket_brown,0.0011817792086351933,positive
mpdd,0,1,DUP_J - A1_J,bracket_white,-0.0008798553893244326,negative
mpdd,0,1,DUP_J - A1_J,connector,-0.022139092582737357,negative
mpdd,0,1,DUP_J - A1_J,metal_plate,-0.037246563410961664,negative
mpdd,0,1,DUP_J - A1_J,tubes,-0.011523981333436129,negative
mpdd,0,1,DUP_J - A1_J,__macro__,-0.011360402926396585,negative
mpdd,0,1,TRI_J - DUP_J,bracket_black,-0.0018164463314852483,negative
mpdd,0,1,TRI_J - DUP_J,bracket_brown,0.004493655398222392,positive
mpdd,0,1,TRI_J - DUP_J,bracket_white,0.017973434670670738,positive
mpdd,0,1,TRI_J - DUP_J,connector,0.01244542497493753,positive
mpdd,0,1,TRI_J - DUP_J,metal_plate,0.029865953914849253,positive
mpdd,0,1,TRI_J - DUP_J,tubes,-0.028555295371815115,negative
mpdd,0,1,TRI_J - DUP_J,__macro__,0.005734454542563258,positive
mpdd,0,1,TRI_L - DUP_L,bracket_black,-0.0013552231314516924,negative
mpdd,0,1,TRI_L - DUP_L,bracket_brown,0.004911702312736736,positive
mpdd,0,1,TRI_L - DUP_L,bracket_white,0.015588446983951468,positive
mpdd,0,1,TRI_L - DUP_L,connector,0.018489835465126295,positive
mpdd,0,1,TRI_L - DUP_L,metal_plate,0.039884297656190615,positive
mpdd,0,1,TRI_L - DUP_L,tubes,-0.019074729069824548,negative
mpdd,0,1,TRI_L - DUP_L,__macro__,0.009740721702788146,positive
mpdd,0,1,BAL_J - A1_J,bracket_black,-0.0010379261938484059,negative
mpdd,0,1,BAL_J - A1_J,bracket_brown,0.0034219429773244964,positive
mpdd,0,1,BAL_J - A1_J,bracket_white,0.012335757135532893,positive
mpdd,0,1,BAL_J - A1_J,connector,0.007919809691385782,positive
mpdd,0,1,BAL_J - A1_J,metal_plate,0.021302511837085536,positive
mpdd,0,1,BAL_J - A1_J,tubes,-0.029449743432207298,negative
mpdd,0,1,BAL_J - A1_J,__macro__,0.002415392002545501,positive
mpdd,0,1,BAL_L - A1_L,bracket_black,-0.0007746135617648121,negative
mpdd,0,1,BAL_L - A1_L,bracket_brown,0.0036835850158171493,positive
mpdd,0,1,BAL_L - A1_L,bracket_white,0.005777998853628424,positive
mpdd,0,1,BAL_L - A1_L,connector,0.017035206475398246,positive
mpdd,0,1,BAL_L - A1_L,metal_plate,0.028871938845733358,positive
mpdd,0,1,BAL_L - A1_L,tubes,-0.019342170149675098,negative
mpdd,0,1,BAL_L - A1_L,__macro__,0.005875324246522877,positive
mpdd,0,2,A1_L - A1_J,bracket_black,-0.00020845172650938402,negative
mpdd,0,2,A1_L - A1_J,bracket_brown,0.005729504518146744,positive
mpdd,0,2,A1_L - A1_J,bracket_white,0.002427244466485165,positive
mpdd,0,2,A1_L - A1_J,connector,0.02875336912907256,positive
mpdd,0,2,A1_L - A1_J,metal_plate,-0.011574354995038227,negative
mpdd,0,2,A1_L - A1_J,tubes,0.007971857066414678,positive
mpdd,0,2,A1_L - A1_J,__macro__,0.005516528076428589,positive
mpdd,0,2,TRI_L - TRI_J,bracket_black,0.00038859174895342075,positive
mpdd,0,2,TRI_L - TRI_J,bracket_brown,0.004152526514545035,positive
mpdd,0,2,TRI_L - TRI_J,bracket_white,-0.0029474842863350392,negative
mpdd,0,2,TRI_L - TRI_J,connector,0.02746597541915191,positive
mpdd,0,2,TRI_L - TRI_J,metal_plate,-0.00406943907806645,negative
mpdd,0,2,TRI_L - TRI_J,tubes,0.01423376960577516,positive
mpdd,0,2,TRI_L - TRI_J,__macro__,0.006537323320670673,positive
mpdd,0,2,BAL_L - BAL_J,bracket_black,-0.000409939802075817,negative
mpdd,0,2,BAL_L - BAL_J,bracket_brown,0.004875421052750767,positive
mpdd,0,2,BAL_L - BAL_J,bracket_white,0.005903021663490549,positive
mpdd,0,2,BAL_L - BAL_J,connector,0.03522439212159212,positive
mpdd,0,2,BAL_L - BAL_J,metal_plate,-0.0043954552345221165,negative
mpdd,0,2,BAL_L - BAL_J,tubes,0.02057167363965129,positive
mpdd,0,2,BAL_L - BAL_J,__macro__,0.010294852240147798,positive
mpdd,0,2,DUP_L - DUP_J,bracket_black,-3.689376658386548e-05,negative
mpdd,0,2,DUP_L - DUP_J,bracket_brown,0.0036562961553525328,positive
mpdd,0,2,DUP_L - DUP_J,bracket_white,-0.0014780665430855766,negative
mpdd,0,2,DUP_L - DUP_J,connector,0.013150413086301882,positive
mpdd,0,2,DUP_L - DUP_J,metal_plate,-0.01184908605111501,negative
mpdd,0,2,DUP_L - DUP_J,tubes,0.0029568569945569445,positive
mpdd,0,2,DUP_L - DUP_J,__macro__,0.0010665866459044846,positive
mpdd,0,2,DUP_J - A1_J,bracket_black,0.005424370728797376,positive
mpdd,0,2,DUP_J - A1_J,bracket_brown,0.0019520391162652848,positive
mpdd,0,2,DUP_J - A1_J,bracket_white,-0.005370287177199284,negative
mpdd,0,2,DUP_J - A1_J,connector,-0.0020446960616529175,negative
mpdd,0,2,DUP_J - A1_J,metal_plate,-0.04005500652294958,negative
mpdd,0,2,DUP_J - A1_J,tubes,-0.010612244448691577,negative
mpdd,0,2,DUP_J - A1_J,__macro__,-0.008450970727571783,negative
mpdd,0,2,TRI_J - DUP_J,bracket_black,-0.0020110017556193883,negative
mpdd,0,2,TRI_J - DUP_J,bracket_brown,0.0019807467777319746,positive
mpdd,0,2,TRI_J - DUP_J,bracket_white,0.043756668572793395,positive
mpdd,0,2,TRI_J - DUP_J,connector,-0.04919216111312208,negative
mpdd,0,2,TRI_J - DUP_J,metal_plate,0.033512339939166025,positive
mpdd,0,2,TRI_J - DUP_J,tubes,-0.034341752604640785,negative
mpdd,0,2,TRI_J - DUP_J,__macro__,-0.001049193363948477,negative
mpdd,0,2,TRI_L - DUP_L,bracket_black,-0.0015855162400821021,negative
mpdd,0,2,TRI_L - DUP_L,bracket_brown,0.002476977136924477,positive
mpdd,0,2,TRI_L - DUP_L,bracket_white,0.04228725082954393,positive
mpdd,0,2,TRI_L - DUP_L,connector,-0.03487659878027205,negative
mpdd,0,2,TRI_L - DUP_L,metal_plate,0.041291986912214584,positive
mpdd,0,2,TRI_L - DUP_L,tubes,-0.02306483999342257,negative
mpdd,0,2,TRI_L - DUP_L,__macro__,0.004421543310817712,positive
mpdd,0,2,BAL_J - A1_J,bracket_black,-0.0015995231693489657,negative
mpdd,0,2,BAL_J - A1_J,bracket_brown,0.001928095605496144,positive
mpdd,0,2,BAL_J - A1_J,bracket_white,0.021753977616620873,positive
mpdd,0,2,BAL_J - A1_J,connector,-0.0542695649380196,negative
mpdd,0,2,BAL_J - A1_J,metal_plate,0.023492526911273792,positive
mpdd,0,2,BAL_J - A1_J,tubes,-0.03522691147200685,negative
mpdd,0,2,BAL_J - A1_J,__macro__,-0.007320233240997434,negative
mpdd,0,2,BAL_L - A1_L,bracket_black,-0.0018010112449153987,negative
mpdd,0,2,BAL_L - A1_L,bracket_brown,0.0010740121401001668,positive
mpdd,0,2,BAL_L - A1_L,bracket_white,0.025229754813626257,positive
mpdd,0,2,BAL_L - A1_L,connector,-0.04779854194550004,negative
mpdd,0,2,BAL_L - A1_L,metal_plate,0.030671426671789903,positive
mpdd,0,2,BAL_L - A1_L,tubes,-0.02262709489877024,negative
mpdd,0,2,BAL_L - A1_L,__macro__,-0.0025419090772782252,negative
mpdd,0,4,A1_L - A1_J,bracket_black,-0.016826756115100677,negative
mpdd,0,4,A1_L - A1_J,bracket_brown,0.0035116048882503983,positive
mpdd,0,4,A1_L - A1_J,bracket_white,0.010584404586308535,positive
mpdd,0,4,A1_L - A1_J,connector,0.020680428588846445,positive
mpdd,0,4,A1_L - A1_J,metal_plate,3.0462509239992386e-05,positive
mpdd,0,4,A1_L - A1_J,tubes,0.005670787273254652,positive
mpdd,0,4,A1_L - A1_J,__macro__,0.003941821955133224,positive
mpdd,0,4,TRI_L - TRI_J,bracket_black,-0.011375748788204992,negative
mpdd,0,4,TRI_L - TRI_J,bracket_brown,0.0041426198936296635,positive
mpdd,0,4,TRI_L - TRI_J,bracket_white,0.0270781571144178,positive
mpdd,0,4,TRI_L - TRI_J,connector,0.029531503697022787,positive
mpdd,0,4,TRI_L - TRI_J,metal_plate,0.004209264519491995,positive
mpdd,0,4,TRI_L - TRI_J,tubes,0.013919563503154597,positive
mpdd,0,4,TRI_L - TRI_J,__macro__,0.011250893323251973,positive
mpdd,0,4,BAL_L - BAL_J,bracket_black,-0.01597621806547861,negative
mpdd,0,4,BAL_L - BAL_J,bracket_brown,0.004615908278313791,positive
mpdd,0,4,BAL_L - BAL_J,bracket_white,0.008335100941435039,positive
mpdd,0,4,BAL_L - BAL_J,connector,0.02361661134375681,positive
mpdd,0,4,BAL_L - BAL_J,metal_plate,0.004095962123544572,positive
mpdd,0,4,BAL_L - BAL_J,tubes,0.0183600837223048,positive
mpdd,0,4,BAL_L - BAL_J,__macro__,0.0071745747239794,positive
mpdd,0,4,DUP_L - DUP_J,bracket_black,-0.011092726456036678,negative
mpdd,0,4,DUP_L - DUP_J,bracket_brown,0.0028712429504271775,positive
mpdd,0,4,DUP_L - DUP_J,bracket_white,0.0031839512454246433,positive
mpdd,0,4,DUP_L - DUP_J,connector,0.013717445102658266,positive
mpdd,0,4,DUP_L - DUP_J,metal_plate,-0.0008948227571381473,negative
mpdd,0,4,DUP_L - DUP_J,tubes,0.002782783039526171,positive
mpdd,0,4,DUP_L - DUP_J,__macro__,0.0017613121874769054,positive
mpdd,0,4,DUP_J - A1_J,bracket_black,-0.005280033988790317,negative
mpdd,0,4,DUP_J - A1_J,bracket_brown,0.00268849562699619,positive
mpdd,0,4,DUP_J - A1_J,bracket_white,0.0002766117485964448,positive
mpdd,0,4,DUP_J - A1_J,connector,-0.009030897344738775,negative
mpdd,0,4,DUP_J - A1_J,metal_plate,-0.027025768498331826,negative
mpdd,0,4,DUP_J - A1_J,tubes,-0.01096016004982625,negative
mpdd,0,4,DUP_J - A1_J,__macro__,-0.008221958751015756,negative
mpdd,0,4,TRI_J - DUP_J,bracket_black,0.005602329635245151,positive
mpdd,0,4,TRI_J - DUP_J,bracket_brown,0.0017262919014583572,positive
mpdd,0,4,TRI_J - DUP_J,bracket_white,0.009276726245568842,positive
mpdd,0,4,TRI_J - DUP_J,connector,-0.05572093669198319,negative
mpdd,0,4,TRI_J - DUP_J,metal_plate,0.02843131708778257,positive
mpdd,0,4,TRI_J - DUP_J,tubes,-0.03109270993216029,negative
mpdd,0,4,TRI_J - DUP_J,__macro__,-0.006962830292348093,negative
mpdd,0,4,TRI_L - DUP_L,bracket_black,0.005319307303076837,positive
mpdd,0,4,TRI_L - DUP_L,bracket_brown,0.002997668844660843,positive
mpdd,0,4,TRI_L - DUP_L,bracket_white,0.033170932114562,positive
mpdd,0,4,TRI_L - DUP_L,connector,-0.03990687809761867,negative
mpdd,0,4,TRI_L - DUP_L,metal_plate,0.03353540436441271,positive
mpdd,0,4,TRI_L - DUP_L,tubes,-0.019955929468531863,negative
mpdd,0,4,TRI_L - DUP_L,__macro__,0.0025267508434269766,positive
mpdd,0,4,BAL_J - A1_J,bracket_black,0.0009628976018626612,positive
mpdd,0,4,BAL_J - A1_J,bracket_brown,0.0015581139508778832,positive
mpdd,0,4,BAL_J - A1_J,bracket_white,0.001747743310349631,positive
mpdd,0,4,BAL_J - A1_J,connector,-0.05428603543403043,negative
mpdd,0,4,BAL_J - A1_J,metal_plate,0.021850964104171422,positive
mpdd,0,4,BAL_J - A1_J,tubes,-0.03303380825326785,negative
mpdd,0,4,BAL_J - A1_J,__macro__,-0.010200020786672781,negative
mpdd,0,4,BAL_L - A1_L,bracket_black,0.0018134356514847294,positive
mpdd,0,4,BAL_L - A1_L,bracket_brown,0.0026624173409412755,positive
mpdd,0,4,BAL_L - A1_L,bracket_white,-0.0005015603345238651,negative
mpdd,0,4,BAL_L - A1_L,connector,-0.05134985267912007,negative
mpdd,0,4,BAL_L - A1_L,metal_plate,0.025916463718476,positive
mpdd,0,4,BAL_L - A1_L,tubes,-0.020344511804217702,negative
mpdd,0,4,BAL_L - A1_L,__macro__,-0.006967268017826604,negative
mpdd,0,8,A1_L - A1_J,bracket_black,-0.017189481741349766,negative
mpdd,0,8,A1_L - A1_J,bracket_brown,0.005523579944286289,positive
mpdd,0,8,A1_L - A1_J,bracket_white,0.006752982718204098,positive
mpdd,0,8,A1_L - A1_J,connector,0.0327547138083597,positive
mpdd,0,8,A1_L - A1_J,metal_plate,0.0017891993064689249,positive
mpdd,0,8,A1_L - A1_J,tubes,0.00729139564849135,positive
mpdd,0,8,A1_L - A1_J,__macro__,0.006153731614076767,positive
mpdd,0,8,TRI_L - TRI_J,bracket_black,-0.008504918309873238,negative
mpdd,0,8,TRI_L - TRI_J,bracket_brown,0.004624869005429945,positive
mpdd,0,8,TRI_L - TRI_J,bracket_white,0.02843623965385067,positive
mpdd,0,8,TRI_L - TRI_J,connector,0.05311076225632966,positive
mpdd,0,8,TRI_L - TRI_J,metal_plate,0.004430536173888222,positive
mpdd,0,8,TRI_L - TRI_J,tubes,0.016079867661945357,positive
mpdd,0,8,TRI_L - TRI_J,__macro__,0.01636289274026177,positive
mpdd,0,8,BAL_L - BAL_J,bracket_black,-0.017259024168951004,negative
mpdd,0,8,BAL_L - BAL_J,bracket_brown,0.005174394212195392,positive
mpdd,0,8,BAL_L - BAL_J,bracket_white,0.003425833720633306,positive
mpdd,0,8,BAL_L - BAL_J,connector,0.06359081306835102,positive
mpdd,0,8,BAL_L - BAL_J,metal_plate,0.004947894342060333,positive
mpdd,0,8,BAL_L - BAL_J,tubes,0.019780178291018635,positive
mpdd,0,8,BAL_L - BAL_J,__macro__,0.013276681577551278,positive
mpdd,0,8,DUP_L - DUP_J,bracket_black,-0.00964368867613119,negative
mpdd,0,8,DUP_L - DUP_J,bracket_brown,0.0057462243446476866,positive
mpdd,0,8,DUP_L - DUP_J,bracket_white,0.003688835369455995,positive
mpdd,0,8,DUP_L - DUP_J,connector,0.022972777350137807,positive
mpdd,0,8,DUP_L - DUP_J,metal_plate,-8.063796011370528e-05,negative
mpdd,0,8,DUP_L - DUP_J,tubes,0.0031185951177447047,positive
mpdd,0,8,DUP_L - DUP_J,__macro__,0.004300350924290216,positive
mpdd,0,8,DUP_J - A1_J,bracket_black,-0.0031444007155922438,negative
mpdd,0,8,DUP_J - A1_J,bracket_brown,0.004911113360090293,positive
mpdd,0,8,DUP_J - A1_J,bracket_white,0.01068706098715938,positive
mpdd,0,8,DUP_J - A1_J,connector,-0.018403764131190936,negative
mpdd,0,8,DUP_J - A1_J,metal_plate,-0.024725601891097626,negative
mpdd,0,8,DUP_J - A1_J,tubes,-0.008479659208717183,negative
mpdd,0,8,DUP_J - A1_J,__macro__,-0.006525875266558053,negative
mpdd,0,8,TRI_J - DUP_J,bracket_black,-0.0008767177371458434,negative
mpdd,0,8,TRI_J - DUP_J,bracket_brown,0.00023262822969474795,positive
mpdd,0,8,TRI_J - DUP_J,bracket_white,-0.016472404813966612,negative
mpdd,0,8,TRI_J - DUP_J,connector,-0.0008786167546875334,negative
mpdd,0,8,TRI_J - DUP_J,metal_plate,0.028412343817528662,positive
mpdd,0,8,TRI_J - DUP_J,tubes,-0.031065359301507556,negative
mpdd,0,8,TRI_J - DUP_J,__macro__,-0.0034413544266806892,negative
mpdd,0,8,TRI_L - DUP_L,bracket_black,0.00026205262911210836,positive
mpdd,0,8,TRI_L - DUP_L,bracket_brown,-0.0008887271095229937,negative
mpdd,0,8,TRI_L - DUP_L,bracket_white,0.008274999470428063,positive
mpdd,0,8,TRI_L - DUP_L,connector,0.029259368151504317,positive
mpdd,0,8,TRI_L - DUP_L,metal_plate,0.03292351795153059,positive
mpdd,0,8,TRI_L - DUP_L,tubes,-0.018104086757306903,negative
mpdd,0,8,TRI_L - DUP_L,__macro__,0.008621187389290864,positive
mpdd,0,8,BAL_J - A1_J,bracket_black,-0.00174527678632716,negative
mpdd,0,8,BAL_J - A1_J,bracket_brown,0.0009182154523722091,positive
mpdd,0,8,BAL_J - A1_J,bracket_white,-0.018562982304348996,negative
mpdd,0,8,BAL_J - A1_J,connector,-0.017058618240325507,negative
mpdd,0,8,BAL_J - A1_J,metal_plate,0.02248342223745503,positive
mpdd,0,8,BAL_J - A1_J,tubes,-0.031125609131205434,negative
mpdd,0,8,BAL_J - A1_J,__macro__,-0.00751514146206331,negative
mpdd,0,8,BAL_L - A1_L,bracket_black,-0.001814819213928398,negative
mpdd,0,8,BAL_L - A1_L,bracket_brown,0.0005690297202813124,positive
mpdd,0,8,BAL_L - A1_L,bracket_white,-0.021890131301919788,negative
mpdd,0,8,BAL_L - A1_L,connector,0.013777481019665805,positive
mpdd,0,8,BAL_L - A1_L,metal_plate,0.02564211727304644,positive
mpdd,0,8,BAL_L - A1_L,tubes,-0.01863682648867815,negative
mpdd,0,8,BAL_L - A1_L,__macro__,-0.00039219149858879646,negative
mpdd,1,1,A1_L - A1_J,bracket_black,0.0018036871350613354,positive
mpdd,1,1,A1_L - A1_J,bracket_brown,0.00252925425459425,positive
mpdd,1,1,A1_L - A1_J,bracket_white,0.011023067951786973,positive
mpdd,1,1,A1_L - A1_J,connector,0.013071691323443546,positive
mpdd,1,1,A1_L - A1_J,metal_plate,-0.0018553472954074834,negative
mpdd,1,1,A1_L - A1_J,tubes,0.008449762191685584,positive
mpdd,1,1,A1_L - A1_J,__macro__,0.0058370192601940344,positive
mpdd,1,1,TRI_L - TRI_J,bracket_black,-0.0043629841005613235,negative
mpdd,1,1,TRI_L - TRI_J,bracket_brown,0.0031848731593950227,positive
mpdd,1,1,TRI_L - TRI_J,bracket_white,0.010208950507563458,positive
mpdd,1,1,TRI_L - TRI_J,connector,0.023399406762096175,positive
mpdd,1,1,TRI_L - TRI_J,metal_plate,0.003316359798354429,positive
mpdd,1,1,TRI_L - TRI_J,tubes,0.017465439783550973,positive
mpdd,1,1,TRI_L - TRI_J,__macro__,0.00886867431839979,positive
mpdd,1,1,BAL_L - BAL_J,bracket_black,-0.004423418768897763,negative
mpdd,1,1,BAL_L - BAL_J,bracket_brown,0.003947021725428171,positive
mpdd,1,1,BAL_L - BAL_J,bracket_white,0.00950551549372966,positive
mpdd,1,1,BAL_L - BAL_J,connector,0.02833876384100331,positive
mpdd,1,1,BAL_L - BAL_J,metal_plate,0.0017833965654521222,positive
mpdd,1,1,BAL_L - BAL_J,tubes,0.023380774507596458,positive
mpdd,1,1,BAL_L - BAL_J,__macro__,0.010422008894051994,positive
mpdd,1,1,DUP_L - DUP_J,bracket_black,0.00020618276973349836,positive
mpdd,1,1,DUP_L - DUP_J,bracket_brown,0.0017574657102586502,positive
mpdd,1,1,DUP_L - DUP_J,bracket_white,0.016663863550847202,positive
mpdd,1,1,DUP_L - DUP_J,connector,0.004663471299622246,positive
mpdd,1,1,DUP_L - DUP_J,metal_plate,-0.0011453524742237597,negative
mpdd,1,1,DUP_L - DUP_J,tubes,0.0045834257280626955,positive
mpdd,1,1,DUP_L - DUP_J,__macro__,0.0044548427640500885,positive
mpdd,1,1,DUP_J - A1_J,bracket_black,0.015669988906835977,positive
mpdd,1,1,DUP_J - A1_J,bracket_brown,0.0007767695445266079,positive
mpdd,1,1,DUP_J - A1_J,bracket_white,0.008167794585040085,positive
mpdd,1,1,DUP_J - A1_J,connector,-0.018039101851835992,negative
mpdd,1,1,DUP_J - A1_J,metal_plate,-0.026203603609703974,negative
mpdd,1,1,DUP_J - A1_J,tubes,-0.009982547286689125,negative
mpdd,1,1,DUP_J - A1_J,__macro__,-0.004935116618637737,negative
mpdd,1,1,TRI_J - DUP_J,bracket_black,0.0008562899294734527,positive
mpdd,1,1,TRI_J - DUP_J,bracket_brown,0.007424265512019287,positive
mpdd,1,1,TRI_J - DUP_J,bracket_white,-0.007230436468373874,negative
mpdd,1,1,TRI_J - DUP_J,connector,0.008422420315778001,positive
mpdd,1,1,TRI_J - DUP_J,metal_plate,0.02409959109561155,positive
mpdd,1,1,TRI_J - DUP_J,tubes,-0.04373043615581895,negative
mpdd,1,1,TRI_J - DUP_J,__macro__,-0.0016930509618850894,negative
mpdd,1,1,TRI_L - DUP_L,bracket_black,-0.003712876940821369,negative
mpdd,1,1,TRI_L - DUP_L,bracket_brown,0.00885167296115566,positive
mpdd,1,1,TRI_L - DUP_L,bracket_white,-0.013685349511657618,negative
mpdd,1,1,TRI_L - DUP_L,connector,0.02715835577825193,positive
mpdd,1,1,TRI_L - DUP_L,metal_plate,0.02856130336818974,positive
mpdd,1,1,TRI_L - DUP_L,tubes,-0.030848422100330675,negative
mpdd,1,1,TRI_L - DUP_L,__macro__,0.002720780592464611,positive
mpdd,1,1,BAL_J - A1_J,bracket_black,-0.0002673440932452892,negative
mpdd,1,1,BAL_J - A1_J,bracket_brown,0.005473729535931726,positive
mpdd,1,1,BAL_J - A1_J,bracket_white,-0.005305112472263368,negative
mpdd,1,1,BAL_J - A1_J,connector,0.007394619075215603,positive
mpdd,1,1,BAL_J - A1_J,metal_plate,0.019106044755648144,positive
mpdd,1,1,BAL_J - A1_J,tubes,-0.042749739505641315,negative
mpdd,1,1,BAL_J - A1_J,__macro__,-0.0027246337840590835,negative
mpdd,1,1,BAL_L - A1_L,bracket_black,-0.006494449997204388,negative
mpdd,1,1,BAL_L - A1_L,bracket_brown,0.006891497006765647,positive
mpdd,1,1,BAL_L - A1_L,bracket_white,-0.006822664930320681,negative
mpdd,1,1,BAL_L - A1_L,connector,0.022661691592775368,positive
mpdd,1,1,BAL_L - A1_L,metal_plate,0.02274478861650775,positive
mpdd,1,1,BAL_L - A1_L,tubes,-0.02781872718973044,negative
mpdd,1,1,BAL_L - A1_L,__macro__,0.0018603558497988758,positive
mpdd,1,2,A1_L - A1_J,bracket_black,0.0032281445517476914,positive
mpdd,1,2,A1_L - A1_J,bracket_brown,0.0029007978540005544,positive
mpdd,1,2,A1_L - A1_J,bracket_white,0.0016314228235904324,positive
mpdd,1,2,A1_L - A1_J,connector,0.02522988420801453,positive
mpdd,1,2,A1_L - A1_J,metal_plate,0.0005304024688482789,positive
mpdd,1,2,A1_L - A1_J,tubes,0.006833583881918237,positive
mpdd,1,2,A1_L - A1_J,__macro__,0.006725705964686621,positive
mpdd,1,2,TRI_L - TRI_J,bracket_black,0.004924741997520743,positive
mpdd,1,2,TRI_L - TRI_J,bracket_brown,0.0023726764012330717,positive
mpdd,1,2,TRI_L - TRI_J,bracket_white,0.011496674177709498,positive
mpdd,1,2,TRI_L - TRI_J,connector,0.030907744813847948,positive
mpdd,1,2,TRI_L - TRI_J,metal_plate,0.00535967241335622,positive
mpdd,1,2,TRI_L - TRI_J,tubes,0.014338132165054196,positive
mpdd,1,2,TRI_L - TRI_J,__macro__,0.011566606994786946,positive
mpdd,1,2,BAL_L - BAL_J,bracket_black,0.005202529481976317,positive
mpdd,1,2,BAL_L - BAL_J,bracket_brown,0.0024654192550833953,positive
mpdd,1,2,BAL_L - BAL_J,bracket_white,0.00885301933901278,positive
mpdd,1,2,BAL_L - BAL_J,connector,0.038230582152534665,positive
mpdd,1,2,BAL_L - BAL_J,metal_plate,0.004927992782807755,positive
mpdd,1,2,BAL_L - BAL_J,tubes,0.017253177449220947,positive
mpdd,1,2,BAL_L - BAL_J,__macro__,0.012822120076772643,positive
mpdd,1,2,DUP_L - DUP_J,bracket_black,0.004892436724321034,positive
mpdd,1,2,DUP_L - DUP_J,bracket_brown,0.002203577583977684,positive
mpdd,1,2,DUP_L - DUP_J,bracket_white,0.006568947392685133,positive
mpdd,1,2,DUP_L - DUP_J,connector,0.012881021542141435,positive
mpdd,1,2,DUP_L - DUP_J,metal_plate,-0.0007035322125900079,negative
mpdd,1,2,DUP_L - DUP_J,tubes,0.003143080129583864,positive
mpdd,1,2,DUP_L - DUP_J,__macro__,0.004830921860019857,positive
mpdd,1,2,DUP_J - A1_J,bracket_black,0.007831253562831514,positive
mpdd,1,2,DUP_J - A1_J,bracket_brown,0.0007391471727532933,positive
mpdd,1,2,DUP_J - A1_J,bracket_white,-0.006389777277351169,negative
mpdd,1,2,DUP_J - A1_J,connector,-0.003330821606012946,negative
mpdd,1,2,DUP_J - A1_J,metal_plate,-0.027447623302132018,negative
mpdd,1,2,DUP_J - A1_J,tubes,-0.00986571537994041,negative
mpdd,1,2,DUP_J - A1_J,__macro__,-0.006410589471641956,negative
mpdd,1,2,TRI_J - DUP_J,bracket_black,0.005422629509567192,positive
mpdd,1,2,TRI_J - DUP_J,bracket_brown,0.0036416631418917655,positive
mpdd,1,2,TRI_J - DUP_J,bracket_white,-0.000939569132592355,negative
mpdd,1,2,TRI_J - DUP_J,connector,-0.038239551465863,negative
mpdd,1,2,TRI_J - DUP_J,metal_plate,0.029058123712606077,positive
mpdd,1,2,TRI_J - DUP_J,tubes,-0.0386978018780626,negative
mpdd,1,2,TRI_J - DUP_J,__macro__,-0.006625751018742153,negative
mpdd,1,2,TRI_L - DUP_L,bracket_black,0.0054549347827669015,positive
mpdd,1,2,TRI_L - DUP_L,bracket_brown,0.0038107619591471534,positive
mpdd,1,2,TRI_L - DUP_L,bracket_white,0.00398815765243201,positive
mpdd,1,2,TRI_L - DUP_L,connector,-0.020212828194156485,negative
mpdd,1,2,TRI_L - DUP_L,metal_plate,0.035121328338552305,positive
mpdd,1,2,TRI_L - DUP_L,tubes,-0.027502749842592267,negative
mpdd,1,2,TRI_L - DUP_L,__macro__,0.00010993411602493637,positive
mpdd,1,2,BAL_J - A1_J,bracket_black,0.007379600675853207,positive
mpdd,1,2,BAL_J - A1_J,bracket_brown,0.0028754986059856616,positive
mpdd,1,2,BAL_J - A1_J,bracket_white,-0.0033499535678079076,negative
mpdd,1,2,BAL_J - A1_J,connector,-0.047532384422039664,negative
mpdd,1,2,BAL_J - A1_J,metal_plate,0.023416671677296552,positive
mpdd,1,2,BAL_J - A1_J,tubes,-0.03688207162215906,negative
mpdd,1,2,BAL_J - A1_J,__macro__,-0.009015439775478536,negative
mpdd,1,2,BAL_L - A1_L,bracket_black,0.009353985606081833,positive
mpdd,1,2,BAL_L - A1_L,bracket_brown,0.0024401200070685025,positive
mpdd,1,2,BAL_L - A1_L,bracket_white,0.00387164294761444,positive
mpdd,1,2,BAL_L - A1_L,connector,-0.03453168647751953,negative
mpdd,1,2,BAL_L - A1_L,metal_plate,0.02781426199125603,positive
mpdd,1,2,BAL_L - A1_L,tubes,-0.026462478054856353,negative
mpdd,1,2,BAL_L - A1_L,__macro__,-0.0029190256633925132,negative
mpdd,1,4,A1_L - A1_J,bracket_black,5.7035642576183654e-05,positive
mpdd,1,4,A1_L - A1_J,bracket_brown,0.00574594867256515,positive
mpdd,1,4,A1_L - A1_J,bracket_white,-0.01172231612769195,negative
mpdd,1,4,A1_L - A1_J,connector,0.039974935934206646,positive
mpdd,1,4,A1_L - A1_J,metal_plate,0.0008346038622019103,positive
mpdd,1,4,A1_L - A1_J,tubes,0.007812492656654735,positive
mpdd,1,4,A1_L - A1_J,__macro__,0.007117116773418779,positive
mpdd,1,4,TRI_L - TRI_J,bracket_black,0.0026258683913924913,positive
mpdd,1,4,TRI_L - TRI_J,bracket_brown,0.008101581673628858,positive
mpdd,1,4,TRI_L - TRI_J,bracket_white,0.008091259055324762,positive
mpdd,1,4,TRI_L - TRI_J,connector,0.06426584181638095,positive
mpdd,1,4,TRI_L - TRI_J,metal_plate,0.005238128273106102,positive
mpdd,1,4,TRI_L - TRI_J,tubes,0.011790690078971822,positive
mpdd,1,4,TRI_L - TRI_J,__macro__,0.016685561548134165,positive
mpdd,1,4,BAL_L - BAL_J,bracket_black,-0.0020137451656989658,negative
mpdd,1,4,BAL_L - BAL_J,bracket_brown,0.007856083698006645,positive
mpdd,1,4,BAL_L - BAL_J,bracket_white,0.0009579097882968235,positive
mpdd,1,4,BAL_L - BAL_J,connector,0.0795191267896137,positive
mpdd,1,4,BAL_L - BAL_J,metal_plate,0.005144961618926858,positive
mpdd,1,4,BAL_L - BAL_J,tubes,0.014847675681702976,positive
mpdd,1,4,BAL_L - BAL_J,__macro__,0.01771866873514134,positive
mpdd,1,4,DUP_L - DUP_J,bracket_black,-0.002903465122822871,negative
mpdd,1,4,DUP_L - DUP_J,bracket_brown,0.003981056410492206,positive
mpdd,1,4,DUP_L - DUP_J,bracket_white,-0.002015686730283295,negative
mpdd,1,4,DUP_L - DUP_J,connector,0.021131513862864548,positive
mpdd,1,4,DUP_L - DUP_J,metal_plate,-6.527327887140277e-05,negative
mpdd,1,4,DUP_L - DUP_J,tubes,0.003341696112556858,positive
mpdd,1,4,DUP_L - DUP_J,__macro__,0.003911640208989341,positive
mpdd,1,4,DUP_J - A1_J,bracket_black,0.0012913623363487031,positive
mpdd,1,4,DUP_J - A1_J,bracket_brown,0.00534397500468229,positive
mpdd,1,4,DUP_J - A1_J,bracket_white,-0.028298512145726207,negative
mpdd,1,4,DUP_J - A1_J,connector,-0.003093879304745528,negative
mpdd,1,4,DUP_J - A1_J,metal_plate,-0.023678402765182738,negative
mpdd,1,4,DUP_J - A1_J,tubes,-0.009780780802495892,negative
mpdd,1,4,DUP_J - A1_J,__macro__,-0.009702706279519895,negative
mpdd,1,4,TRI_J - DUP_J,bracket_black,0.0015114973469081971,positive
mpdd,1,4,TRI_J - DUP_J,bracket_brown,-0.0016266533838078523,negative
mpdd,1,4,TRI_J - DUP_J,bracket_white,0.008315528871102484,positive
mpdd,1,4,TRI_J - DUP_J,connector,-0.026627466691053814,negative
mpdd,1,4,TRI_J - DUP_J,metal_plate,0.02722953217704016,positive
mpdd,1,4,TRI_J - DUP_J,tubes,-0.03136365184415224,negative
mpdd,1,4,TRI_J - DUP_J,__macro__,-0.003760202253993844,negative
mpdd,1,4,TRI_L - DUP_L,bracket_black,0.007040830861123559,positive
mpdd,1,4,TRI_L - DUP_L,bracket_brown,0.002493871879328799,positive
mpdd,1,4,TRI_L - DUP_L,bracket_white,0.01842247465671054,positive
mpdd,1,4,TRI_L - DUP_L,connector,0.01650686126246259,positive
mpdd,1,4,TRI_L - DUP_L,metal_plate,0.032532933729017666,positive
mpdd,1,4,TRI_L - DUP_L,tubes,-0.022914657877737277,negative
mpdd,1,4,TRI_L - DUP_L,__macro__,0.00901371908515098,positive
mpdd,1,4,BAL_J - A1_J,bracket_black,0.010442134666769035,positive
mpdd,1,4,BAL_J - A1_J,bracket_brown,-0.0017006965264154406,negative
mpdd,1,4,BAL_J - A1_J,bracket_white,-0.018340387907983535,negative
mpdd,1,4,BAL_J - A1_J,connector,-0.02974249876227597,negative
mpdd,1,4,BAL_J - A1_J,metal_plate,0.021523406803554468,positive
mpdd,1,4,BAL_J - A1_J,tubes,-0.030949259926159267,negative
mpdd,1,4,BAL_J - A1_J,__macro__,-0.008127883608751786,negative
mpdd,1,4,BAL_L - A1_L,bracket_black,0.008371353858493885,positive
mpdd,1,4,BAL_L - A1_L,bracket_brown,0.00040943849902605467,positive
mpdd,1,4,BAL_L - A1_L,bracket_white,-0.005660161991994761,negative
mpdd,1,4,BAL_L - A1_L,connector,0.009801692093131087,positive
mpdd,1,4,BAL_L - A1_L,metal_plate,0.025833764560279415,positive
mpdd,1,4,BAL_L - A1_L,tubes,-0.023914076901111025,negative
mpdd,1,4,BAL_L - A1_L,__macro__,0.002473668352970776,positive
mpdd,1,8,A1_L - A1_J,bracket_black,-0.010662954483860704,negative
mpdd,1,8,A1_L - A1_J,bracket_brown,0.012321415740915567,positive
mpdd,1,8,A1_L - A1_J,bracket_white,-0.005641949342049174,negative
mpdd,1,8,A1_L - A1_J,connector,0.03266133598002702,positive
mpdd,1,8,A1_L - A1_J,metal_plate,-0.00021840739666723064,negative
mpdd,1,8,A1_L - A1_J,tubes,0.00805164519496171,positive
mpdd,1,8,A1_L - A1_J,__macro__,0.006085180948887864,positive
mpdd,1,8,TRI_L - TRI_J,bracket_black,-0.0003405694031659856,negative
mpdd,1,8,TRI_L - TRI_J,bracket_brown,0.013705974424200504,positive
mpdd,1,8,TRI_L - TRI_J,bracket_white,-0.021213846996438634,negative
mpdd,1,8,TRI_L - TRI_J,connector,0.05349109916310407,positive
mpdd,1,8,TRI_L - TRI_J,metal_plate,0.00444505314721777,positive
mpdd,1,8,TRI_L - TRI_J,tubes,0.012656113442985784,positive
mpdd,1,8,TRI_L - TRI_J,__macro__,0.010457303962983918,positive
mpdd,1,8,BAL_L - BAL_J,bracket_black,-0.0009546476683676697,negative
mpdd,1,8,BAL_L - BAL_J,bracket_brown,0.015170729700698632,positive
mpdd,1,8,BAL_L - BAL_J,bracket_white,-0.007297716358443923,negative
mpdd,1,8,BAL_L - BAL_J,connector,0.06255092618711083,positive
mpdd,1,8,BAL_L - BAL_J,metal_plate,0.003994433427679689,positive
mpdd,1,8,BAL_L - BAL_J,tubes,0.018844259057489432,positive
mpdd,1,8,BAL_L - BAL_J,__macro__,0.0153846640576945,positive
mpdd,1,8,DUP_L - DUP_J,bracket_black,-0.00897059739558613,negative
mpdd,1,8,DUP_L - DUP_J,bracket_brown,0.008129264728975044,positive
mpdd,1,8,DUP_L - DUP_J,bracket_white,-0.0014711788005176418,negative
mpdd,1,8,DUP_L - DUP_J,connector,0.014930955195880946,positive
mpdd,1,8,DUP_L - DUP_J,metal_plate,-0.0007287070232181447,negative
mpdd,1,8,DUP_L - DUP_J,tubes,0.002736261630847836,positive
mpdd,1,8,DUP_L - DUP_J,__macro__,0.002437666389396985,positive
mpdd,1,8,DUP_J - A1_J,bracket_black,-0.002257001499156183,negative
mpdd,1,8,DUP_J - A1_J,bracket_brown,0.009149417918081576,positive
mpdd,1,8,DUP_J - A1_J,bracket_white,-0.002769196487279524,negative
mpdd,1,8,DUP_J - A1_J,connector,-0.00679735971134926,negative
mpdd,1,8,DUP_J - A1_J,metal_plate,-0.021727322192419907,negative
mpdd,1,8,DUP_J - A1_J,tubes,-0.008228418683265737,negative
mpdd,1,8,DUP_J - A1_J,__macro__,-0.005438313442564839,negative
mpdd,1,8,TRI_J - DUP_J,bracket_black,-0.012159869116765226,negative
mpdd,1,8,TRI_J - DUP_J,bracket_brown,-0.005569830270975448,negative
mpdd,1,8,TRI_J - DUP_J,bracket_white,0.06099070750324148,positive
mpdd,1,8,TRI_J - DUP_J,connector,-0.030095259937189922,negative
mpdd,1,8,TRI_J - DUP_J,metal_plate,0.024792272716516517,positive
mpdd,1,8,TRI_J - DUP_J,tubes,-0.030372525811217632,negative
mpdd,1,8,TRI_J - DUP_J,__macro__,0.0012642491806016283,positive
mpdd,1,8,TRI_L - DUP_L,bracket_black,-0.0035298411243450817,negative
mpdd,1,8,TRI_L - DUP_L,bracket_brown,6.879424250011423e-06,positive
mpdd,1,8,TRI_L - DUP_L,bracket_white,0.04124803930732049,positive
mpdd,1,8,TRI_L - DUP_L,connector,0.008464884030033204,positive
mpdd,1,8,TRI_L - DUP_L,metal_plate,0.02996603288695243,positive
mpdd,1,8,TRI_L - DUP_L,tubes,-0.020452673999079685,negative
mpdd,1,8,TRI_L - DUP_L,__macro__,0.009283886754188562,positive
mpdd,1,8,BAL_J - A1_J,bracket_black,-0.009305682624481365,negative
mpdd,1,8,BAL_J - A1_J,bracket_brown,-0.00638213048279325,negative
mpdd,1,8,BAL_J - A1_J,bracket_white,0.03324126990489279,positive
mpdd,1,8,BAL_J - A1_J,connector,-0.03168951965120259,negative
mpdd,1,8,BAL_J - A1_J,metal_plate,0.0200048120368157,positive
mpdd,1,8,BAL_J - A1_J,tubes,-0.032261668500336516,negative
mpdd,1,8,BAL_J - A1_J,__macro__,-0.004398819886184205,negative
mpdd,1,8,BAL_L - A1_L,bracket_black,0.000402624191011669,positive
mpdd,1,8,BAL_L - A1_L,bracket_brown,-0.003532816523010185,negative
mpdd,1,8,BAL_L - A1_L,bracket_white,0.03158550288849804,positive
mpdd,1,8,BAL_L - A1_L,connector,-0.0017999294441187752,negative
mpdd,1,8,BAL_L - A1_L,metal_plate,0.02421765286116262,positive
mpdd,1,8,BAL_L - A1_L,tubes,-0.021469054637808793,negative
mpdd,1,8,BAL_L - A1_L,__macro__,0.00490066322262243,positive
mpdd,2,1,A1_L - A1_J,bracket_black,-5.2671504268052456e-05,negative
mpdd,2,1,A1_L - A1_J,bracket_brown,0.0015546267544631273,positive
mpdd,2,1,A1_L - A1_J,bracket_white,0.019266510623099406,positive
mpdd,2,1,A1_L - A1_J,connector,0.008307412161490696,positive
mpdd,2,1,A1_L - A1_J,metal_plate,-0.005309923238579928,negative
mpdd,2,1,A1_L - A1_J,tubes,0.011984301232646266,positive
mpdd,2,1,A1_L - A1_J,__macro__,0.005958376004808585,positive
mpdd,2,1,TRI_L - TRI_J,bracket_black,2.2688377061853837e-05,positive
mpdd,2,1,TRI_L - TRI_J,bracket_brown,0.0015954592091103614,positive
mpdd,2,1,TRI_L - TRI_J,bracket_white,0.008037679786396981,positive
mpdd,2,1,TRI_L - TRI_J,connector,0.016112428591126132,positive
mpdd,2,1,TRI_L - TRI_J,metal_plate,0.0024891759075414965,positive
mpdd,2,1,TRI_L - TRI_J,tubes,0.01682378918670746,positive
mpdd,2,1,TRI_L - TRI_J,__macro__,0.007513536842990714,positive
mpdd,2,1,BAL_L - BAL_J,bracket_black,-4.644347467068228e-05,negative
mpdd,2,1,BAL_L - BAL_J,bracket_brown,0.001755612225315055,positive
mpdd,2,1,BAL_L - BAL_J,bracket_white,0.0063955983722844695,positive
mpdd,2,1,BAL_L - BAL_J,connector,0.01873825500257656,positive
mpdd,2,1,BAL_L - BAL_J,metal_plate,0.0010257090066182473,positive
mpdd,2,1,BAL_L - BAL_J,tubes,0.023196781555465673,positive
mpdd,2,1,BAL_L - BAL_J,__macro__,0.008510918781264887,positive
mpdd,2,1,DUP_L - DUP_J,bracket_black,-3.5312072102196626e-06,negative
mpdd,2,1,DUP_L - DUP_J,bracket_brown,0.001008517356102502,positive
mpdd,2,1,DUP_L - DUP_J,bracket_white,0.01402359361595508,positive
mpdd,2,1,DUP_L - DUP_J,connector,0.0058238249411241005,positive
mpdd,2,1,DUP_L - DUP_J,metal_plate,-0.005998080368125547,negative
mpdd,2,1,DUP_L - DUP_J,tubes,0.005557607880187665,positive
mpdd,2,1,DUP_L - DUP_J,__macro__,0.0034019887030055968,positive
mpdd,2,1,DUP_J - A1_J,bracket_black,-1.5743728431603585e-05,negative
mpdd,2,1,DUP_J - A1_J,bracket_brown,0.0014522288519252802,positive
mpdd,2,1,DUP_J - A1_J,bracket_white,0.004817623135583773,positive
mpdd,2,1,DUP_J - A1_J,connector,-0.009930751958059342,negative
mpdd,2,1,DUP_J - A1_J,metal_plate,-0.0445359982189768,negative
mpdd,2,1,DUP_J - A1_J,tubes,-0.012638175233580462,negative
mpdd,2,1,DUP_J - A1_J,__macro__,-0.010141802858589859,negative
mpdd,2,1,TRI_J - DUP_J,bracket_black,2.1332164444908853e-05,positive
mpdd,2,1,TRI_J - DUP_J,bracket_brown,0.004908096005658273,positive
mpdd,2,1,TRI_J - DUP_J,bracket_white,-0.004627654164980552,negative
mpdd,2,1,TRI_J - DUP_J,connector,-0.016181630198415536,negative
mpdd,2,1,TRI_J - DUP_J,metal_plate,0.031839077514130065,positive
mpdd,2,1,TRI_J - DUP_J,tubes,-0.03155992790642681,negative
mpdd,2,1,TRI_J - DUP_J,__macro__,-0.002600117764264942,negative
mpdd,2,1,TRI_L - DUP_L,bracket_black,4.755174871698235e-05,positive
mpdd,2,1,TRI_L - DUP_L,bracket_brown,0.0054950378586661325,positive
mpdd,2,1,TRI_L - DUP_L,bracket_white,-0.01061356799453865,negative
mpdd,2,1,TRI_L - DUP_L,connector,-0.005893026548413505,negative
mpdd,2,1,TRI_L - DUP_L,metal_plate,0.04032633378979711,positive
mpdd,2,1,TRI_L - DUP_L,tubes,-0.020293746599907014,negative
mpdd,2,1,TRI_L - DUP_L,__macro__,0.001511430375720176,positive
mpdd,2,1,BAL_J - A1_J,bracket_black,3.117561392136387e-05,positive
mpdd,2,1,BAL_J - A1_J,bracket_brown,0.003961329493851834,positive
mpdd,2,1,BAL_J - A1_J,bracket_white,0.0006394123728276635,positive
mpdd,2,1,BAL_J - A1_J,connector,-0.01371809077070868,negative
mpdd,2,1,BAL_J - A1_J,metal_plate,0.025645844756640446,positive
mpdd,2,1,BAL_J - A1_J,tubes,-0.030746444850539012,negative
mpdd,2,1,BAL_J - A1_J,__macro__,-0.002364462230667731,negative
mpdd,2,1,BAL_L - A1_L,bracket_black,3.740364351873405e-05,positive
mpdd,2,1,BAL_L - A1_L,bracket_brown,0.004162314964703762,positive
mpdd,2,1,BAL_L - A1_L,bracket_white,-0.012231499877987273,negative
mpdd,2,1,BAL_L - A1_L,connector,-0.0032872479296228163,negative
mpdd,2,1,BAL_L - A1_L,metal_plate,0.03198147700183862,positive
mpdd,2,1,BAL_L - A1_L,tubes,-0.019533964527719605,negative
mpdd,2,1,BAL_L - A1_L,__macro__,0.0001880805457885702,positive
mpdd,2,2,A1_L - A1_J,bracket_black,-0.002895947300280942,negative
mpdd,2,2,A1_L - A1_J,bracket_brown,0.0025270697482890556,positive
mpdd,2,2,A1_L - A1_J,bracket_white,0.004024298868453638,positive
mpdd,2,2,A1_L - A1_J,connector,0.023331650958128336,positive
mpdd,2,2,A1_L - A1_J,metal_plate,-0.005346164509730245,negative
mpdd,2,2,A1_L - A1_J,tubes,0.007425739495458661,positive
mpdd,2,2,A1_L - A1_J,__macro__,0.004844441210053084,positive
mpdd,2,2,TRI_L - TRI_J,bracket_black,-0.0009974058564533317,negative
mpdd,2,2,TRI_L - TRI_J,bracket_brown,0.0028669440505353153,positive
mpdd,2,2,TRI_L - TRI_J,bracket_white,0.012120907112235485,positive
mpdd,2,2,TRI_L - TRI_J,connector,0.019539238769554546,positive
mpdd,2,2,TRI_L - TRI_J,metal_plate,0.007329670356499229,positive
mpdd,2,2,TRI_L - TRI_J,tubes,0.016584250714724358,positive
mpdd,2,2,TRI_L - TRI_J,__macro__,0.0095739341911826,positive
mpdd,2,2,BAL_L - BAL_J,bracket_black,-0.0006724333846550197,negative
mpdd,2,2,BAL_L - BAL_J,bracket_brown,0.0033521102837855976,positive
mpdd,2,2,BAL_L - BAL_J,bracket_white,0.016437175933904827,positive
mpdd,2,2,BAL_L - BAL_J,connector,0.024648143971448933,positive
mpdd,2,2,BAL_L - BAL_J,metal_plate,0.004488941702049498,positive
mpdd,2,2,BAL_L - BAL_J,tubes,0.02059812220330315,positive
mpdd,2,2,BAL_L - BAL_J,__macro__,0.011475343451639497,positive
mpdd,2,2,DUP_L - DUP_J,bracket_black,-0.005830062808017601,negative
mpdd,2,2,DUP_L - DUP_J,bracket_brown,0.0016366115668345824,positive
mpdd,2,2,DUP_L - DUP_J,bracket_white,-0.0006726633153772144,negative
mpdd,2,2,DUP_L - DUP_J,connector,0.015470431270466434,positive
mpdd,2,2,DUP_L - DUP_J,metal_plate,-0.005864952068773133,negative
mpdd,2,2,DUP_L - DUP_J,tubes,0.0033320103657399347,positive
mpdd,2,2,DUP_L - DUP_J,__macro__,0.0013452291684788338,positive
mpdd,2,2,DUP_J - A1_J,bracket_black,0.017471151273577606,positive
mpdd,2,2,DUP_J - A1_J,bracket_brown,0.0006513903484461417,positive
mpdd,2,2,DUP_J - A1_J,bracket_white,-0.009349763707439715,negative
mpdd,2,2,DUP_J - A1_J,connector,-0.021543752221695522,negative
mpdd,2,2,DUP_J - A1_J,metal_plate,-0.04097260370015565,negative
mpdd,2,2,DUP_J - A1_J,tubes,-0.012456881464350866,negative
mpdd,2,2,DUP_J - A1_J,__macro__,-0.011033409911936335,negative
mpdd,2,2,TRI_J - DUP_J,bracket_black,-0.019352471985554617,negative
mpdd,2,2,TRI_J - DUP_J,bracket_brown,0.005853174170976749,positive
mpdd,2,2,TRI_J - DUP_J,bracket_white,-0.01030559407158925,negative
mpdd,2,2,TRI_J - DUP_J,connector,-0.0034073458961026426,negative
mpdd,2,2,TRI_J - DUP_J,metal_plate,0.027173821722092706,positive
mpdd,2,2,TRI_J - DUP_J,tubes,-0.03834203960052318,negative
mpdd,2,2,TRI_J - DUP_J,__macro__,-0.006396742610116707,negative
mpdd,2,2,TRI_L - DUP_L,bracket_black,-0.014519815033990347,negative
mpdd,2,2,TRI_L - DUP_L,bracket_brown,0.007083506654677482,positive
mpdd,2,2,TRI_L - DUP_L,bracket_white,0.0024879763560234497,positive
mpdd,2,2,TRI_L - DUP_L,connector,0.0006614616029854692,positive
mpdd,2,2,TRI_L - DUP_L,metal_plate,0.04036844414736507,positive
mpdd,2,2,TRI_L - DUP_L,tubes,-0.025089799251538758,negative
mpdd,2,2,TRI_L - DUP_L,__macro__,0.0018319624125870612,positive
mpdd,2,2,BAL_J - A1_J,bracket_black,-0.008271668958207065,negative
mpdd,2,2,BAL_J - A1_J,bracket_brown,0.004677411731679106,positive
mpdd,2,2,BAL_J - A1_J,bracket_white,-0.0051433292647008605,negative
mpdd,2,2,BAL_J - A1_J,connector,-0.0017981287619561193,negative
mpdd,2,2,BAL_J - A1_J,metal_plate,0.02031816315316337,positive
mpdd,2,2,BAL_J - A1_J,tubes,-0.038008117061298696,negative
mpdd,2,2,BAL_J - A1_J,__macro__,-0.004704278193553377,negative
mpdd,2,2,BAL_L - A1_L,bracket_black,-0.006048155042581143,negative
mpdd,2,2,BAL_L - A1_L,bracket_brown,0.005502452267175648,positive
mpdd,2,2,BAL_L - A1_L,bracket_white,0.007269547800750328,positive
mpdd,2,2,BAL_L - A1_L,connector,-0.0004816357486355227,negative
mpdd,2,2,BAL_L - A1_L,metal_plate,0.030153269364943114,positive
mpdd,2,2,BAL_L - A1_L,tubes,-0.02483573435345421,negative
mpdd,2,2,BAL_L - A1_L,__macro__,0.0019266240480330353,positive
mpdd,2,4,A1_L - A1_J,bracket_black,-0.005954748270925986,negative
mpdd,2,4,A1_L - A1_J,bracket_brown,0.004648573404559098,positive
mpdd,2,4,A1_L - A1_J,bracket_white,0.0025647797063054756,positive
mpdd,2,4,A1_L - A1_J,connector,0.03195942128719825,positive
mpdd,2,4,A1_L - A1_J,metal_plate,0.0025613800023006617,positive
mpdd,2,4,A1_L - A1_J,tubes,0.006967490247629438,positive
mpdd,2,4,A1_L - A1_J,__macro__,0.007124482729511157,positive
mpdd,2,4,TRI_L - TRI_J,bracket_black,0.0012944158348256463,positive
mpdd,2,4,TRI_L - TRI_J,bracket_brown,0.0031006157289323807,positive
mpdd,2,4,TRI_L - TRI_J,bracket_white,0.010614707550211072,positive
mpdd,2,4,TRI_L - TRI_J,connector,0.02906706677367371,positive
mpdd,2,4,TRI_L - TRI_J,metal_plate,0.0061853936025753065,positive
mpdd,2,4,TRI_L - TRI_J,tubes,0.011904547046409197,positive
mpdd,2,4,TRI_L - TRI_J,__macro__,0.010361124422771218,positive
mpdd,2,4,BAL_L - BAL_J,bracket_black,-0.004271970915384338,negative
mpdd,2,4,BAL_L - BAL_J,bracket_brown,0.004709330737628414,positive
mpdd,2,4,BAL_L - BAL_J,bracket_white,0.014991647426533417,positive
mpdd,2,4,BAL_L - BAL_J,connector,0.039898970011038315,positive
mpdd,2,4,BAL_L - BAL_J,metal_plate,0.005533288300366479,positive
mpdd,2,4,BAL_L - BAL_J,tubes,0.01566380950776458,positive
mpdd,2,4,BAL_L - BAL_J,__macro__,0.012754179177991145,positive
mpdd,2,4,DUP_L - DUP_J,bracket_black,-0.007499792165224228,negative
mpdd,2,4,DUP_L - DUP_J,bracket_brown,0.0031770076081047566,positive
mpdd,2,4,DUP_L - DUP_J,bracket_white,0.00038627557591598694,positive
mpdd,2,4,DUP_L - DUP_J,connector,0.022896278841543383,positive
mpdd,2,4,DUP_L - DUP_J,metal_plate,0.001967630850973401,positive
mpdd,2,4,DUP_L - DUP_J,tubes,0.002565146740933777,positive
mpdd,2,4,DUP_L - DUP_J,__macro__,0.003915424575374513,positive
mpdd,2,4,DUP_J - A1_J,bracket_black,0.002141468827312115,positive
mpdd,2,4,DUP_J - A1_J,bracket_brown,0.00721108040908406,positive
mpdd,2,4,DUP_J - A1_J,bracket_white,-0.016236238725849977,negative
mpdd,2,4,DUP_J - A1_J,connector,-0.022075145518112016,negative
mpdd,2,4,DUP_J - A1_J,metal_plate,-0.021225763932435804,negative
mpdd,2,4,DUP_J - A1_J,tubes,-0.006938235399597814,negative
mpdd,2,4,DUP_J - A1_J,__macro__,-0.009520472389933239,negative
mpdd,2,4,TRI_J - DUP_J,bracket_black,-0.0024883984703926443,negative
mpdd,2,4,TRI_J - DUP_J,bracket_brown,-0.002917220951747672,negative
mpdd,2,4,TRI_J - DUP_J,bracket_white,0.03289030904863352,positive
mpdd,2,4,TRI_J - DUP_J,connector,0.0057332480581061,positive
mpdd,2,4,TRI_J - DUP_J,metal_plate,0.021977127061661328,positive
mpdd,2,4,TRI_J - DUP_J,tubes,-0.03948747236374517,negative
mpdd,2,4,TRI_J - DUP_J,__macro__,0.0026179320637525773,positive
mpdd,2,4,TRI_L - DUP_L,bracket_black,0.00630580952965723,positive
mpdd,2,4,TRI_L - DUP_L,bracket_brown,-0.0029936128309200477,negative
mpdd,2,4,TRI_L - DUP_L,bracket_white,0.043118741022928606,positive
mpdd,2,4,TRI_L - DUP_L,connector,0.011904035990236428,positive
mpdd,2,4,TRI_L - DUP_L,metal_plate,0.026194889813263234,positive
mpdd,2,4,TRI_L - DUP_L,tubes,-0.030148072058269748,negative
mpdd,2,4,TRI_L - DUP_L,__macro__,0.009063631911149284,positive
mpdd,2,4,BAL_J - A1_J,bracket_black,0.002625500771680972,positive
mpdd,2,4,BAL_J - A1_J,bracket_brown,-0.0015272626755281765,negative
mpdd,2,4,BAL_J - A1_J,bracket_white,0.002220864525508043,positive
mpdd,2,4,BAL_J - A1_J,connector,-0.003983122219036017,negative
mpdd,2,4,BAL_J - A1_J,metal_plate,0.017772375387014705,positive
mpdd,2,4,BAL_J - A1_J,tubes,-0.0394355694022378,negative
mpdd,2,4,BAL_J - A1_J,__macro__,-0.0037212022687663792,negative
mpdd,2,4,BAL_L - A1_L,bracket_black,0.00430827812722262,positive
mpdd,2,4,BAL_L - A1_L,bracket_brown,-0.0014665053424588598,negative
mpdd,2,4,BAL_L - A1_L,bracket_white,0.014647732245735984,positive
mpdd,2,4,BAL_L - A1_L,connector,0.003956426504804045,positive
mpdd,2,4,BAL_L - A1_L,metal_plate,0.020744283685080522,positive
mpdd,2,4,BAL_L - A1_L,tubes,-0.03073925014210266,negative
mpdd,2,4,BAL_L - A1_L,__macro__,0.0019084941797136087,positive
mpdd,2,8,A1_L - A1_J,bracket_black,-0.008950387022007983,negative
mpdd,2,8,A1_L - A1_J,bracket_brown,0.00873455681246331,positive
mpdd,2,8,A1_L - A1_J,bracket_white,0.010814919272459422,positive
mpdd,2,8,A1_L - A1_J,connector,0.04526672095707929,positive
mpdd,2,8,A1_L - A1_J,metal_plate,0.0012435176155425332,positive
mpdd,2,8,A1_L - A1_J,tubes,0.008144354528911935,positive
mpdd,2,8,A1_L - A1_J,__macro__,0.01087561369407475,positive
mpdd,2,8,TRI_L - TRI_J,bracket_black,-0.001166125354250508,negative
mpdd,2,8,TRI_L - TRI_J,bracket_brown,0.006397805283765587,positive
mpdd,2,8,TRI_L - TRI_J,bracket_white,0.01770942881427956,positive
mpdd,2,8,TRI_L - TRI_J,connector,0.05728256522599939,positive
mpdd,2,8,TRI_L - TRI_J,metal_plate,0.004519172949157935,positive
mpdd,2,8,TRI_L - TRI_J,tubes,0.01326387690428632,positive
mpdd,2,8,TRI_L - TRI_J,__macro__,0.016334453970539713,positive
mpdd,2,8,BAL_L - BAL_J,bracket_black,-0.002319829591985345,negative
mpdd,2,8,BAL_L - BAL_J,bracket_brown,0.007800066762867791,positive
mpdd,2,8,BAL_L - BAL_J,bracket_white,0.01728633581889588,positive
mpdd,2,8,BAL_L - BAL_J,connector,0.0659900040579926,positive
mpdd,2,8,BAL_L - BAL_J,metal_plate,0.004643559378897599,positive
mpdd,2,8,BAL_L - BAL_J,tubes,0.016661208027909602,positive
mpdd,2,8,BAL_L - BAL_J,__macro__,0.018343557409096354,positive
mpdd,2,8,DUP_L - DUP_J,bracket_black,-0.007706130038330816,negative
mpdd,2,8,DUP_L - DUP_J,bracket_brown,0.005637374420513541,positive
mpdd,2,8,DUP_L - DUP_J,bracket_white,0.00814303129020838,positive
mpdd,2,8,DUP_L - DUP_J,connector,0.023419822084085273,positive
mpdd,2,8,DUP_L - DUP_J,metal_plate,-0.0002230301769936549,negative
mpdd,2,8,DUP_L - DUP_J,tubes,0.0033629251535020055,positive
mpdd,2,8,DUP_L - DUP_J,__macro__,0.0054389987888307885,positive
mpdd,2,8,DUP_J - A1_J,bracket_black,-0.004356441735097805,negative
mpdd,2,8,DUP_J - A1_J,bracket_brown,0.005462721419902755,positive
mpdd,2,8,DUP_J - A1_J,bracket_white,0.006181907539404424,positive
mpdd,2,8,DUP_J - A1_J,connector,-0.008439767072864368,negative
mpdd,2,8,DUP_J - A1_J,metal_plate,-0.020773250289006562,negative
mpdd,2,8,DUP_J - A1_J,tubes,-0.0054079063302979735,negative
mpdd,2,8,DUP_J - A1_J,__macro__,-0.0045554560779932545,negative
mpdd,2,8,TRI_J - DUP_J,bracket_black,-0.0004444103903962493,negative
mpdd,2,8,TRI_J - DUP_J,bracket_brown,0.005148443724828325,positive
mpdd,2,8,TRI_J - DUP_J,bracket_white,-0.02834671198046193,negative
mpdd,2,8,TRI_J - DUP_J,connector,0.015264730633755719,positive
mpdd,2,8,TRI_J - DUP_J,metal_plate,0.023814887943510166,positive
mpdd,2,8,TRI_J - DUP_J,tubes,-0.03919058530811681,negative
mpdd,2,8,TRI_J - DUP_J,__macro__,-0.003958940896146797,negative
mpdd,2,8,TRI_L - DUP_L,bracket_black,0.006095594293684059,positive
mpdd,2,8,TRI_L - DUP_L,bracket_brown,0.005908874588080371,positive
mpdd,2,8,TRI_L - DUP_L,bracket_white,-0.01878031445639075,negative
mpdd,2,8,TRI_L - DUP_L,connector,0.04912747377566984,positive
mpdd,2,8,TRI_L - DUP_L,metal_plate,0.028557091069661755,positive
mpdd,2,8,TRI_L - DUP_L,tubes,-0.029289633557332495,negative
mpdd,2,8,TRI_L - DUP_L,__macro__,0.00693651428556213,positive
mpdd,2,8,BAL_J - A1_J,bracket_black,-0.0013976294880963802,negative
mpdd,2,8,BAL_J - A1_J,bracket_brown,0.0036807779092506987,positive
mpdd,2,8,BAL_J - A1_J,bracket_white,-0.0280291065133918,negative
mpdd,2,8,BAL_J - A1_J,connector,0.022914184747649557,positive
mpdd,2,8,BAL_J - A1_J,metal_plate,0.019640650535378557,positive
mpdd,2,8,BAL_J - A1_J,tubes,-0.03807438509625938,negative
mpdd,2,8,BAL_J - A1_J,__macro__,-0.003544251317578124,negative
mpdd,2,8,BAL_L - A1_L,bracket_black,0.0052329279419262575,positive
mpdd,2,8,BAL_L - A1_L,bracket_brown,0.0027462878596551804,positive
mpdd,2,8,BAL_L - A1_L,bracket_white,-0.02155768996695534,negative
mpdd,2,8,BAL_L - A1_L,connector,0.04363746784856287,positive
mpdd,2,8,BAL_L - A1_L,metal_plate,0.023040692298733623,positive
mpdd,2,8,BAL_L - A1_L,tubes,-0.02955753159726171,negative
mpdd,2,8,BAL_L - A1_L,__macro__,0.00392369239744348,positive
